[wisteria] ROOT=/work/gp15/q25030
[wisteria] CODE=/work/gp15/q25030/LatentGraphDiffusion
[wisteria] DATA=/work/gp15/q25030/LatentGraphDiffusion/data
[wisteria] RUNS=/work/gp15/q25030/LatentGraphDiffusion/runs
[wisteria] RESULTS=/work/gp15/q25030/LatentGraphDiffusion/runs (unified with RUNS)
=== LGD Wisteria Job ===
Dataset     : zinc
Mode        : flow
Config      : cfg/my_zinc-flow_baseline.yaml
Checkpoint  : runs/zinc_encoder_20250930_004610/my_zinc-encoder_baseline/0/ckpt/399.ckpt
Repeat      : 1
Max Epoch   : 400
Experiment  : zinc_flow_20250930_141103
Out Dir     : /work/gp15/q25030/LatentGraphDiffusion/runs/zinc_flow_20250930_141103
W&B Name    : zinc_flow_zinc_flow_20250930_141103
Start time  : Tue Sep 30 14:11:03 JST 2025
[wandb] entity='shokuno-the-university-of-tokyo', mode='online'
Env check:
PyTorch: 2.0.1
CUDA available: True
CUDA device count: 8
PyG: 2.3.1
Using encoder checkpoint: runs/zinc_encoder_20250930_004610/my_zinc-encoder_baseline/0/ckpt/399.ckpt
Starting ZINC flow matching training...
Config: cfg/my_zinc-flow_baseline.yaml
Max Epoch: 400
Out dir: /workspace/runs/zinc_flow_20250930_141103
/opt/conda/lib/python3.10/site-packages/lightning_fabric/__init__.py:40: pkg_resources is deprecated as an API. See https://setuptools.pypa.io/en/latest/pkg_resources.html. The pkg_resources package is slated for removal as early as 2025-11-30. Refrain from using this package or pin to Setuptools<81.
Warning: Could not import san2_layer: cannot import name 'negate_edge_index' from 'lgd.utils' (/workspace/lgd/utils/__init__.py)
Warning: Could not import grit_layer: No module named 'opt_einsum'
Warning: Could not import san_layer: cannot import name 'negate_edge_index' from 'lgd.utils' (/workspace/lgd/utils/__init__.py)
WARNING:root:Layers after message passing should be >=1
./datasets/ZINC
[*] Loaded dataset 'subset' from 'PyG-ZINC':
/opt/conda/lib/python3.10/site-packages/torch_geometric/data/in_memory_dataset.py:157: UserWarning: It is not recommended to directly access the internal storage format `data` of an 'InMemoryDataset'. If you are absolutely certain what you are doing, access the internal storage via `InMemoryDataset._data` instead to suppress this warning. Alternatively, you can access stacked individual attributes of every graph via `dataset.{attr_name}`.
  warnings.warn(msg)
  Data(x=[277864, 1], edge_index=[2, 597970], edge_attr=[597970], y=[12000])
  undirected: True
  num graphs: 12000
/opt/conda/lib/python3.10/site-packages/torch_geometric/data/in_memory_dataset.py:157: UserWarning: It is not recommended to directly access the internal storage format `data` of an 'InMemoryDataset'. The data of the dataset is already cached, so any modifications to `data` will not be reflected when accessing its elements. Clearing the cache now by removing all elements in `dataset._data_list`. If you are absolutely certain what you are doing, access the internal storage via `InMemoryDataset._data` instead to suppress this warning. Alternatively, you can access stacked individual attributes of every graph via `dataset.{attr_name}`.
  warnings.warn(msg)
  avg num_nodes/graph: 23
  num node features: 1
  num edge features: 1
  num classes: (appears to be a regression task)
Precomputing Positional Encoding statistics: ['RRWP'] for all graphs...
  ...estimated to be undirected: True
  0%|          | 0/12000 [00:00<?, ?it/s]100%|██████████| 12000/12000 [00:07<00:00, 1524.22it/s]
Done! Took 00:00:08.50
Adding virtual node and edges
  0%|          | 0/12000 [00:00<?, ?it/s]100%|██████████| 12000/12000 [00:06<00:00, 1719.90it/s]
Preprocessing PE
  0%|          | 0/12000 [00:00<?, ?it/s]100%|██████████| 12000/12000 [00:03<00:00, 3695.28it/s]
[*] Run ID 0: seed=0, split_index=0
    Starting now: 2025-09-30 14:11:55.180998
/opt/conda/lib/python3.10/site-packages/torch/nn/init.py:405: UserWarning: Initializing zero-element tensors is a no-op
  warnings.warn("Initializing zero-element tensors is a no-op")
Restored encoder from runs/zinc_encoder_20250930_004610/my_zinc-encoder_baseline/0/ckpt/399.ckpt
Missing Keys: 0, Unexpected Keys: 0
Using first stage also as cond stage.
VelocityWrapper has 0.93 M params.
Keeping EMAs of 434.
LatentFlow(
  (first_stage_model): GraphTransformerEncoder(
    (act): ReLU()
    (node_emb): TypeDictNodeEncoder(
      (encoder): Embedding(27, 36, padding_idx=0)
    )
    (edge_emb): TypeDictEdgeEncoder(
      (encoder): Embedding(14, 36, padding_idx=0)
    )
    (prefix_emb): Embedding(1, 64, padding_idx=0)
    (label_embed_regression): Sequential(
      (0): Linear(in_features=1, out_features=128, bias=True)
      (1): ReLU()
      (2): Linear(in_features=128, out_features=64, bias=True)
      (3): Identity()
      (4): ReLU()
    )
    (label_embed_classification): Embedding(3, 64)
    (posenc_emb): Sequential(
      (0): Identity()
      (1): Linear(in_features=20, out_features=28, bias=True)
    )
    (posenc_emb_edge): Sequential(
      (0): Identity()
      (1): Linear(in_features=20, out_features=28, bias=True)
    )
    (node_in_mlp): Sequential(
      (0): Linear(in_features=64, out_features=128, bias=True)
      (1): ReLU()
      (2): Linear(in_features=128, out_features=64, bias=True)
    )
    (edge_in_mlp): Sequential(
      (0): Linear(in_features=64, out_features=128, bias=True)
      (1): ReLU()
      (2): Linear(in_features=128, out_features=64, bias=True)
    )
    (batch_norm_in_h): BatchNorm1d(64, eps=1e-05, momentum=0.1, affine=True, track_running_stats=True)
    (batch_norm_in_e): BatchNorm1d(64, eps=1e-05, momentum=0.1, affine=True, track_running_stats=True)
    (GTE_layers): ModuleList(
      (0-9): 10 x GraphTransformerEncoderLayer(in_channels=64, out_channels=64, heads=4, residual=True)
      [GraphTransformerEncoderLayer(
        (act): ReLU()
        (attention): GTE_Attention(
          (dropout): Dropout(p=0.5, inplace=False)
          (Q): Linear(in_features=64, out_features=64, bias=True)
          (K): Linear(in_features=64, out_features=64, bias=False)
          (E): Linear(in_features=64, out_features=128, bias=True)
          (V): Linear(in_features=64, out_features=64, bias=False)
          (act): ReLU()
        )
        (mpnn): GINE(
          (dropout): Dropout(p=0.0, inplace=False)
          (act): ReLU()
          (lin_edge): Linear(in_features=64, out_features=64, bias=True)
          (mlp): Sequential(
            (0): Linear(in_features=64, out_features=128, bias=True)
            (1): ReLU()
            (2): Linear(in_features=128, out_features=64, bias=True)
          )
        )
        (temb_proj_h): Linear(in_features=0, out_features=64, bias=True)
        (temb_proj_e): Linear(in_features=0, out_features=64, bias=True)
        (O_h): Linear(in_features=64, out_features=64, bias=True)
        (O_e): Linear(in_features=64, out_features=64, bias=True)
        (batch_norm1_h): BatchNorm1d(64, eps=1e-05, momentum=0.1, affine=True, track_running_stats=True)
        (batch_norm1_e): BatchNorm1d(64, eps=1e-05, momentum=0.1, affine=True, track_running_stats=True)
        (FFN_h_layer1): Linear(in_features=64, out_features=128, bias=True)
        (FFN_h_layer2): Linear(in_features=128, out_features=64, bias=True)
        (FFN_e_layer1): Linear(in_features=64, out_features=128, bias=True)
        (FFN_e_layer2): Linear(in_features=128, out_features=64, bias=True)
        (batch_norm2_h): BatchNorm1d(64, eps=1e-05, momentum=0.1, affine=True, track_running_stats=True)
        (batch_norm2_e): BatchNorm1d(64, eps=1e-05, momentum=0.1, affine=True, track_running_stats=True)
      )]
    )
    (final_layer_node): Sequential(
      (0): Linear(in_features=64, out_features=8, bias=True)
      (1): ReLU()
      (2): Linear(in_features=8, out_features=4, bias=True)
    )
    (final_layer_edge): Sequential(
      (0): Linear(in_features=64, out_features=8, bias=True)
      (1): ReLU()
      (2): Linear(in_features=8, out_features=4, bias=True)
    )
    (graph_out_mlp): Sequential(
      (0): Linear(in_features=4, out_features=8, bias=True)
      (1): ReLU()
      (2): Linear(in_features=8, out_features=4, bias=True)
    )
    (graph_out_mlp_2): Sequential(
      (0): Linear(in_features=4, out_features=8, bias=True)
      (1): ReLU()
      (2): Linear(in_features=8, out_features=4, bias=True)
    )
    (decode_node): Linear(in_features=4, out_features=31, bias=True)
    (decode_edge): Linear(in_features=4, out_features=14, bias=True)
    (decode_graph): Linear(in_features=4, out_features=1, bias=True)
  )
  (cond_stage_model): GraphTransformerEncoder(
    (act): ReLU()
    (node_emb): TypeDictNodeEncoder(
      (encoder): Embedding(27, 36, padding_idx=0)
    )
    (edge_emb): TypeDictEdgeEncoder(
      (encoder): Embedding(14, 36, padding_idx=0)
    )
    (prefix_emb): Embedding(1, 64, padding_idx=0)
    (label_embed_regression): Sequential(
      (0): Linear(in_features=1, out_features=128, bias=True)
      (1): ReLU()
      (2): Linear(in_features=128, out_features=64, bias=True)
      (3): Identity()
      (4): ReLU()
    )
    (label_embed_classification): Embedding(3, 64)
    (posenc_emb): Sequential(
      (0): Identity()
      (1): Linear(in_features=20, out_features=28, bias=True)
    )
    (posenc_emb_edge): Sequential(
      (0): Identity()
      (1): Linear(in_features=20, out_features=28, bias=True)
    )
    (node_in_mlp): Sequential(
      (0): Linear(in_features=64, out_features=128, bias=True)
      (1): ReLU()
      (2): Linear(in_features=128, out_features=64, bias=True)
    )
    (edge_in_mlp): Sequential(
      (0): Linear(in_features=64, out_features=128, bias=True)
      (1): ReLU()
      (2): Linear(in_features=128, out_features=64, bias=True)
    )
    (batch_norm_in_h): BatchNorm1d(64, eps=1e-05, momentum=0.1, affine=True, track_running_stats=True)
    (batch_norm_in_e): BatchNorm1d(64, eps=1e-05, momentum=0.1, affine=True, track_running_stats=True)
    (GTE_layers): ModuleList(
      (0-9): 10 x GraphTransformerEncoderLayer(in_channels=64, out_channels=64, heads=4, residual=True)
      [GraphTransformerEncoderLayer(
        (act): ReLU()
        (attention): GTE_Attention(
          (dropout): Dropout(p=0.5, inplace=False)
          (Q): Linear(in_features=64, out_features=64, bias=True)
          (K): Linear(in_features=64, out_features=64, bias=False)
          (E): Linear(in_features=64, out_features=128, bias=True)
          (V): Linear(in_features=64, out_features=64, bias=False)
          (act): ReLU()
        )
        (mpnn): GINE(
          (dropout): Dropout(p=0.0, inplace=False)
          (act): ReLU()
          (lin_edge): Linear(in_features=64, out_features=64, bias=True)
          (mlp): Sequential(
            (0): Linear(in_features=64, out_features=128, bias=True)
            (1): ReLU()
            (2): Linear(in_features=128, out_features=64, bias=True)
          )
        )
        (temb_proj_h): Linear(in_features=0, out_features=64, bias=True)
        (temb_proj_e): Linear(in_features=0, out_features=64, bias=True)
        (O_h): Linear(in_features=64, out_features=64, bias=True)
        (O_e): Linear(in_features=64, out_features=64, bias=True)
        (batch_norm1_h): BatchNorm1d(64, eps=1e-05, momentum=0.1, affine=True, track_running_stats=True)
        (batch_norm1_e): BatchNorm1d(64, eps=1e-05, momentum=0.1, affine=True, track_running_stats=True)
        (FFN_h_layer1): Linear(in_features=64, out_features=128, bias=True)
        (FFN_h_layer2): Linear(in_features=128, out_features=64, bias=True)
        (FFN_e_layer1): Linear(in_features=64, out_features=128, bias=True)
        (FFN_e_layer2): Linear(in_features=128, out_features=64, bias=True)
        (batch_norm2_h): BatchNorm1d(64, eps=1e-05, momentum=0.1, affine=True, track_running_stats=True)
        (batch_norm2_e): BatchNorm1d(64, eps=1e-05, momentum=0.1, affine=True, track_running_stats=True)
      )]
    )
    (final_layer_node): Sequential(
      (0): Linear(in_features=64, out_features=8, bias=True)
      (1): ReLU()
      (2): Linear(in_features=8, out_features=4, bias=True)
    )
    (final_layer_edge): Sequential(
      (0): Linear(in_features=64, out_features=8, bias=True)
      (1): ReLU()
      (2): Linear(in_features=8, out_features=4, bias=True)
    )
    (graph_out_mlp): Sequential(
      (0): Linear(in_features=4, out_features=8, bias=True)
      (1): ReLU()
      (2): Linear(in_features=8, out_features=4, bias=True)
    )
    (graph_out_mlp_2): Sequential(
      (0): Linear(in_features=4, out_features=8, bias=True)
      (1): ReLU()
      (2): Linear(in_features=8, out_features=4, bias=True)
    )
    (decode_node): Linear(in_features=4, out_features=31, bias=True)
    (decode_edge): Linear(in_features=4, out_features=14, bias=True)
    (decode_graph): Linear(in_features=4, out_features=1, bias=True)
  )
  (model): VelocityWrapper(
    (denoiser): DenoisingTransformer(
      (act): ReLU()
      (node_in_mlp): Sequential(
        (0): Linear(in_features=4, out_features=128, bias=True)
        (1): ReLU()
        (2): Linear(in_features=128, out_features=64, bias=True)
      )
      (edge_in_mlp): Sequential(
        (0): Linear(in_features=4, out_features=128, bias=True)
        (1): ReLU()
        (2): Linear(in_features=128, out_features=64, bias=True)
      )
      (cond_in_mlp): Sequential(
        (0): Linear(in_features=4, out_features=128, bias=True)
        (1): ReLU()
        (2): Linear(in_features=128, out_features=64, bias=True)
        (3): LayerNorm((64,), eps=1e-05, elementwise_affine=True)
        (4): ReLU()
      )
      (cond_in_mlp_2): Sequential(
        (0): Linear(in_features=4, out_features=128, bias=True)
        (1): ReLU()
        (2): Linear(in_features=128, out_features=64, bias=True)
        (3): LayerNorm((64,), eps=1e-05, elementwise_affine=True)
        (4): ReLU()
      )
      (cond_in_mlp_3): Sequential(
        (0): Linear(in_features=4, out_features=128, bias=True)
        (1): ReLU()
        (2): Linear(in_features=128, out_features=64, bias=True)
        (3): LayerNorm((64,), eps=1e-05, elementwise_affine=True)
        (4): ReLU()
      )
      (cond_res_mlp): Sequential(
        (0): Linear(in_features=4, out_features=8, bias=True)
        (1): ReLU()
        (2): Linear(in_features=8, out_features=4, bias=True)
        (3): LayerNorm((4,), eps=1e-05, elementwise_affine=True)
        (4): ReLU()
      )
      (layer_norm_in_h): LayerNorm((64,), eps=1e-05, elementwise_affine=True)
      (layer_norm_in_e): LayerNorm((64,), eps=1e-05, elementwise_affine=True)
      (temb_layer): Sequential(
        (0): Linear(in_features=64, out_features=128, bias=True)
        (1): ReLU()
        (2): Linear(in_features=128, out_features=64, bias=True)
      )
      (denoising_layers): ModuleList(
        (0-3): 4 x DenoisingTransformerLayer(in_channels=64, out_channels=64, heads=8, residual=True)
        [DenoisingTransformerLayer(
          (act): ReLU()
          (cross_attention): Cross_Attention(
            (dropout): Dropout(p=0.25, inplace=False)
            (Q): Linear(in_features=64, out_features=64, bias=True)
            (K): Linear(in_features=64, out_features=64, bias=False)
            (E1): Linear(in_features=64, out_features=64, bias=True)
            (E2): Linear(in_features=64, out_features=64, bias=True)
            (V): Linear(in_features=64, out_features=64, bias=False)
            (H): Linear(in_features=64, out_features=64, bias=True)
            (G1): Linear(in_features=64, out_features=64, bias=True)
            (G2): Linear(in_features=64, out_features=64, bias=True)
            (act): ReLU()
          )
          (attention): GTE_Attention(
            (dropout): Dropout(p=0.25, inplace=False)
            (Q): Linear(in_features=64, out_features=64, bias=True)
            (K): Linear(in_features=64, out_features=64, bias=False)
            (E): Linear(in_features=64, out_features=128, bias=True)
            (V): Linear(in_features=64, out_features=64, bias=False)
            (act): ReLU()
          )
          (temb_proj_h): Linear(in_features=64, out_features=64, bias=True)
          (temb_proj_e): Linear(in_features=64, out_features=64, bias=True)
          (O_h): Linear(in_features=64, out_features=64, bias=True)
          (O_e): Linear(in_features=64, out_features=64, bias=True)
          (O_h2): Linear(in_features=64, out_features=64, bias=True)
          (O_e2): Linear(in_features=64, out_features=64, bias=True)
          (FFN_h_layer1): Linear(in_features=64, out_features=128, bias=True)
          (FFN_h_layer2): Linear(in_features=128, out_features=64, bias=True)
          (FFN_h_layer3): Linear(in_features=64, out_features=128, bias=True)
          (FFN_h_layer4): Linear(in_features=128, out_features=64, bias=True)
          (FFN_e_layer1): Linear(in_features=64, out_features=128, bias=True)
          (FFN_e_layer2): Linear(in_features=128, out_features=64, bias=True)
          (FFN_e_layer3): Linear(in_features=64, out_features=128, bias=True)
          (FFN_e_layer4): Linear(in_features=128, out_features=64, bias=True)
          (layer_norm1_h): LayerNorm((64,), eps=1e-05, elementwise_affine=True)
          (layer_norm1_e): LayerNorm((64,), eps=1e-05, elementwise_affine=True)
          (layer_norm2_h): LayerNorm((64,), eps=1e-05, elementwise_affine=True)
          (layer_norm2_e): LayerNorm((64,), eps=1e-05, elementwise_affine=True)
          (layer_norm3_h): LayerNorm((64,), eps=1e-05, elementwise_affine=True)
          (layer_norm3_e): LayerNorm((64,), eps=1e-05, elementwise_affine=True)
          (layer_norm4_h): LayerNorm((64,), eps=1e-05, elementwise_affine=True)
          (layer_norm4_e): LayerNorm((64,), eps=1e-05, elementwise_affine=True)
        )]
      )
      (self_attn_layers): ModuleList(
        (0-3): 4 x GraphTransformerEncoderLayer(in_channels=64, out_channels=64, heads=8, residual=True)
        [GraphTransformerEncoderLayer(
          (act): ReLU()
          (attention): GTE_Attention(
            (dropout): Dropout(p=0.25, inplace=False)
            (Q): Linear(in_features=64, out_features=64, bias=True)
            (K): Linear(in_features=64, out_features=64, bias=False)
            (E): Linear(in_features=64, out_features=128, bias=True)
            (V): Linear(in_features=64, out_features=64, bias=False)
            (act): ReLU()
          )
          (temb_proj_h): Linear(in_features=64, out_features=64, bias=True)
          (temb_proj_e): Linear(in_features=64, out_features=64, bias=True)
          (O_h): Linear(in_features=64, out_features=64, bias=True)
          (O_e): Linear(in_features=64, out_features=64, bias=True)
          (layer_norm1_h): LayerNorm((64,), eps=1e-05, elementwise_affine=True)
          (layer_norm1_e): LayerNorm((64,), eps=1e-05, elementwise_affine=True)
          (FFN_h_layer1): Linear(in_features=64, out_features=128, bias=True)
          (FFN_h_layer2): Linear(in_features=128, out_features=64, bias=True)
          (FFN_e_layer1): Linear(in_features=64, out_features=128, bias=True)
          (FFN_e_layer2): Linear(in_features=128, out_features=64, bias=True)
          (layer_norm2_h): LayerNorm((64,), eps=1e-05, elementwise_affine=True)
          (layer_norm2_e): LayerNorm((64,), eps=1e-05, elementwise_affine=True)
        )]
      )
      (final_layer_node): Sequential(
        (0): Linear(in_features=64, out_features=8, bias=True)
        (1): ReLU()
        (2): Linear(in_features=8, out_features=4, bias=True)
      )
      (final_layer_edge): Sequential(
        (0): Linear(in_features=64, out_features=8, bias=True)
        (1): ReLU()
        (2): Linear(in_features=8, out_features=4, bias=True)
      )
      (graph_out_mlp): Sequential(
        (0): Linear(in_features=4, out_features=8, bias=True)
        (1): ReLU()
        (2): Linear(in_features=8, out_features=4, bias=True)
      )
      (graph_out_mlp_2): Sequential(
        (0): Linear(in_features=4, out_features=8, bias=True)
        (1): ReLU()
        (2): Linear(in_features=8, out_features=4, bias=True)
      )
    )
  )
  (model_ema): LitEma()
)
accelerator: cuda:0
benchmark: False
bn:
  eps: 1e-05
  mom: 0.1
cfg_dest: config.yaml
cond:
  attn:
    O_e: True
    act: relu
    attn_dropout: 0.0
    batch_norm: True
    bn_momentum: 0.1
    bn_no_runner: False
    clamp: 5.0
    deg_scaler: False
    edge_enhance: True
    full_attn: True
    layer_norm: False
    norm_e: True
    sparse: False
    use: True
    use_bias: False
  batch_norm: True
  bn_momentum: 0.1
  bn_no_runner: False
  edge_encoder_name: TypeDictEdge
  layer_norm: False
  node_encoder_name: TypeDictNode
custom_metrics: []
dataset:
  add_virtual_node_edge: True
  cache_load: False
  cache_save: False
  dir: ./datasets
  edge_dim: 128
  edge_encoder: True
  edge_encoder_bn: False
  edge_encoder_name: TypeDictEdge
  edge_encoder_num_types: 4
  edge_message_ratio: 0.8
  edge_negative_sampling_ratio: 1.0
  edge_train_mode: all
  encoder: True
  encoder_bn: True
  encoder_dim: 128
  encoder_name: db
  format: PyG-ZINC
  label_column: none
  label_table: none
  location: local
  name: subset
  node_encoder: True
  node_encoder_bn: False
  node_encoder_name: TypeDictNode
  node_encoder_num_types: 21
  num_hop: 0
  num_tasks: 1
  remove_feature: False
  resample_disjoint: False
  resample_negative: False
  shuffle_split: True
  slic_compactness: 10
  split: [0.8, 0.1, 0.1]
  split_dir: ./splits
  split_index: 0
  split_mode: standard
  subgraph: False
  task: graph
  task_type: regression
  to_undirected: False
  transductive: False
  transform: none
  tu_simple: True
devices: 1
diffusion:
  conditioning_key: crossattn
  edge_factor: 1.0
  graph_factor: 0.0
dt:
  O_e: True
  act: relu
  attn:
    O_e: True
    act: relu
    attn_dropout: 0.0
    attn_product: mul
    attn_reweight: False
    batch_norm: True
    bn_momentum: 0.1
    bn_no_runner: False
    clamp: 5.0
    deg_scaler: False
    edge_enhance: True
    edge_reweight: False
    full_attn: True
    fwl: False
    layer_norm: False
    norm_e: True
    score_act: True
    signed_sqrt: True
    sparse: False
    use: True
    use_bias: False
  attn_dropout: 0.25
  batch_norm: False
  bn_momentum: 0.1
  bn_no_runner: False
  cond_dim: 4
  condition_list: ['masked_graph']
  dropout: 0.05
  ff_e: False
  ff_e_ca: True
  ff_e_sa: False
  hid_dim: 64
  in_dim: 4
  in_edge_dim: 4
  in_node_dim: 4
  layer_norm: True
  norm_e: True
  num_heads: 8
  num_layers: 4
  out_dim: 4
  pool: add
  pool_edge: True
  pool_vn: False
  post_pool: True
  residual: True
  self_attn: True
  temb_dim: 64
  use_time: True
encoder:
  O_e: True
  act: relu
  attn:
    O_e: True
    act: relu
    attn_dropout: 0.0
    attn_product: mul
    attn_reweight: True
    batch_norm: True
    bn_momentum: 0.1
    bn_no_runner: False
    clamp: 5.0
    deg_scaler: False
    edge_enhance: True
    edge_reweight: True
    full_attn: True
    fwl: False
    layer_norm: False
    norm_e: True
    score_act: True
    signed_sqrt: True
    sparse: False
    use: True
    use_bias: False
  attn_dropout: 0.5
  batch_norm: True
  bn_momentum: 0.1
  bn_no_runner: False
  dropout: 0.0
  edge_encoder: True
  edge_encoder_bn: False
  edge_encoder_name: TypeDictEdge
  edge_encoder_num_types: 4
  ff_e: False
  hid_dim: 64
  in_dim: 36
  label_embed_type: add_virtual
  layer_norm: False
  mpnn:
    act: relu
    dropout: 0.0
    edge_enhance: True
    enable: True
    project_edge: True
  node_encoder: True
  node_encoder_bn: False
  node_encoder_name: TypeDictNode
  node_encoder_num_types: 21
  norm_e: True
  num_heads: 4
  num_layers: 10
  num_task: 1
  out_dim: 4
  pe_raw_norm: None
  pool: add
  pool_edge: True
  pool_vn: False
  posenc_dim: 28
  posenc_in_dim: 20
  posenc_in_dim_edge: 20
  post_pool: True
  prefix_dim: 64
  prefix_type: add_virtual
  residual: True
  task_type: regression
  temb_dim: 0
  type: GraphTransformerEncoder
  update_e: True
  use_time: False
example_arg: example
example_group:
  example_arg: example
flow:
  alpha_fn: linear
  cond_stage_config: __is_first_stage__
  cond_stage_key: masked_graph
  cond_stage_trainable: False
  conditioning_key: crossattn
  edge_factor: 1.0
  ema: True
  first_stage_config: runs/zinc_encoder_20250930_004610/my_zinc-encoder_baseline/0/ckpt/399.ckpt
  first_stage_trainable: False
  force_undirected: False
  graph_factor: 1.0
  hid_dim: 4
  nfe: 50
  node_factor: 1.0
  objective: rectified
  sigma_fn: constant
  sigma_max: 1.0
  sigma_min: 0.01
  solver: heun
  t_weight: none
  task_decode:
    method: ode
    ode_method: euler
    ode_steps: 2
  task_factor: 1.0
  use_graph_latent: True
gnn:
  act: relu
  agg: add
  att_final_linear: False
  att_final_linear_bn: False
  att_heads: 1
  batchnorm: True
  clear_feature: True
  dim_inner: 16
  dropout: 0.0
  head: graph
  keep_edge: 0.5
  l2norm: True
  layer_type: generalconv
  layers_mp: 2
  layers_post_mp: 1
  layers_pre_mp: 0
  msg_direction: single
  normalize_adj: False
  residual: False
  self_msg: concat
  skip_every: 1
  stage_type: stack
gpu_mem: False
gt:
  attn:
    O_e: True
    act: relu
    clamp: 5.0
    deg_scaler: True
    edge_enhance: True
    full_attn: True
    norm_e: True
    sparse: False
    use: True
    use_bias: False
  attn_dropout: 0.0
  batch_norm: True
  bigbird:
    add_cross_attention: False
    attention_type: block_sparse
    block_size: 3
    chunk_size_feed_forward: 0
    hidden_act: relu
    is_decoder: False
    layer_norm_eps: 1e-06
    max_position_embeddings: 128
    num_random_blocks: 3
    use_bias: False
  bn_momentum: 0.1
  bn_no_runner: False
  dim_hidden: 64
  dropout: 0.0
  full_graph: True
  gamma: 1e-05
  layer_norm: False
  layer_type: GritTransformer
  layers: 3
  n_heads: 8
  pna_degrees: []
  residual: True
  update_e: True
mem:
  inplace: False
metric_agg: argmin
metric_best: mae
mlflow:
  name: zinc-flow-baseline
  project: Exp
  use: False
model:
  edge_decoding: dot
  graph_pooling: add
  loss_fun: mse
  match_upper: True
  size_average: mean
  thresh: 0.5
  type: LatentFlow
name_tag: 
num_threads: 6
num_workers: 0
optim:
  base_lr: 0.0001
  batch_accumulation: 1
  clip_grad_norm: True
  lr_decay: 0.1
  max_epoch: 400
  min_lr: 1e-06
  momentum: 0.9
  num_warmup_epochs: 20
  optimizer: adamW
  reduce_factor: 0.1
  schedule_patience: 10
  scheduler: cosine_with_warmup
  steps: [30, 60, 90]
  weight_decay: 1e-05
out_dir: /workspace/runs/zinc_flow_20250930_141103/my_zinc-flow_baseline
posenc_ERE:
  accuracy: 0.1
  dim_pe: 16
  enable: False
  layers: 3
  local: False
  model: none
  n_heads: 4
  pass_as_var: False
  post_layers: 0
  raw_norm_type: none
posenc_ERN:
  accuracy: 0.1
  dim_pe: 16
  enable: False
  er_dim: none
  layers: 3
  local: False
  model: none
  n_heads: 4
  pass_as_var: False
  post_layers: 0
  raw_norm_type: none
posenc_EdgeRWSE:
  dim_pe: 16
  enable: False
  kernel:
    times: []
    times_func: 
  layers: 3
  local: False
  model: none
  n_heads: 4
  pass_as_var: False
  post_layers: 0
  raw_norm_type: none
posenc_ElstaticSE:
  dim_pe: 16
  enable: False
  kernel:
    times: []
    times_func: range(10)
  layers: 3
  local: False
  model: none
  n_heads: 4
  pass_as_var: False
  post_layers: 0
  raw_norm_type: none
posenc_EquivStableLapPE:
  eigen:
    eigvec_norm: L2
    laplacian_norm: sym
    max_freqs: 10
  enable: False
  raw_norm_type: none
posenc_HKdiagSE:
  dim_pe: 16
  enable: False
  kernel:
    times: []
    times_func: 
  layers: 3
  local: False
  model: none
  n_heads: 4
  pass_as_var: False
  post_layers: 0
  raw_norm_type: none
posenc_HodgeLap1PE:
  dim_pe: 16
  eigen:
    eigvec_norm: L2
    laplacian_norm: sym
    max_freqs: 10
  enable: False
  layers: 3
  local: False
  model: none
  n_heads: 4
  pass_as_var: False
  post_layers: 0
  raw_norm_type: none
posenc_InterRWSE:
  dim_pe: 16
  enable: False
  kernel:
    times: []
    times_func: 
  layers: 3
  local: False
  model: none
  n_heads: 4
  pass_as_var: False
  post_layers: 0
  raw_norm_type: none
posenc_LapPE:
  dim_pe: 16
  eigen:
    eigvec_norm: L2
    laplacian_norm: sym
    max_freqs: 10
  enable: False
  layers: 3
  local: False
  model: none
  n_heads: 4
  pass_as_var: False
  post_layers: 0
  raw_norm_type: none
posenc_RD:
  dim_pe: 16
  enable: False
  layers: 3
  local: False
  model: none
  n_heads: 4
  pass_as_var: False
  post_layers: 0
  raw_norm_type: none
posenc_RRWP:
  add_identity: True
  dim_pe: 16
  enable: True
  ksteps: 20
  layers: 3
  local: False
  model: none
  n_heads: 4
  pass_as_var: False
  post_layers: 0
  raw_norm_type: none
  real_emb: True
  spd: False
posenc_RWSE:
  dim_pe: 16
  enable: False
  kernel:
    times: []
    times_func: 
  layers: 3
  local: False
  model: none
  n_heads: 4
  pass_as_var: False
  post_layers: 0
  raw_norm_type: none
posenc_SignNet:
  dim_pe: 16
  eigen:
    eigvec_norm: L2
    laplacian_norm: sym
    max_freqs: 10
  enable: False
  layers: 3
  local: False
  model: none
  n_heads: 4
  pass_as_var: False
  phi_hidden_dim: 64
  phi_out_dim: 4
  post_layers: 0
  raw_norm_type: none
prep:
  add_edge_index: True
  add_reverse_edges: True
  add_self_loops: False
  dist_cutoff: 510
  dist_enable: False
  exp: False
  exp_algorithm: Random-d
  exp_count: 1
  exp_deg: 5
  exp_max_num_iters: 100
  layer_edge_indices_dir: None
  num_virt_node: 0
  train_percent: 0.6
  use_exp_edges: True
pretrained:
  dir: 
  freeze_main: False
  reset_prediction_head: True
print: both
regression_model:
  encoder:
    attn:
      O_e: True
      act: relu
      attn_dropout: 0.0
      batch_norm: True
      bn_momentum: 0.1
      bn_no_runner: False
      clamp: 5.0
      deg_scaler: False
      edge_enhance: True
      full_attn: True
      layer_norm: False
      norm_e: True
      sparse: False
      use: True
      use_bias: False
    batch_norm: True
    bn_momentum: 0.1
    bn_no_runner: False
    edge_encoder_name: TypeDictEdge
    layer_norm: False
    node_encoder_name: TypeDictNode
round: 5
run_dir: /workspace/runs/zinc_flow_20250930_141103/my_zinc-flow_baseline/0
run_id: 0
run_multiple_splits: []
seed: 0
share:
  dim_in: 1
  dim_out: 1
  num_splits: 3
tensorboard_agg: True
tensorboard_each_run: False
train:
  auto_resume: False
  batch_size: 256
  ckpt_best: True
  ckpt_clean: True
  ckpt_period: 50
  early_stop: False
  enable_ckpt: True
  ensemble_mode: none
  ensemble_repeat: 1
  epoch_resume: -1
  eval_period: 10
  iter_per_epoch: 32
  mode: train_diffusion
  neighbor_sizes: [20, 15, 10, 5]
  node_per_graph: 32
  pretrain:
    atom_bond_only: True
    edge_factor: 0.0
    graph_factor: 1.0
    input_target: True
    mask_edge_prob: 0.0
    mask_label_prob: 0.5
    mask_node_prob: 0.0
    node_factor: 0.0
    original_task: True
    recon: none
  radius: extend
  sample_node: False
  sampler: full_batch
  skip_train_eval: False
  start_eval_epoch: -1
  walk_length: 4
val:
  node_per_graph: 32
  radius: extend
  sample_node: False
  sampler: full_batch
view_emb: False
wandb:
  entity: shokuno-the-university-of-tokyo
  name: zinc_flow_zinc_flow_20250930_141103
  project: LGFM-ZINC-Flow
  use: True
Num parameters: 1823862
Start from epoch 0
wandb: Using wandb-core as the SDK backend.  Please refer to https://wandb.me/wandb-core for more information.
wandb: Currently logged in as: shokuno (shokuno-the-university-of-tokyo). Use `wandb login --relogin` to force relogin
wandb: Tracking run with wandb version 0.18.7
wandb: Run data is saved locally in /workspace/wandb/run-20250930_141203-o0mffyy3
wandb: Run `wandb offline` to turn off syncing.
wandb: Syncing run zinc_flow_zinc_flow_20250930_141103
wandb: ⭐️ View project at https://wandb.ai/shokuno-the-university-of-tokyo/LGFM-ZINC-Flow
wandb: 🚀 View run at https://wandb.ai/shokuno-the-university-of-tokyo/LGFM-ZINC-Flow/runs/o0mffyy3
Key encoder.pe_raw_norm with value <class 'NoneType'> is not a valid type; valid types: {<class 'float'>, <class 'list'>, <class 'tuple'>, <class 'bool'>, <class 'int'>, <class 'str'>}
Key prep.layer_edge_indices_dir with value <class 'NoneType'> is not a valid type; valid types: {<class 'float'>, <class 'list'>, <class 'tuple'>, <class 'bool'>, <class 'int'>, <class 'str'>}
train: {'epoch': 0, 'time_epoch': 26.01456, 'eta': 10379.8082, 'eta_hours': 2.88328, 'loss': 2109.21580469, 'lr': 0.0, 'params': 1823862, 'time_iter': 0.65036, 'mae': 18.45001, 'r2': -94.42001, 'spearmanr': 0.31715, 'mse': 385.82095, 'rmse': 19.64233, 'loss_node': 6.566337441253662, 'loss_edge': 2.155459921836853, 'loss_graph': 1714.673069921875, 'loss_task': 385.8209482910156, 'loss_encoder': 0.0}
...computing epoch stats took: 0.04s
Inference: Switched to EMA weights
Inference: Restored training weights
Inference: Switched to EMA weights
Inference: Restored training weights
Inference: Switched to EMA weights
Inference: Restored training weights
Inference: Switched to EMA weights
Inference: Restored training weights
val: {'epoch': 0, 'time_epoch': 28.87825, 'loss': 410.56559668, 'lr': 0, 'params': 1823862, 'time_iter': 7.21956, 'mae': 19.05618, 'r2': -103.2374, 'spearmanr': 0.35281, 'mse': 410.56558, 'rmse': 20.26242}
...computing epoch stats took: 0.00s
Inference: Switched to EMA weights
Inference: Restored training weights
Inference: Switched to EMA weights
Inference: Restored training weights
Inference: Switched to EMA weights
Inference: Restored training weights
Inference: Switched to EMA weights
Inference: Restored training weights
test: {'epoch': 0, 'time_epoch': 28.96445, 'loss': 414.71494043, 'lr': 0, 'params': 1823862, 'time_iter': 7.24111, 'mae': 19.18732, 'r2': -100.93815, 'spearmanr': 0.37154, 'mse': 414.71494, 'rmse': 20.36455}
...computing epoch stats took: 0.00s
> Epoch 0: took 83.9s (avg 83.9s) | Best so far: epoch 0	train_loss: 2109.2158 train_mae: 18.4500	val_loss: 410.5656 val_mae: 19.0562	test_loss: 414.7149 test_mae: 19.1873
train: {'epoch': 1, 'time_epoch': 18.91907, 'eta': 8941.79118, 'eta_hours': 2.48383, 'loss': 710.7254416, 'lr': 5e-06, 'params': 1823862, 'time_iter': 0.47298, 'mae': 8.77796, 'r2': -29.37779, 'spearmanr': 0.18751, 'mse': 122.82946, 'rmse': 11.08285, 'loss_node': 6.53853448638916, 'loss_edge': 2.102066491699219, 'loss_graph': 579.2553822265625, 'loss_task': 122.82946393432617, 'loss_encoder': 0.0}
...computing epoch stats took: 0.00s
train: {'epoch': 2, 'time_epoch': 18.90201, 'eta': 8447.58248, 'eta_hours': 2.34655, 'loss': 89.36309541, 'lr': 1e-05, 'params': 1823862, 'time_iter': 0.47255, 'mae': 1.87322, 'r2': -0.41304, 'spearmanr': 0.76259, 'mse': 5.71346, 'rmse': 2.39029, 'loss_node': 6.532040654754638, 'loss_edge': 2.0448686235427855, 'loss_graph': 75.0727228088379, 'loss_task': 5.71346265296936, 'loss_encoder': 0.0}
...computing epoch stats took: 0.01s
train: {'epoch': 3, 'time_epoch': 19.08012, 'eta': 8208.66027, 'eta_hours': 2.28018, 'loss': 72.49045255, 'lr': 1.5e-05, 'params': 1823862, 'time_iter': 0.477, 'mae': 1.22603, 'r2': 0.14074, 'spearmanr': 0.67947, 'mse': 3.47434, 'rmse': 1.86396, 'loss_node': 6.582002959442138, 'loss_edge': 2.055496085548401, 'loss_graph': 60.37861021728516, 'loss_task': 3.474343472671509, 'loss_encoder': 0.0}
train: {'epoch': 4, 'time_epoch': 18.9006, 'eta': 8043.49225, 'eta_hours': 2.2343, 'loss': 62.93233334, 'lr': 2e-05, 'params': 1823862, 'time_iter': 0.47251, 'mae': 1.03504, 'r2': 0.28808, 'spearmanr': 0.78142, 'mse': 2.87857, 'rmse': 1.69663, 'loss_node': 6.65568360748291, 'loss_edge': 2.056079243659973, 'loss_graph': 51.34200041503906, 'loss_task': 2.878569159698486, 'loss_encoder': 0.0}
train: {'epoch': 5, 'time_epoch': 18.88312, 'eta': 7925.93229, 'eta_hours': 2.20165, 'loss': 56.56432827, 'lr': 2.5e-05, 'params': 1823862, 'time_iter': 0.47208, 'mae': 0.94327, 'r2': 0.39375, 'spearmanr': 0.83162, 'mse': 2.4513, 'rmse': 1.56566, 'loss_node': 6.839312297058106, 'loss_edge': 2.074912533187866, 'loss_graph': 45.198803869628904, 'loss_task': 2.4512997528076172, 'loss_encoder': 0.0}
train: {'epoch': 6, 'time_epoch': 18.9007, 'eta': 7837.55254, 'eta_hours': 2.1771, 'loss': 53.51138359, 'lr': 3e-05, 'params': 1823862, 'time_iter': 0.47252, 'mae': 0.91199, 'r2': 0.44375, 'spearmanr': 0.84128, 'mse': 2.24915, 'rmse': 1.49972, 'loss_node': 6.993785758972168, 'loss_edge': 2.080751296424866, 'loss_graph': 42.187691548156735, 'loss_task': 2.2491549350738524, 'loss_encoder': 0.0}
train: {'epoch': 7, 'time_epoch': 18.90952, 'eta': 7766.97472, 'eta_hours': 2.15749, 'loss': 51.52221729, 'lr': 3.5e-05, 'params': 1823862, 'time_iter': 0.47274, 'mae': 0.96198, 'r2': 0.41877, 'spearmanr': 0.81662, 'mse': 2.35014, 'rmse': 1.53302, 'loss_node': 7.083799552154541, 'loss_edge': 2.086345216560364, 'loss_graph': 40.001934722900394, 'loss_task': 2.3501377311706544, 'loss_encoder': 0.0}
train: {'epoch': 8, 'time_epoch': 19.36739, 'eta': 7727.77072, 'eta_hours': 2.1466, 'loss': 49.72561879, 'lr': 4e-05, 'params': 1823862, 'time_iter': 0.48418, 'mae': 1.01684, 'r2': 0.3456, 'spearmanr': 0.77078, 'mse': 2.64599, 'rmse': 1.62665, 'loss_node': 7.207039985656738, 'loss_edge': 2.0955406873703004, 'loss_graph': 37.7770466293335, 'loss_task': 2.645991570186615, 'loss_encoder': 0.0}
train: {'epoch': 9, 'time_epoch': 18.86658, 'eta': 7673.00251, 'eta_hours': 2.13139, 'loss': 47.36657136, 'lr': 4.5e-05, 'params': 1823862, 'time_iter': 0.47166, 'mae': 1.0086, 'r2': 0.33879, 'spearmanr': 0.77212, 'mse': 2.67353, 'rmse': 1.63509, 'loss_node': 7.2417621978759765, 'loss_edge': 2.121741362190247, 'loss_graph': 35.32953762817383, 'loss_task': 2.673530418395996, 'loss_encoder': 0.0}
Inference: Switched to EMA weights
Inference: Restored training weights
Inference: Switched to EMA weights
Inference: Restored training weights
Inference: Switched to EMA weights
Inference: Restored training weights
Inference: Switched to EMA weights
Inference: Restored training weights
val: {'epoch': 9, 'time_epoch': 28.70151, 'loss': 2.45593047, 'lr': 0, 'params': 1823862, 'time_iter': 7.17538, 'mae': 0.93525, 'r2': 0.37647, 'spearmanr': 0.81095, 'mse': 2.45593, 'rmse': 1.56714}
Inference: Switched to EMA weights
Inference: Restored training weights
Inference: Switched to EMA weights
Inference: Restored training weights
Inference: Switched to EMA weights
Inference: Restored training weights
Inference: Switched to EMA weights
Inference: Restored training weights
test: {'epoch': 9, 'time_epoch': 28.7791, 'loss': 2.37989375, 'lr': 0, 'params': 1823862, 'time_iter': 7.19477, 'mae': 0.97142, 'r2': 0.41502, 'spearmanr': 0.82676, 'mse': 2.37989, 'rmse': 1.54269}
> Epoch 9: took 76.4s (avg 31.2s) | Best so far: epoch 9	train_loss: 47.3666 train_mae: 1.0086	val_loss: 2.4559 val_mae: 0.9353	test_loss: 2.3799 test_mae: 0.9714
train: {'epoch': 10, 'time_epoch': 18.90205, 'eta': 7626.01623, 'eta_hours': 2.11834, 'loss': 45.05746354, 'lr': 5e-05, 'params': 1823862, 'time_iter': 0.47255, 'mae': 0.95855, 'r2': 0.3575, 'spearmanr': 0.80305, 'mse': 2.59786, 'rmse': 1.61179, 'loss_node': 7.198038158416748, 'loss_edge': 2.114815210342407, 'loss_graph': 33.146745218658445, 'loss_task': 2.5978650005340578, 'loss_encoder': 0.0}
train: {'epoch': 11, 'time_epoch': 18.87929, 'eta': 7582.97486, 'eta_hours': 2.10638, 'loss': 42.6990261, 'lr': 5.5e-05, 'params': 1823862, 'time_iter': 0.47198, 'mae': 0.92744, 'r2': 0.3659, 'spearmanr': 0.81604, 'mse': 2.56392, 'rmse': 1.60123, 'loss_node': 7.186840972900391, 'loss_edge': 2.1211386280059816, 'loss_graph': 30.827125410461427, 'loss_task': 2.563921317100525, 'loss_encoder': 0.0}
train: {'epoch': 12, 'time_epoch': 18.88019, 'eta': 7543.67752, 'eta_hours': 2.09547, 'loss': 40.47261788, 'lr': 6e-05, 'params': 1823862, 'time_iter': 0.472, 'mae': 0.90169, 'r2': 0.39453, 'spearmanr': 0.83603, 'mse': 2.44816, 'rmse': 1.56466, 'loss_node': 7.178972369384765, 'loss_edge': 2.124797821044922, 'loss_graph': 28.720687377166747, 'loss_task': 2.4481597878456114, 'loss_encoder': 0.0}
train: {'epoch': 13, 'time_epoch': 18.92058, 'eta': 7508.41033, 'eta_hours': 2.08567, 'loss': 38.4954669, 'lr': 6.5e-05, 'params': 1823862, 'time_iter': 0.47301, 'mae': 0.85806, 'r2': 0.42216, 'spearmanr': 0.85235, 'mse': 2.33643, 'rmse': 1.52854, 'loss_node': 7.180507205963135, 'loss_edge': 2.1259823053359987, 'loss_graph': 26.85254366760254, 'loss_task': 2.336433478927612, 'loss_encoder': 0.0}
train: {'epoch': 14, 'time_epoch': 18.89625, 'eta': 7474.69833, 'eta_hours': 2.07631, 'loss': 35.58309563, 'lr': 7e-05, 'params': 1823862, 'time_iter': 0.47241, 'mae': 0.7968, 'r2': 0.45052, 'spearmanr': 0.8713, 'mse': 2.22178, 'rmse': 1.49056, 'loss_node': 7.114212722015381, 'loss_edge': 2.130296662521362, 'loss_graph': 24.11680520248413, 'loss_task': 2.2217810234069826, 'loss_encoder': 0.0}
train: {'epoch': 15, 'time_epoch': 18.8812, 'eta': 7442.47718, 'eta_hours': 2.06735, 'loss': 32.5509584, 'lr': 7.5e-05, 'params': 1823862, 'time_iter': 0.47203, 'mae': 0.75243, 'r2': 0.48718, 'spearmanr': 0.88601, 'mse': 2.07353, 'rmse': 1.43997, 'loss_node': 7.029235599517822, 'loss_edge': 2.1234019706726075, 'loss_graph': 21.32479454498291, 'loss_task': 2.0735264669418334, 'loss_encoder': 0.0}
train: {'epoch': 16, 'time_epoch': 18.92432, 'eta': 7412.79682, 'eta_hours': 2.05911, 'loss': 29.65213212, 'lr': 8e-05, 'params': 1823862, 'time_iter': 0.47311, 'mae': 0.66647, 'r2': 0.54562, 'spearmanr': 0.90791, 'mse': 1.83724, 'rmse': 1.35545, 'loss_node': 6.9612505027771, 'loss_edge': 2.1303306564331055, 'loss_graph': 18.723306587219238, 'loss_task': 1.8372443535804748, 'loss_encoder': 0.0}
train: {'epoch': 17, 'time_epoch': 18.91013, 'eta': 7384.01055, 'eta_hours': 2.05111, 'loss': 27.58296467, 'lr': 8.5e-05, 'params': 1823862, 'time_iter': 0.47275, 'mae': 0.63075, 'r2': 0.5902, 'spearmanr': 0.91814, 'mse': 1.65698, 'rmse': 1.28724, 'loss_node': 6.896583950805664, 'loss_edge': 2.1453640098571776, 'loss_graph': 16.884035976409912, 'loss_task': 1.6569810178756714, 'loss_encoder': 0.0}
train: {'epoch': 18, 'time_epoch': 18.90037, 'eta': 7356.06809, 'eta_hours': 2.04335, 'loss': 25.77476714, 'lr': 9e-05, 'params': 1823862, 'time_iter': 0.47251, 'mae': 0.59991, 'r2': 0.60838, 'spearmanr': 0.92548, 'mse': 1.58346, 'rmse': 1.25836, 'loss_node': 6.838834250640869, 'loss_edge': 2.129053130722046, 'loss_graph': 15.223418976593017, 'loss_task': 1.5834606597900391, 'loss_encoder': 0.0}
train: {'epoch': 19, 'time_epoch': 18.90599, 'eta': 7329.13655, 'eta_hours': 2.03587, 'loss': 24.66960788, 'lr': 9.5e-05, 'params': 1823862, 'time_iter': 0.47265, 'mae': 0.63081, 'r2': 0.6096, 'spearmanr': 0.91334, 'mse': 1.57855, 'rmse': 1.2564, 'loss_node': 6.790063775634765, 'loss_edge': 2.1197472478866577, 'loss_graph': 14.181249626159667, 'loss_task': 1.5785473539352417, 'loss_encoder': 0.0}
Inference: Switched to EMA weights
Inference: Restored training weights
Inference: Switched to EMA weights
Inference: Restored training weights
Inference: Switched to EMA weights
Inference: Restored training weights
Inference: Switched to EMA weights
Inference: Restored training weights
val: {'epoch': 19, 'time_epoch': 28.68814, 'loss': 1.57335455, 'lr': 0, 'params': 1823862, 'time_iter': 7.17204, 'mae': 0.57795, 'r2': 0.60055, 'spearmanr': 0.94004, 'mse': 1.57335, 'rmse': 1.25433}
Inference: Switched to EMA weights
Inference: Restored training weights
Inference: Switched to EMA weights
Inference: Restored training weights
Inference: Switched to EMA weights
Inference: Restored training weights
Inference: Switched to EMA weights
Inference: Restored training weights
test: {'epoch': 19, 'time_epoch': 28.75772, 'loss': 1.46278645, 'lr': 0, 'params': 1823862, 'time_iter': 7.18943, 'mae': 0.64049, 'r2': 0.64044, 'spearmanr': 0.93055, 'mse': 1.46279, 'rmse': 1.20946}
> Epoch 19: took 76.4s (avg 27.9s) | Best so far: epoch 19	train_loss: 24.6696 train_mae: 0.6308	val_loss: 1.5734 val_mae: 0.5779	test_loss: 1.4628 test_mae: 0.6405
train: {'epoch': 20, 'time_epoch': 18.95232, 'eta': 7303.80558, 'eta_hours': 2.02883, 'loss': 23.57053155, 'lr': 0.0001, 'params': 1823862, 'time_iter': 0.47381, 'mae': 0.58532, 'r2': 0.64778, 'spearmanr': 0.93044, 'mse': 1.42416, 'rmse': 1.19338, 'loss_node': 6.760479431915283, 'loss_edge': 2.117862089538574, 'loss_graph': 13.268027135849, 'loss_task': 1.424162914609909, 'loss_encoder': 0.0}
train: {'epoch': 21, 'time_epoch': 18.87709, 'eta': 7277.76187, 'eta_hours': 2.0216, 'loss': 21.93134639, 'lr': 0.0001, 'params': 1823862, 'time_iter': 0.47193, 'mae': 0.53614, 'r2': 0.694, 'spearmanr': 0.94015, 'mse': 1.23729, 'rmse': 1.11234, 'loss_node': 6.718982804870605, 'loss_edge': 2.1088987630844116, 'loss_graph': 11.866171894836425, 'loss_task': 1.2372932293891907, 'loss_encoder': 0.0}
train: {'epoch': 22, 'time_epoch': 18.85636, 'eta': 7252.00151, 'eta_hours': 2.01444, 'loss': 20.96513873, 'lr': 9.999e-05, 'params': 1823862, 'time_iter': 0.47141, 'mae': 0.54033, 'r2': 0.70143, 'spearmanr': 0.9385, 'mse': 1.20723, 'rmse': 1.09874, 'loss_node': 6.6777334335327145, 'loss_edge': 2.1118254247665407, 'loss_graph': 10.968347547912598, 'loss_task': 1.2072322732925416, 'loss_encoder': 0.0}
train: {'epoch': 23, 'time_epoch': 18.92282, 'eta': 7227.85766, 'eta_hours': 2.00774, 'loss': 20.33079837, 'lr': 9.998e-05, 'params': 1823862, 'time_iter': 0.47307, 'mae': 0.53868, 'r2': 0.71496, 'spearmanr': 0.93668, 'mse': 1.15252, 'rmse': 1.07356, 'loss_node': 6.641262114715576, 'loss_edge': 2.1095558727264403, 'loss_graph': 10.427457113647462, 'loss_task': 1.1525233974456788, 'loss_encoder': 0.0}
train: {'epoch': 24, 'time_epoch': 18.89472, 'eta': 7203.71001, 'eta_hours': 2.00103, 'loss': 19.72746728, 'lr': 9.997e-05, 'params': 1823862, 'time_iter': 0.47237, 'mae': 0.52117, 'r2': 0.72608, 'spearmanr': 0.93807, 'mse': 1.10758, 'rmse': 1.05242, 'loss_node': 6.627113717651367, 'loss_edge': 2.1138991287231446, 'loss_graph': 9.878872267913819, 'loss_task': 1.1075822324752809, 'loss_encoder': 0.0}
train: {'epoch': 25, 'time_epoch': 18.87872, 'eta': 7179.73635, 'eta_hours': 1.99437, 'loss': 18.92822076, 'lr': 9.996e-05, 'params': 1823862, 'time_iter': 0.47197, 'mae': 0.48782, 'r2': 0.74557, 'spearmanr': 0.94935, 'mse': 1.02876, 'rmse': 1.01428, 'loss_node': 6.595081664276123, 'loss_edge': 2.10712518157959, 'loss_graph': 9.197252503967285, 'loss_task': 1.0287616256713867, 'loss_encoder': 0.0}
train: {'epoch': 26, 'time_epoch': 18.90359, 'eta': 7156.48368, 'eta_hours': 1.98791, 'loss': 18.64880419, 'lr': 9.994e-05, 'params': 1823862, 'time_iter': 0.47259, 'mae': 0.54056, 'r2': 0.73849, 'spearmanr': 0.93279, 'mse': 1.05739, 'rmse': 1.0283, 'loss_node': 6.5716787040710445, 'loss_edge': 2.0994024530410766, 'loss_graph': 8.920330381202698, 'loss_task': 1.0573926558494569, 'loss_encoder': 0.0}
train: {'epoch': 27, 'time_epoch': 18.89311, 'eta': 7133.40235, 'eta_hours': 1.9815, 'loss': 17.97970075, 'lr': 9.992e-05, 'params': 1823862, 'time_iter': 0.47233, 'mae': 0.46582, 'r2': 0.76316, 'spearmanr': 0.94991, 'mse': 0.95762, 'rmse': 0.97858, 'loss_node': 6.554322137451172, 'loss_edge': 2.0995616125106813, 'loss_graph': 8.368194618988037, 'loss_task': 0.9576227018356324, 'loss_encoder': 0.0}
train: {'epoch': 28, 'time_epoch': 18.88427, 'eta': 7110.49677, 'eta_hours': 1.97514, 'loss': 17.81195035, 'lr': 9.989e-05, 'params': 1823862, 'time_iter': 0.47211, 'mae': 0.51067, 'r2': 0.76041, 'spearmanr': 0.93662, 'mse': 0.96875, 'rmse': 0.98425, 'loss_node': 6.514154784393311, 'loss_edge': 2.0937053411483766, 'loss_graph': 8.235338328933716, 'loss_task': 0.9687520015716553, 'loss_encoder': 0.0}
train: {'epoch': 29, 'time_epoch': 18.88045, 'eta': 7087.81223, 'eta_hours': 1.96884, 'loss': 17.44305266, 'lr': 9.986e-05, 'params': 1823862, 'time_iter': 0.47201, 'mae': 0.49417, 'r2': 0.76122, 'spearmanr': 0.93961, 'mse': 0.96548, 'rmse': 0.98259, 'loss_node': 6.487940955352784, 'loss_edge': 2.088063791656494, 'loss_graph': 7.90156877822876, 'loss_task': 0.9654791537284851, 'loss_encoder': 0.0}
Inference: Switched to EMA weights
Inference: Restored training weights
Inference: Switched to EMA weights
Inference: Restored training weights
Inference: Switched to EMA weights
Inference: Restored training weights
Inference: Switched to EMA weights
Inference: Restored training weights
val: {'epoch': 29, 'time_epoch': 28.69145, 'loss': 0.99755095, 'lr': 0, 'params': 1823862, 'time_iter': 7.17286, 'mae': 0.47135, 'r2': 0.74673, 'spearmanr': 0.94489, 'mse': 0.99755, 'rmse': 0.99877}
Inference: Switched to EMA weights
Inference: Restored training weights
Inference: Switched to EMA weights
Inference: Restored training weights
Inference: Switched to EMA weights
Inference: Restored training weights
Inference: Switched to EMA weights
Inference: Restored training weights
test: {'epoch': 29, 'time_epoch': 28.76172, 'loss': 0.46879349, 'lr': 0, 'params': 1823862, 'time_iter': 7.19043, 'mae': 0.45546, 'r2': 0.88477, 'spearmanr': 0.95018, 'mse': 0.46879, 'rmse': 0.68468}
> Epoch 29: took 76.3s (avg 26.8s) | Best so far: epoch 29	train_loss: 17.4431 train_mae: 0.4942	val_loss: 0.9976 val_mae: 0.4713	test_loss: 0.4688 test_mae: 0.4555
train: {'epoch': 30, 'time_epoch': 18.90278, 'eta': 7065.63889, 'eta_hours': 1.96268, 'loss': 17.16357977, 'lr': 9.983e-05, 'params': 1823862, 'time_iter': 0.47257, 'mae': 0.47514, 'r2': 0.76999, 'spearmanr': 0.94624, 'mse': 0.93001, 'rmse': 0.96437, 'loss_node': 6.473221733093261, 'loss_edge': 2.0884178564071654, 'loss_graph': 7.671927321624755, 'loss_task': 0.9300130848884582, 'loss_encoder': 0.0}
train: {'epoch': 31, 'time_epoch': 18.86419, 'eta': 7043.22615, 'eta_hours': 1.95645, 'loss': 16.81913614, 'lr': 9.979e-05, 'params': 1823862, 'time_iter': 0.4716, 'mae': 0.44589, 'r2': 0.7872, 'spearmanr': 0.95023, 'mse': 0.86043, 'rmse': 0.92759, 'loss_node': 6.438772417449951, 'loss_edge': 2.0880549280166627, 'loss_graph': 7.431883526611328, 'loss_task': 0.8604255898952484, 'loss_encoder': 0.0}
train: {'epoch': 32, 'time_epoch': 18.87871, 'eta': 7021.18999, 'eta_hours': 1.95033, 'loss': 16.31501561, 'lr': 9.975e-05, 'params': 1823862, 'time_iter': 0.47197, 'mae': 0.4221, 'r2': 0.80286, 'spearmanr': 0.95484, 'mse': 0.7971, 'rmse': 0.8928, 'loss_node': 6.414820489501953, 'loss_edge': 2.083571635055542, 'loss_graph': 7.01952611694336, 'loss_task': 0.7970972661972046, 'loss_encoder': 0.0}
train: {'epoch': 33, 'time_epoch': 18.8858, 'eta': 6999.4159, 'eta_hours': 1.94428, 'loss': 16.11051856, 'lr': 9.971e-05, 'params': 1823862, 'time_iter': 0.47215, 'mae': 0.43813, 'r2': 0.79893, 'spearmanr': 0.95007, 'mse': 0.81301, 'rmse': 0.90167, 'loss_node': 6.390315197753906, 'loss_edge': 2.078340887260437, 'loss_graph': 6.828849770736694, 'loss_task': 0.8130127411365509, 'loss_encoder': 0.0}
train: {'epoch': 34, 'time_epoch': 18.90798, 'eta': 6978.03811, 'eta_hours': 1.93834, 'loss': 15.86513253, 'lr': 9.967e-05, 'params': 1823862, 'time_iter': 0.4727, 'mae': 0.42626, 'r2': 0.8047, 'spearmanr': 0.9533, 'mse': 0.78967, 'rmse': 0.88863, 'loss_node': 6.352709928894043, 'loss_edge': 2.083035299682617, 'loss_graph': 6.639715608596802, 'loss_task': 0.7896717035293579, 'loss_encoder': 0.0}
train: {'epoch': 35, 'time_epoch': 18.88315, 'eta': 6956.5465, 'eta_hours': 1.93237, 'loss': 15.68515803, 'lr': 9.962e-05, 'params': 1823862, 'time_iter': 0.47208, 'mae': 0.43073, 'r2': 0.80074, 'spearmanr': 0.95402, 'mse': 0.80568, 'rmse': 0.8976, 'loss_node': 6.325229465484619, 'loss_edge': 2.0732636171340943, 'loss_graph': 6.480984366989135, 'loss_task': 0.8056804689884186, 'loss_encoder': 0.0}
train: {'epoch': 36, 'time_epoch': 18.89774, 'eta': 6935.33904, 'eta_hours': 1.92648, 'loss': 15.44019669, 'lr': 9.956e-05, 'params': 1823862, 'time_iter': 0.47244, 'mae': 0.42357, 'r2': 0.8203, 'spearmanr': 0.95197, 'mse': 0.72659, 'rmse': 0.8524, 'loss_node': 6.304493254089356, 'loss_edge': 2.069226251602173, 'loss_graph': 6.339887193679809, 'loss_task': 0.726589714217186, 'loss_encoder': 0.0}
train: {'epoch': 37, 'time_epoch': 19.55239, 'eta': 6920.48954, 'eta_hours': 1.92236, 'loss': 15.26409648, 'lr': 9.951e-05, 'params': 1823862, 'time_iter': 0.48881, 'mae': 0.42152, 'r2': 0.8175, 'spearmanr': 0.95526, 'mse': 0.73792, 'rmse': 0.85902, 'loss_node': 6.271263070678711, 'loss_edge': 2.0703155284881594, 'loss_graph': 6.184597568130493, 'loss_task': 0.7379203338623047, 'loss_encoder': 0.0}
train: {'epoch': 38, 'time_epoch': 18.86839, 'eta': 6899.0675, 'eta_hours': 1.91641, 'loss': 15.10009677, 'lr': 9.945e-05, 'params': 1823862, 'time_iter': 0.47171, 'mae': 0.4233, 'r2': 0.82022, 'spearmanr': 0.9546, 'mse': 0.72691, 'rmse': 0.85259, 'loss_node': 6.2490698471069335, 'loss_edge': 2.065365872955322, 'loss_graph': 6.058748486328125, 'loss_task': 0.7269128467559814, 'loss_encoder': 0.0}
train: {'epoch': 39, 'time_epoch': 18.8726, 'eta': 6877.81103, 'eta_hours': 1.9105, 'loss': 14.92525456, 'lr': 9.938e-05, 'params': 1823862, 'time_iter': 0.47182, 'mae': 0.42219, 'r2': 0.8296, 'spearmanr': 0.9532, 'mse': 0.68899, 'rmse': 0.83005, 'loss_node': 6.231370607757569, 'loss_edge': 2.0554551683425903, 'loss_graph': 5.949438981246948, 'loss_task': 0.6889898159980774, 'loss_encoder': 0.0}
Inference: Switched to EMA weights
Inference: Restored training weights
Inference: Switched to EMA weights
Inference: Restored training weights
Inference: Switched to EMA weights
Inference: Restored training weights
Inference: Switched to EMA weights
Inference: Restored training weights
val: {'epoch': 39, 'time_epoch': 28.67752, 'loss': 0.77344525, 'lr': 0, 'params': 1823862, 'time_iter': 7.16938, 'mae': 0.4283, 'r2': 0.80363, 'spearmanr': 0.95656, 'mse': 0.77345, 'rmse': 0.87946}
Inference: Switched to EMA weights
Inference: Restored training weights
Inference: Switched to EMA weights
Inference: Restored training weights
Inference: Switched to EMA weights
Inference: Restored training weights
Inference: Switched to EMA weights
Inference: Restored training weights
test: {'epoch': 39, 'time_epoch': 28.74903, 'loss': 0.29523684, 'lr': 0, 'params': 1823862, 'time_iter': 7.18726, 'mae': 0.41498, 'r2': 0.92743, 'spearmanr': 0.96275, 'mse': 0.29524, 'rmse': 0.54336}
> Epoch 39: took 76.3s (avg 26.3s) | Best so far: epoch 39	train_loss: 14.9253 train_mae: 0.4222	val_loss: 0.7734 val_mae: 0.4283	test_loss: 0.2952 test_mae: 0.4150
train: {'epoch': 40, 'time_epoch': 18.90987, 'eta': 6856.99719, 'eta_hours': 1.90472, 'loss': 14.70205998, 'lr': 9.932e-05, 'params': 1823862, 'time_iter': 0.47275, 'mae': 0.43135, 'r2': 0.82499, 'spearmanr': 0.94982, 'mse': 0.70765, 'rmse': 0.84122, 'loss_node': 6.193033110809326, 'loss_edge': 2.058821005821228, 'loss_graph': 5.742558756065368, 'loss_task': 0.707646865606308, 'loss_encoder': 0.0}
train: {'epoch': 41, 'time_epoch': 18.88161, 'eta': 6836.03313, 'eta_hours': 1.8989, 'loss': 14.68109292, 'lr': 9.925e-05, 'params': 1823862, 'time_iter': 0.47204, 'mae': 0.44238, 'r2': 0.83049, 'spearmanr': 0.94584, 'mse': 0.68538, 'rmse': 0.82788, 'loss_node': 6.173856079864502, 'loss_edge': 2.0538563764572144, 'loss_graph': 5.767996859550476, 'loss_task': 0.6853839086532593, 'loss_encoder': 0.0}
train: {'epoch': 42, 'time_epoch': 18.88413, 'eta': 6815.18681, 'eta_hours': 1.89311, 'loss': 14.36920053, 'lr': 9.918e-05, 'params': 1823862, 'time_iter': 0.4721, 'mae': 0.40432, 'r2': 0.84371, 'spearmanr': 0.95707, 'mse': 0.63194, 'rmse': 0.79495, 'loss_node': 6.1352701461792, 'loss_edge': 2.05597852973938, 'loss_graph': 5.546010162353515, 'loss_task': 0.6319414458036423, 'loss_encoder': 0.0}
train: {'epoch': 43, 'time_epoch': 18.87734, 'eta': 6794.37477, 'eta_hours': 1.88733, 'loss': 14.58630838, 'lr': 9.91e-05, 'params': 1823862, 'time_iter': 0.47193, 'mae': 0.44464, 'r2': 0.82403, 'spearmanr': 0.94454, 'mse': 0.71152, 'rmse': 0.84352, 'loss_node': 6.143411119842529, 'loss_edge': 2.059420555305481, 'loss_graph': 5.671955726623535, 'loss_task': 0.7115210097789765, 'loss_encoder': 0.0}
train: {'epoch': 44, 'time_epoch': 18.8746, 'eta': 6773.62711, 'eta_hours': 1.88156, 'loss': 14.01220996, 'lr': 9.902e-05, 'params': 1823862, 'time_iter': 0.47187, 'mae': 0.39467, 'r2': 0.84544, 'spearmanr': 0.95839, 'mse': 0.62497, 'rmse': 0.79055, 'loss_node': 6.086776644134521, 'loss_edge': 2.0534797115325927, 'loss_graph': 5.246988333511353, 'loss_task': 0.6249651792645454, 'loss_encoder': 0.0}
train: {'epoch': 45, 'time_epoch': 18.86816, 'eta': 6752.91128, 'eta_hours': 1.87581, 'loss': 13.85165321, 'lr': 9.894e-05, 'params': 1823862, 'time_iter': 0.4717, 'mae': 0.3935, 'r2': 0.85126, 'spearmanr': 0.95733, 'mse': 0.60142, 'rmse': 0.77552, 'loss_node': 6.0651449104309085, 'loss_edge': 2.0454212001800536, 'loss_graph': 5.139662987709046, 'loss_task': 0.6014240691184998, 'loss_encoder': 0.0}
train: {'epoch': 46, 'time_epoch': 18.88027, 'eta': 6732.36506, 'eta_hours': 1.8701, 'loss': 13.8168744, 'lr': 9.885e-05, 'params': 1823862, 'time_iter': 0.47201, 'mae': 0.41199, 'r2': 0.84635, 'spearmanr': 0.95324, 'mse': 0.62125, 'rmse': 0.7882, 'loss_node': 6.036007124328613, 'loss_edge': 2.038984285736084, 'loss_graph': 5.1206286399841305, 'loss_task': 0.6212543011426925, 'loss_encoder': 0.0}
train: {'epoch': 47, 'time_epoch': 18.87947, 'eta': 6711.88235, 'eta_hours': 1.86441, 'loss': 13.70492117, 'lr': 9.876e-05, 'params': 1823862, 'time_iter': 0.47199, 'mae': 0.39923, 'r2': 0.84543, 'spearmanr': 0.95825, 'mse': 0.62498, 'rmse': 0.79056, 'loss_node': 6.007579086303711, 'loss_edge': 2.0385313970565795, 'loss_graph': 5.0338330633163455, 'loss_task': 0.6249775485038758, 'loss_encoder': 0.0}
train: {'epoch': 48, 'time_epoch': 18.89238, 'eta': 6691.55757, 'eta_hours': 1.85877, 'loss': 13.8163454, 'lr': 9.867e-05, 'params': 1823862, 'time_iter': 0.47231, 'mae': 0.43789, 'r2': 0.81146, 'spearmanr': 0.94962, 'mse': 0.76236, 'rmse': 0.87313, 'loss_node': 5.9780560379028325, 'loss_edge': 2.0347514537811278, 'loss_graph': 5.041182554244995, 'loss_task': 0.7623555500030518, 'loss_encoder': 0.0}
train: {'epoch': 49, 'time_epoch': 18.88951, 'eta': 6671.26999, 'eta_hours': 1.85313, 'loss': 13.63933677, 'lr': 9.857e-05, 'params': 1823862, 'time_iter': 0.47224, 'mae': 0.4501, 'r2': 0.82871, 'spearmanr': 0.94733, 'mse': 0.6926, 'rmse': 0.83223, 'loss_node': 5.944437353515625, 'loss_edge': 2.0303623945236207, 'loss_graph': 4.971933170318604, 'loss_task': 0.69260389752388, 'loss_encoder': 0.0}
Inference: Switched to EMA weights
Inference: Restored training weights
Inference: Switched to EMA weights
Inference: Restored training weights
Inference: Switched to EMA weights
Inference: Restored training weights
Inference: Switched to EMA weights
Inference: Restored training weights
val: {'epoch': 49, 'time_epoch': 28.67684, 'loss': 0.62551856, 'lr': 0, 'params': 1823862, 'time_iter': 7.16921, 'mae': 0.42069, 'r2': 0.84119, 'spearmanr': 0.95919, 'mse': 0.62552, 'rmse': 0.7909}
Inference: Switched to EMA weights
Inference: Restored training weights
Inference: Switched to EMA weights
Inference: Restored training weights
Inference: Switched to EMA weights
Inference: Restored training weights
Inference: Switched to EMA weights
Inference: Restored training weights
test: {'epoch': 49, 'time_epoch': 28.75244, 'loss': 0.25568697, 'lr': 0, 'params': 1823862, 'time_iter': 7.18811, 'mae': 0.39458, 'r2': 0.93715, 'spearmanr': 0.96435, 'mse': 0.25569, 'rmse': 0.50565}
> Epoch 49: took 76.3s (avg 26.0s) | Best so far: epoch 49	train_loss: 13.6393 train_mae: 0.4501	val_loss: 0.6255 val_mae: 0.4207	test_loss: 0.2557 test_mae: 0.3946
train: {'epoch': 50, 'time_epoch': 18.83346, 'eta': 6650.65367, 'eta_hours': 1.8474, 'loss': 13.26947125, 'lr': 9.847e-05, 'params': 1823862, 'time_iter': 0.47084, 'mae': 0.41016, 'r2': 0.82144, 'spearmanr': 0.95484, 'mse': 0.72197, 'rmse': 0.84969, 'loss_node': 5.912807914733887, 'loss_edge': 2.030626069641113, 'loss_graph': 4.604068007087707, 'loss_task': 0.7219691656112671, 'loss_encoder': 0.0}
train: {'epoch': 51, 'time_epoch': 18.86865, 'eta': 6630.34148, 'eta_hours': 1.84176, 'loss': 13.04933911, 'lr': 9.837e-05, 'params': 1823862, 'time_iter': 0.47172, 'mae': 0.38244, 'r2': 0.85035, 'spearmanr': 0.95792, 'mse': 0.60508, 'rmse': 0.77787, 'loss_node': 5.885864241790771, 'loss_edge': 2.0287359722137452, 'loss_graph': 4.529659680557251, 'loss_task': 0.6050792749404907, 'loss_encoder': 0.0}
train: {'epoch': 52, 'time_epoch': 18.89436, 'eta': 6610.25207, 'eta_hours': 1.83618, 'loss': 12.93036765, 'lr': 9.826e-05, 'params': 1823862, 'time_iter': 0.47236, 'mae': 0.38976, 'r2': 0.84601, 'spearmanr': 0.95676, 'mse': 0.62264, 'rmse': 0.78907, 'loss_node': 5.852466236877442, 'loss_edge': 2.0235564346313475, 'loss_graph': 4.431705780601502, 'loss_task': 0.6226392398834228, 'loss_encoder': 0.0}
train: {'epoch': 53, 'time_epoch': 18.84044, 'eta': 6589.86139, 'eta_hours': 1.83052, 'loss': 12.81609648, 'lr': 9.815e-05, 'params': 1823862, 'time_iter': 0.47101, 'mae': 0.38898, 'r2': 0.84658, 'spearmanr': 0.95792, 'mse': 0.62035, 'rmse': 0.78763, 'loss_node': 5.818966509246827, 'loss_edge': 2.0197146614074706, 'loss_graph': 4.3570609392166135, 'loss_task': 0.6203542649269104, 'loss_encoder': 0.0}
train: {'epoch': 54, 'time_epoch': 18.89307, 'eta': 6569.85723, 'eta_hours': 1.82496, 'loss': 12.64482446, 'lr': 9.804e-05, 'params': 1823862, 'time_iter': 0.47233, 'mae': 0.39519, 'r2': 0.87429, 'spearmanr': 0.95557, 'mse': 0.50831, 'rmse': 0.71296, 'loss_node': 5.768019755554199, 'loss_edge': 2.01465018119812, 'loss_graph': 4.353848556137085, 'loss_task': 0.5083060701847076, 'loss_encoder': 0.0}
train: {'epoch': 55, 'time_epoch': 18.82994, 'eta': 6549.50496, 'eta_hours': 1.81931, 'loss': 12.9303624, 'lr': 9.792e-05, 'params': 1823862, 'time_iter': 0.47075, 'mae': 0.40978, 'r2': 0.84677, 'spearmanr': 0.9522, 'mse': 0.61958, 'rmse': 0.78714, 'loss_node': 5.747741237640381, 'loss_edge': 2.0111940202713012, 'loss_graph': 4.551842516517639, 'loss_task': 0.6195847011089325, 'loss_encoder': 0.0}
train: {'epoch': 56, 'time_epoch': 19.08481, 'eta': 6530.73982, 'eta_hours': 1.81409, 'loss': 12.65475303, 'lr': 9.78e-05, 'params': 1823862, 'time_iter': 0.47712, 'mae': 0.39392, 'r2': 0.85996, 'spearmanr': 0.95523, 'mse': 0.56623, 'rmse': 0.75248, 'loss_node': 5.7220592681884765, 'loss_edge': 2.0098596923828125, 'loss_graph': 4.356604197311402, 'loss_task': 0.5662300698757171, 'loss_encoder': 0.0}
train: {'epoch': 57, 'time_epoch': 18.87565, 'eta': 6510.73031, 'eta_hours': 1.80854, 'loss': 12.92087269, 'lr': 9.768e-05, 'params': 1823862, 'time_iter': 0.47189, 'mae': 0.43316, 'r2': 0.82266, 'spearmanr': 0.94646, 'mse': 0.71707, 'rmse': 0.8468, 'loss_node': 5.690599983978271, 'loss_edge': 2.0060722023010253, 'loss_graph': 4.507134664535522, 'loss_task': 0.7170658029079438, 'loss_encoder': 0.0}
train: {'epoch': 58, 'time_epoch': 18.86302, 'eta': 6490.68627, 'eta_hours': 1.80297, 'loss': 12.52339572, 'lr': 9.755e-05, 'params': 1823862, 'time_iter': 0.47158, 'mae': 0.41306, 'r2': 0.84022, 'spearmanr': 0.95046, 'mse': 0.64605, 'rmse': 0.80377, 'loss_node': 5.657751486968994, 'loss_edge': 2.0059316205978392, 'loss_graph': 4.213659111976623, 'loss_task': 0.646053509092331, 'loss_encoder': 0.0}
train: {'epoch': 59, 'time_epoch': 18.86844, 'eta': 6470.71231, 'eta_hours': 1.79742, 'loss': 12.27586217, 'lr': 9.742e-05, 'params': 1823862, 'time_iter': 0.47171, 'mae': 0.39578, 'r2': 0.85872, 'spearmanr': 0.95477, 'mse': 0.57126, 'rmse': 0.75582, 'loss_node': 5.636528242492676, 'loss_edge': 2.0108466789245605, 'loss_graph': 4.057223119354248, 'loss_task': 0.5712642971992493, 'loss_encoder': 0.0}
Inference: Switched to EMA weights
Inference: Restored training weights
Inference: Switched to EMA weights
Inference: Restored training weights
Inference: Switched to EMA weights
Inference: Restored training weights
Inference: Switched to EMA weights
Inference: Restored training weights
val: {'epoch': 59, 'time_epoch': 28.67379, 'loss': 0.51492884, 'lr': 0, 'params': 1823862, 'time_iter': 7.16845, 'mae': 0.42366, 'r2': 0.86927, 'spearmanr': 0.95872, 'mse': 0.51493, 'rmse': 0.71759}
Inference: Switched to EMA weights
Inference: Restored training weights
Inference: Switched to EMA weights
Inference: Restored training weights
Inference: Switched to EMA weights
Inference: Restored training weights
Inference: Switched to EMA weights
Inference: Restored training weights
test: {'epoch': 59, 'time_epoch': 28.74401, 'loss': 0.29262466, 'lr': 0, 'params': 1823862, 'time_iter': 7.186, 'mae': 0.43446, 'r2': 0.92807, 'spearmanr': 0.96055, 'mse': 0.29262, 'rmse': 0.54095}
> Epoch 59: took 76.3s (avg 25.7s) | Best so far: epoch 49	train_loss: 13.6393 train_mae: 0.4501	val_loss: 0.6255 val_mae: 0.4207	test_loss: 0.2557 test_mae: 0.3946
train: {'epoch': 60, 'time_epoch': 18.87721, 'eta': 6450.82333, 'eta_hours': 1.7919, 'loss': 12.42887831, 'lr': 9.729e-05, 'params': 1823862, 'time_iter': 0.47193, 'mae': 0.39902, 'r2': 0.85, 'spearmanr': 0.95499, 'mse': 0.60653, 'rmse': 0.7788, 'loss_node': 5.604183108520508, 'loss_edge': 2.0095464778900145, 'loss_graph': 4.208621276283264, 'loss_task': 0.6065274949550629, 'loss_encoder': 0.0}
train: {'epoch': 61, 'time_epoch': 18.8774, 'eta': 6430.96802, 'eta_hours': 1.78638, 'loss': 12.17930841, 'lr': 9.716e-05, 'params': 1823862, 'time_iter': 0.47194, 'mae': 0.40582, 'r2': 0.83767, 'spearmanr': 0.95331, 'mse': 0.65636, 'rmse': 0.81016, 'loss_node': 5.58007385597229, 'loss_edge': 2.0012136028289795, 'loss_graph': 3.941656521606445, 'loss_task': 0.6563644043922424, 'loss_encoder': 0.0}
train: {'epoch': 62, 'time_epoch': 19.09142, 'eta': 6412.28858, 'eta_hours': 1.78119, 'loss': 12.03290663, 'lr': 9.702e-05, 'params': 1823862, 'time_iter': 0.47729, 'mae': 0.3989, 'r2': 0.85266, 'spearmanr': 0.95619, 'mse': 0.59574, 'rmse': 0.77184, 'loss_node': 5.534613842773438, 'loss_edge': 1.9946889820098876, 'loss_graph': 3.9078668968200683, 'loss_task': 0.5957368077754974, 'loss_encoder': 0.0}
train: {'epoch': 63, 'time_epoch': 18.86309, 'eta': 6392.39752, 'eta_hours': 1.77567, 'loss': 11.91756616, 'lr': 9.687e-05, 'params': 1823862, 'time_iter': 0.47158, 'mae': 0.38713, 'r2': 0.85382, 'spearmanr': 0.95729, 'mse': 0.59105, 'rmse': 0.7688, 'loss_node': 5.504792989349365, 'loss_edge': 1.9984967496871948, 'loss_graph': 3.823226487350464, 'loss_task': 0.5910498383522034, 'loss_encoder': 0.0}
train: {'epoch': 64, 'time_epoch': 18.88377, 'eta': 6372.64469, 'eta_hours': 1.77018, 'loss': 11.80103242, 'lr': 9.673e-05, 'params': 1823862, 'time_iter': 0.47209, 'mae': 0.40394, 'r2': 0.85086, 'spearmanr': 0.95242, 'mse': 0.60302, 'rmse': 0.77655, 'loss_node': 5.481253434753418, 'loss_edge': 1.99064393119812, 'loss_graph': 3.7261128578186034, 'loss_task': 0.6030223047733307, 'loss_encoder': 0.0}
train: {'epoch': 65, 'time_epoch': 18.90238, 'eta': 6353.01239, 'eta_hours': 1.76473, 'loss': 11.78104947, 'lr': 9.658e-05, 'params': 1823862, 'time_iter': 0.47256, 'mae': 0.39801, 'r2': 0.8503, 'spearmanr': 0.95296, 'mse': 0.60529, 'rmse': 0.77801, 'loss_node': 5.4487457283020015, 'loss_edge': 1.9810188732147216, 'loss_graph': 3.7459925590515137, 'loss_task': 0.6052923065185547, 'loss_encoder': 0.0}
train: {'epoch': 66, 'time_epoch': 18.87968, 'eta': 6333.28905, 'eta_hours': 1.75925, 'loss': 11.51145659, 'lr': 9.643e-05, 'params': 1823862, 'time_iter': 0.47199, 'mae': 0.39245, 'r2': 0.86225, 'spearmanr': 0.95398, 'mse': 0.55698, 'rmse': 0.74631, 'loss_node': 5.417566918182373, 'loss_edge': 1.981353687095642, 'loss_graph': 3.55556047744751, 'loss_task': 0.5569755262613296, 'loss_encoder': 0.0}
train: {'epoch': 67, 'time_epoch': 18.88718, 'eta': 6313.62712, 'eta_hours': 1.75379, 'loss': 11.37124269, 'lr': 9.627e-05, 'params': 1823862, 'time_iter': 0.47218, 'mae': 0.37595, 'r2': 0.87557, 'spearmanr': 0.95728, 'mse': 0.50313, 'rmse': 0.70932, 'loss_node': 5.383580671691894, 'loss_edge': 1.977964774131775, 'loss_graph': 3.506566551399231, 'loss_task': 0.5031307316303253, 'loss_encoder': 0.0}
train: {'epoch': 68, 'time_epoch': 19.09825, 'eta': 6295.00016, 'eta_hours': 1.74861, 'loss': 11.35167365, 'lr': 9.611e-05, 'params': 1823862, 'time_iter': 0.47746, 'mae': 0.38294, 'r2': 0.85897, 'spearmanr': 0.95471, 'mse': 0.57025, 'rmse': 0.75515, 'loss_node': 5.3531568946838375, 'loss_edge': 1.965834728717804, 'loss_graph': 3.462433432197571, 'loss_task': 0.5702487770557404, 'loss_encoder': 0.0}
train: {'epoch': 69, 'time_epoch': 18.91121, 'eta': 6275.47799, 'eta_hours': 1.74319, 'loss': 11.46223918, 'lr': 9.595e-05, 'params': 1823862, 'time_iter': 0.47278, 'mae': 0.4252, 'r2': 0.8591, 'spearmanr': 0.94411, 'mse': 0.5697, 'rmse': 0.75478, 'loss_node': 5.319988188171386, 'loss_edge': 1.969328299331665, 'loss_graph': 3.603224781036377, 'loss_task': 0.5696978020191192, 'loss_encoder': 0.0}
Inference: Switched to EMA weights
Inference: Restored training weights
Inference: Switched to EMA weights
Inference: Restored training weights
Inference: Switched to EMA weights
Inference: Restored training weights
Inference: Switched to EMA weights
Inference: Restored training weights
val: {'epoch': 69, 'time_epoch': 28.67093, 'loss': 0.43460636, 'lr': 0, 'params': 1823862, 'time_iter': 7.16773, 'mae': 0.44269, 'r2': 0.88966, 'spearmanr': 0.94859, 'mse': 0.43461, 'rmse': 0.65925}
Inference: Switched to EMA weights
Inference: Restored training weights
Inference: Switched to EMA weights
Inference: Restored training weights
Inference: Switched to EMA weights
Inference: Restored training weights
Inference: Switched to EMA weights
Inference: Restored training weights
test: {'epoch': 69, 'time_epoch': 28.74162, 'loss': 0.27996289, 'lr': 0, 'params': 1823862, 'time_iter': 7.18541, 'mae': 0.41622, 'r2': 0.93118, 'spearmanr': 0.95806, 'mse': 0.27996, 'rmse': 0.52912}
> Epoch 69: took 76.3s (avg 25.6s) | Best so far: epoch 49	train_loss: 13.6393 train_mae: 0.4501	val_loss: 0.6255 val_mae: 0.4207	test_loss: 0.2557 test_mae: 0.3946
train: {'epoch': 70, 'time_epoch': 18.87959, 'eta': 6255.82652, 'eta_hours': 1.73773, 'loss': 11.16674127, 'lr': 9.579e-05, 'params': 1823862, 'time_iter': 0.47199, 'mae': 0.39322, 'r2': 0.87399, 'spearmanr': 0.95539, 'mse': 0.5095, 'rmse': 0.71379, 'loss_node': 5.307816271209717, 'loss_edge': 1.9682623783111572, 'loss_graph': 3.381160102081299, 'loss_task': 0.5095024965047836, 'loss_encoder': 0.0}
train: {'epoch': 71, 'time_epoch': 18.89072, 'eta': 6236.24717, 'eta_hours': 1.73229, 'loss': 11.08136595, 'lr': 9.562e-05, 'params': 1823862, 'time_iter': 0.47227, 'mae': 0.40195, 'r2': 0.86411, 'spearmanr': 0.95024, 'mse': 0.54947, 'rmse': 0.74126, 'loss_node': 5.272245261383056, 'loss_edge': 1.9617780773162843, 'loss_graph': 3.2978711246490477, 'loss_task': 0.5494715829849243, 'loss_encoder': 0.0}
train: {'epoch': 72, 'time_epoch': 18.89899, 'eta': 6216.72374, 'eta_hours': 1.72687, 'loss': 11.17855849, 'lr': 9.545e-05, 'params': 1823862, 'time_iter': 0.47247, 'mae': 0.39193, 'r2': 0.867, 'spearmanr': 0.95558, 'mse': 0.53778, 'rmse': 0.73333, 'loss_node': 5.248434834289551, 'loss_edge': 1.9652482259750366, 'loss_graph': 3.427095849609375, 'loss_task': 0.537779834318161, 'loss_encoder': 0.0}
train: {'epoch': 73, 'time_epoch': 18.84041, 'eta': 6196.95911, 'eta_hours': 1.72138, 'loss': 10.90095243, 'lr': 9.528e-05, 'params': 1823862, 'time_iter': 0.47101, 'mae': 0.3958, 'r2': 0.86861, 'spearmanr': 0.95248, 'mse': 0.53125, 'rmse': 0.72887, 'loss_node': 5.219798434066773, 'loss_edge': 1.9539094926834106, 'loss_graph': 3.1959925523757935, 'loss_task': 0.5312519901990891, 'loss_encoder': 0.0}
train: {'epoch': 74, 'time_epoch': 18.88061, 'eta': 6177.39334, 'eta_hours': 1.71594, 'loss': 10.92577197, 'lr': 9.51e-05, 'params': 1823862, 'time_iter': 0.47202, 'mae': 0.39965, 'r2': 0.85973, 'spearmanr': 0.95573, 'mse': 0.56716, 'rmse': 0.7531, 'loss_node': 5.191689741516114, 'loss_edge': 1.9565237829208375, 'loss_graph': 3.210397554588318, 'loss_task': 0.567160912322998, 'loss_encoder': 0.0}
train: {'epoch': 75, 'time_epoch': 19.0009, 'eta': 6158.35844, 'eta_hours': 1.71066, 'loss': 10.87224895, 'lr': 9.492e-05, 'params': 1823862, 'time_iter': 0.47502, 'mae': 0.39054, 'r2': 0.88081, 'spearmanr': 0.95445, 'mse': 0.48192, 'rmse': 0.6942, 'loss_node': 5.168454191207886, 'loss_edge': 1.9550353317260742, 'loss_graph': 3.266843521118164, 'loss_task': 0.4819158830165863, 'loss_encoder': 0.0}
train: {'epoch': 76, 'time_epoch': 18.90407, 'eta': 6138.91823, 'eta_hours': 1.70526, 'loss': 10.63797798, 'lr': 9.474e-05, 'params': 1823862, 'time_iter': 0.4726, 'mae': 0.37723, 'r2': 0.88296, 'spearmanr': 0.95828, 'mse': 0.47325, 'rmse': 0.68793, 'loss_node': 5.139412985992432, 'loss_edge': 1.9526178462982178, 'loss_graph': 3.0726979152679443, 'loss_task': 0.4732492274284363, 'loss_encoder': 0.0}
train: {'epoch': 77, 'time_epoch': 18.91983, 'eta': 6119.55683, 'eta_hours': 1.69988, 'loss': 10.73826655, 'lr': 9.455e-05, 'params': 1823862, 'time_iter': 0.473, 'mae': 0.38952, 'r2': 0.86739, 'spearmanr': 0.9567, 'mse': 0.53618, 'rmse': 0.73225, 'loss_node': 5.109288354492188, 'loss_edge': 1.954489743232727, 'loss_graph': 3.1383038873672486, 'loss_task': 0.5361845293998718, 'loss_encoder': 0.0}
train: {'epoch': 78, 'time_epoch': 18.8937, 'eta': 6100.10044, 'eta_hours': 1.69447, 'loss': 10.5102267, 'lr': 9.436e-05, 'params': 1823862, 'time_iter': 0.47234, 'mae': 0.38137, 'r2': 0.8797, 'spearmanr': 0.9568, 'mse': 0.48643, 'rmse': 0.69745, 'loss_node': 5.081979668807984, 'loss_edge': 1.9506258359909057, 'loss_graph': 2.991190096282959, 'loss_task': 0.48643109984397886, 'loss_encoder': 0.0}
train: {'epoch': 79, 'time_epoch': 18.87834, 'eta': 6080.59667, 'eta_hours': 1.68905, 'loss': 10.39949934, 'lr': 9.417e-05, 'params': 1823862, 'time_iter': 0.47196, 'mae': 0.38898, 'r2': 0.87546, 'spearmanr': 0.95404, 'mse': 0.50358, 'rmse': 0.70963, 'loss_node': 5.0513127883911135, 'loss_edge': 1.9390181776046753, 'loss_graph': 2.905589087486267, 'loss_task': 0.5035792709112167, 'loss_encoder': 0.0}
Inference: Switched to EMA weights
Inference: Restored training weights
Inference: Switched to EMA weights
Inference: Restored training weights
Inference: Switched to EMA weights
Inference: Restored training weights
Inference: Switched to EMA weights
Inference: Restored training weights
val: {'epoch': 79, 'time_epoch': 28.67871, 'loss': 0.38895919, 'lr': 0, 'params': 1823862, 'time_iter': 7.16968, 'mae': 0.45066, 'r2': 0.90125, 'spearmanr': 0.94809, 'mse': 0.38896, 'rmse': 0.62367}
Inference: Switched to EMA weights
Inference: Restored training weights
Inference: Switched to EMA weights
Inference: Restored training weights
Inference: Switched to EMA weights
Inference: Restored training weights
Inference: Switched to EMA weights
Inference: Restored training weights
test: {'epoch': 79, 'time_epoch': 28.73948, 'loss': 0.2957477, 'lr': 0, 'params': 1823862, 'time_iter': 7.18487, 'mae': 0.4321, 'r2': 0.9273, 'spearmanr': 0.95572, 'mse': 0.29575, 'rmse': 0.54383}
> Epoch 79: took 76.3s (avg 25.5s) | Best so far: epoch 49	train_loss: 13.6393 train_mae: 0.4501	val_loss: 0.6255 val_mae: 0.4207	test_loss: 0.2557 test_mae: 0.3946
train: {'epoch': 80, 'time_epoch': 18.89497, 'eta': 6061.17383, 'eta_hours': 1.68366, 'loss': 10.50481404, 'lr': 9.397e-05, 'params': 1823862, 'time_iter': 0.47237, 'mae': 0.38184, 'r2': 0.88063, 'spearmanr': 0.9568, 'mse': 0.48266, 'rmse': 0.69474, 'loss_node': 5.016566675567627, 'loss_edge': 1.9360590311050414, 'loss_graph': 3.069530701828003, 'loss_task': 0.48265758318901064, 'loss_encoder': 0.0}
train: {'epoch': 81, 'time_epoch': 19.01883, 'eta': 6042.24421, 'eta_hours': 1.6784, 'loss': 10.23058819, 'lr': 9.378e-05, 'params': 1823862, 'time_iter': 0.47547, 'mae': 0.37058, 'r2': 0.89326, 'spearmanr': 0.95859, 'mse': 0.43161, 'rmse': 0.65697, 'loss_node': 4.994549385070801, 'loss_edge': 1.9392452423095703, 'loss_graph': 2.865185750579834, 'loss_task': 0.4316076820373535, 'loss_encoder': 0.0}
train: {'epoch': 82, 'time_epoch': 18.83937, 'eta': 6022.62701, 'eta_hours': 1.67295, 'loss': 10.17587008, 'lr': 9.357e-05, 'params': 1823862, 'time_iter': 0.47098, 'mae': 0.38383, 'r2': 0.88438, 'spearmanr': 0.956, 'mse': 0.46751, 'rmse': 0.68375, 'loss_node': 4.965155109024048, 'loss_edge': 1.9296369194030762, 'loss_graph': 2.8135684854507446, 'loss_task': 0.46750950975418093, 'loss_encoder': 0.0}
train: {'epoch': 83, 'time_epoch': 18.83682, 'eta': 6003.01873, 'eta_hours': 1.66751, 'loss': 10.1117579, 'lr': 9.337e-05, 'params': 1823862, 'time_iter': 0.47092, 'mae': 0.38405, 'r2': 0.88407, 'spearmanr': 0.95799, 'mse': 0.46875, 'rmse': 0.68466, 'loss_node': 4.932271685028076, 'loss_edge': 1.9297254400253296, 'loss_graph': 2.7810068338394167, 'loss_task': 0.4687539441585541, 'loss_encoder': 0.0}
train: {'epoch': 84, 'time_epoch': 18.8444, 'eta': 5983.45671, 'eta_hours': 1.66207, 'loss': 10.0018969, 'lr': 9.316e-05, 'params': 1823862, 'time_iter': 0.47111, 'mae': 0.36715, 'r2': 0.89252, 'spearmanr': 0.96017, 'mse': 0.43458, 'rmse': 0.65923, 'loss_node': 4.896561184310913, 'loss_edge': 1.9211729740142822, 'loss_graph': 2.7495846214294435, 'loss_task': 0.4345782330274582, 'loss_encoder': 0.0}
train: {'epoch': 85, 'time_epoch': 18.82384, 'eta': 5963.83633, 'eta_hours': 1.65662, 'loss': 10.03865158, 'lr': 9.295e-05, 'params': 1823862, 'time_iter': 0.4706, 'mae': 0.39043, 'r2': 0.87483, 'spearmanr': 0.95486, 'mse': 0.50611, 'rmse': 0.71141, 'loss_node': 4.8720275588989255, 'loss_edge': 1.923942682647705, 'loss_graph': 2.7365746190071105, 'loss_task': 0.5061068067193031, 'loss_encoder': 0.0}
train: {'epoch': 86, 'time_epoch': 18.81441, 'eta': 5944.20031, 'eta_hours': 1.65117, 'loss': 9.91731294, 'lr': 9.274e-05, 'params': 1823862, 'time_iter': 0.47036, 'mae': 0.38156, 'r2': 0.89454, 'spearmanr': 0.95859, 'mse': 0.42643, 'rmse': 0.65302, 'loss_node': 4.8371774852752685, 'loss_edge': 1.9123245502471924, 'loss_graph': 2.7413796981811522, 'loss_task': 0.42643126318454744, 'loss_encoder': 0.0}
train: {'epoch': 87, 'time_epoch': 18.98706, 'eta': 5925.1951, 'eta_hours': 1.64589, 'loss': 9.8714602, 'lr': 9.252e-05, 'params': 1823862, 'time_iter': 0.47468, 'mae': 0.38402, 'r2': 0.88475, 'spearmanr': 0.95733, 'mse': 0.46601, 'rmse': 0.68265, 'loss_node': 4.806411525726318, 'loss_edge': 1.9097582260131836, 'loss_graph': 2.6892833408355714, 'loss_task': 0.4660070892095566, 'loss_encoder': 0.0}
train: {'epoch': 88, 'time_epoch': 18.79147, 'eta': 5905.50681, 'eta_hours': 1.64042, 'loss': 9.74111085, 'lr': 9.23e-05, 'params': 1823862, 'time_iter': 0.46979, 'mae': 0.38263, 'r2': 0.89385, 'spearmanr': 0.95795, 'mse': 0.42922, 'rmse': 0.65515, 'loss_node': 4.779699074554443, 'loss_edge': 1.9116266036987304, 'loss_graph': 2.620568915748596, 'loss_task': 0.42921617543697355, 'loss_encoder': 0.0}
train: {'epoch': 89, 'time_epoch': 18.8391, 'eta': 5886.00251, 'eta_hours': 1.635, 'loss': 9.64743024, 'lr': 9.208e-05, 'params': 1823862, 'time_iter': 0.47098, 'mae': 0.36864, 'r2': 0.89451, 'spearmanr': 0.95871, 'mse': 0.42654, 'rmse': 0.6531, 'loss_node': 4.742008936309815, 'loss_edge': 1.906376697921753, 'loss_graph': 2.5725055944442747, 'loss_task': 0.4265390850067139, 'loss_encoder': 0.0}
Inference: Switched to EMA weights
Inference: Restored training weights
Inference: Switched to EMA weights
Inference: Restored training weights
Inference: Switched to EMA weights
Inference: Restored training weights
Inference: Switched to EMA weights
Inference: Restored training weights
val: {'epoch': 89, 'time_epoch': 28.65554, 'loss': 0.32120234, 'lr': 0, 'params': 1823862, 'time_iter': 7.16389, 'mae': 0.43421, 'r2': 0.91845, 'spearmanr': 0.95201, 'mse': 0.3212, 'rmse': 0.56675}
Inference: Switched to EMA weights
Inference: Restored training weights
Inference: Switched to EMA weights
Inference: Restored training weights
Inference: Switched to EMA weights
Inference: Restored training weights
Inference: Switched to EMA weights
Inference: Restored training weights
test: {'epoch': 89, 'time_epoch': 28.71959, 'loss': 0.28684566, 'lr': 0, 'params': 1823862, 'time_iter': 7.1799, 'mae': 0.43074, 'r2': 0.92949, 'spearmanr': 0.95594, 'mse': 0.28685, 'rmse': 0.53558}
> Epoch 89: took 76.2s (avg 25.4s) | Best so far: epoch 49	train_loss: 13.6393 train_mae: 0.4501	val_loss: 0.6255 val_mae: 0.4207	test_loss: 0.2557 test_mae: 0.3946
train: {'epoch': 90, 'time_epoch': 18.80445, 'eta': 5866.39518, 'eta_hours': 1.62955, 'loss': 9.50571442, 'lr': 9.186e-05, 'params': 1823862, 'time_iter': 0.47011, 'mae': 0.36187, 'r2': 0.89961, 'spearmanr': 0.96047, 'mse': 0.40592, 'rmse': 0.63712, 'loss_node': 4.703945527267456, 'loss_edge': 1.9034891748428344, 'loss_graph': 2.492360820388794, 'loss_task': 0.405918860244751, 'loss_encoder': 0.0}
train: {'epoch': 91, 'time_epoch': 18.81932, 'eta': 5846.85509, 'eta_hours': 1.62413, 'loss': 9.45755237, 'lr': 9.163e-05, 'params': 1823862, 'time_iter': 0.47048, 'mae': 0.38353, 'r2': 0.89659, 'spearmanr': 0.95841, 'mse': 0.41815, 'rmse': 0.64664, 'loss_node': 4.6667321640014645, 'loss_edge': 1.894248942756653, 'loss_graph': 2.4784250076293945, 'loss_task': 0.41814626235961916, 'loss_encoder': 0.0}
train: {'epoch': 92, 'time_epoch': 18.81302, 'eta': 5827.3097, 'eta_hours': 1.6187, 'loss': 9.34261791, 'lr': 9.14e-05, 'params': 1823862, 'time_iter': 0.47033, 'mae': 0.3729, 'r2': 0.9007, 'spearmanr': 0.9592, 'mse': 0.40152, 'rmse': 0.63365, 'loss_node': 4.619974917602539, 'loss_edge': 1.897968768119812, 'loss_graph': 2.4231574626922607, 'loss_task': 0.4015167925596237, 'loss_encoder': 0.0}
train: {'epoch': 93, 'time_epoch': 18.83708, 'eta': 5807.85823, 'eta_hours': 1.61329, 'loss': 9.31998327, 'lr': 9.117e-05, 'params': 1823862, 'time_iter': 0.47093, 'mae': 0.3803, 'r2': 0.89667, 'spearmanr': 0.957, 'mse': 0.4178, 'rmse': 0.64638, 'loss_node': 4.579123793792725, 'loss_edge': 1.8920021530151367, 'loss_graph': 2.4310540939331053, 'loss_task': 0.41780320711135865, 'loss_encoder': 0.0}
train: {'epoch': 94, 'time_epoch': 19.03353, 'eta': 5789.0504, 'eta_hours': 1.60807, 'loss': 9.4467202, 'lr': 9.093e-05, 'params': 1823862, 'time_iter': 0.47584, 'mae': 0.3877, 'r2': 0.89832, 'spearmanr': 0.95657, 'mse': 0.41112, 'rmse': 0.64119, 'loss_node': 4.548122474288941, 'loss_edge': 1.8862507697105408, 'loss_graph': 2.601224440956116, 'loss_task': 0.41112242834568025, 'loss_encoder': 0.0}
train: {'epoch': 95, 'time_epoch': 18.83091, 'eta': 5769.59624, 'eta_hours': 1.60267, 'loss': 9.32391407, 'lr': 9.069e-05, 'params': 1823862, 'time_iter': 0.47077, 'mae': 0.39252, 'r2': 0.89616, 'spearmanr': 0.95584, 'mse': 0.41988, 'rmse': 0.64798, 'loss_node': 4.52724613571167, 'loss_edge': 1.8938301788330079, 'loss_graph': 2.482957749938965, 'loss_task': 0.41987998280525207, 'loss_encoder': 0.0}
train: {'epoch': 96, 'time_epoch': 18.85915, 'eta': 5750.24313, 'eta_hours': 1.59729, 'loss': 9.20202193, 'lr': 9.045e-05, 'params': 1823862, 'time_iter': 0.47148, 'mae': 0.38735, 'r2': 0.89604, 'spearmanr': 0.95654, 'mse': 0.42036, 'rmse': 0.64835, 'loss_node': 4.4866965408325195, 'loss_edge': 1.878027275466919, 'loss_graph': 2.4169419841766357, 'loss_task': 0.4203562333345413, 'loss_encoder': 0.0}
train: {'epoch': 97, 'time_epoch': 18.81353, 'eta': 5730.75951, 'eta_hours': 1.59188, 'loss': 8.99037211, 'lr': 9.021e-05, 'params': 1823862, 'time_iter': 0.47034, 'mae': 0.35708, 'r2': 0.91063, 'spearmanr': 0.96024, 'mse': 0.36138, 'rmse': 0.60115, 'loss_node': 4.45132989730835, 'loss_edge': 1.8780259174346925, 'loss_graph': 2.299638854980469, 'loss_task': 0.3613774432659149, 'loss_encoder': 0.0}
train: {'epoch': 98, 'time_epoch': 18.84951, 'eta': 5711.39882, 'eta_hours': 1.5865, 'loss': 9.13352832, 'lr': 8.996e-05, 'params': 1823862, 'time_iter': 0.47124, 'mae': 0.40469, 'r2': 0.89675, 'spearmanr': 0.95414, 'mse': 0.41748, 'rmse': 0.64613, 'loss_node': 4.4211103591918945, 'loss_edge': 1.8766531902313233, 'loss_graph': 2.4182862111091614, 'loss_task': 0.4174784737825394, 'loss_encoder': 0.0}
train: {'epoch': 99, 'time_epoch': 18.8201, 'eta': 5691.96013, 'eta_hours': 1.5811, 'loss': 8.89224584, 'lr': 8.971e-05, 'params': 1823862, 'time_iter': 0.4705, 'mae': 0.37336, 'r2': 0.90277, 'spearmanr': 0.9571, 'mse': 0.39312, 'rmse': 0.627, 'loss_node': 4.391394379425049, 'loss_edge': 1.8697342044830323, 'loss_graph': 2.2379936611175535, 'loss_task': 0.3931235083580017, 'loss_encoder': 0.0}
Inference: Switched to EMA weights
Inference: Restored training weights
Inference: Switched to EMA weights
Inference: Restored training weights
Inference: Switched to EMA weights
Inference: Restored training weights
Inference: Switched to EMA weights
Inference: Restored training weights
val: {'epoch': 99, 'time_epoch': 28.65048, 'loss': 0.31658096, 'lr': 0, 'params': 1823862, 'time_iter': 7.16262, 'mae': 0.4145, 'r2': 0.91962, 'spearmanr': 0.95423, 'mse': 0.31658, 'rmse': 0.56266}
Inference: Switched to EMA weights
Inference: Restored training weights
Inference: Switched to EMA weights
Inference: Restored training weights
Inference: Switched to EMA weights
Inference: Restored training weights
Inference: Switched to EMA weights
Inference: Restored training weights
test: {'epoch': 99, 'time_epoch': 28.72838, 'loss': 0.26735649, 'lr': 0, 'params': 1823862, 'time_iter': 7.1821, 'mae': 0.40354, 'r2': 0.93428, 'spearmanr': 0.96065, 'mse': 0.26736, 'rmse': 0.51707}
> Epoch 99: took 76.2s (avg 25.3s) | Best so far: epoch 99	train_loss: 8.8922 train_mae: 0.3734	val_loss: 0.3166 val_mae: 0.4145	test_loss: 0.2674 test_mae: 0.4035
train: {'epoch': 100, 'time_epoch': 18.78913, 'eta': 5672.442, 'eta_hours': 1.57568, 'loss': 9.10890791, 'lr': 8.946e-05, 'params': 1823862, 'time_iter': 0.46973, 'mae': 0.4007, 'r2': 0.90425, 'spearmanr': 0.95293, 'mse': 0.38714, 'rmse': 0.6222, 'loss_node': 4.3409916831970214, 'loss_edge': 1.869159461593628, 'loss_graph': 2.5116203678131104, 'loss_task': 0.38713629994392396, 'loss_encoder': 0.0}
train: {'epoch': 101, 'time_epoch': 18.791, 'eta': 5652.94363, 'eta_hours': 1.57026, 'loss': 8.75750417, 'lr': 8.92e-05, 'params': 1823862, 'time_iter': 0.46977, 'mae': 0.37007, 'r2': 0.91279, 'spearmanr': 0.95934, 'mse': 0.35262, 'rmse': 0.59381, 'loss_node': 4.314276137542724, 'loss_edge': 1.8721613153457641, 'loss_graph': 2.21845141582489, 'loss_task': 0.35261525151729584, 'loss_encoder': 0.0}
train: {'epoch': 102, 'time_epoch': 18.8159, 'eta': 5633.5308, 'eta_hours': 1.56487, 'loss': 8.72387154, 'lr': 8.894e-05, 'params': 1823862, 'time_iter': 0.4704, 'mae': 0.38355, 'r2': 0.90798, 'spearmanr': 0.95879, 'mse': 0.37209, 'rmse': 0.60999, 'loss_node': 4.2738282608032225, 'loss_edge': 1.871319169998169, 'loss_graph': 2.2066359989166258, 'loss_task': 0.37208808879852295, 'loss_encoder': 0.0}
train: {'epoch': 103, 'time_epoch': 19.01598, 'eta': 5614.6989, 'eta_hours': 1.55964, 'loss': 8.68026374, 'lr': 8.868e-05, 'params': 1823862, 'time_iter': 0.4754, 'mae': 0.40021, 'r2': 0.90536, 'spearmanr': 0.95291, 'mse': 0.38265, 'rmse': 0.61859, 'loss_node': 4.233026734924317, 'loss_edge': 1.8684808057785034, 'loss_graph': 2.1961072299957274, 'loss_task': 0.3826489096403122, 'loss_encoder': 0.0}
train: {'epoch': 104, 'time_epoch': 18.84065, 'eta': 5595.3709, 'eta_hours': 1.55427, 'loss': 8.56860352, 'lr': 8.842e-05, 'params': 1823862, 'time_iter': 0.47102, 'mae': 0.37217, 'r2': 0.91434, 'spearmanr': 0.95796, 'mse': 0.34636, 'rmse': 0.58853, 'loss_node': 4.196603944396973, 'loss_edge': 1.862910129547119, 'loss_graph': 2.162726191520691, 'loss_task': 0.34636333799362184, 'loss_encoder': 0.0}
train: {'epoch': 105, 'time_epoch': 18.80813, 'eta': 5575.96192, 'eta_hours': 1.54888, 'loss': 8.42735992, 'lr': 8.815e-05, 'params': 1823862, 'time_iter': 0.4702, 'mae': 0.37688, 'r2': 0.91308, 'spearmanr': 0.95811, 'mse': 0.35146, 'rmse': 0.59284, 'loss_node': 4.1607231986999516, 'loss_edge': 1.8602329689025878, 'loss_graph': 2.054940267944336, 'loss_task': 0.3514634337902069, 'loss_encoder': 0.0}
train: {'epoch': 106, 'time_epoch': 18.80391, 'eta': 5556.5526, 'eta_hours': 1.54349, 'loss': 8.34469458, 'lr': 8.789e-05, 'params': 1823862, 'time_iter': 0.4701, 'mae': 0.37342, 'r2': 0.92025, 'spearmanr': 0.95715, 'mse': 0.32248, 'rmse': 0.56787, 'loss_node': 4.109505738067627, 'loss_edge': 1.8516027912139892, 'loss_graph': 2.061108474254608, 'loss_task': 0.3224774468421936, 'loss_encoder': 0.0}
train: {'epoch': 107, 'time_epoch': 18.79669, 'eta': 5537.13498, 'eta_hours': 1.53809, 'loss': 8.35584957, 'lr': 8.761e-05, 'params': 1823862, 'time_iter': 0.46992, 'mae': 0.39738, 'r2': 0.91194, 'spearmanr': 0.95567, 'mse': 0.35607, 'rmse': 0.59672, 'loss_node': 4.066387532806396, 'loss_edge': 1.8569270725250244, 'loss_graph': 2.076460805511475, 'loss_task': 0.3560741072416306, 'loss_encoder': 0.0}
train: {'epoch': 108, 'time_epoch': 18.81514, 'eta': 5517.778, 'eta_hours': 1.53272, 'loss': 8.30205632, 'lr': 8.734e-05, 'params': 1823862, 'time_iter': 0.47038, 'mae': 0.38547, 'r2': 0.92036, 'spearmanr': 0.95497, 'mse': 0.32202, 'rmse': 0.56747, 'loss_node': 4.028034693145752, 'loss_edge': 1.8492837650299072, 'loss_graph': 2.1027141300201415, 'loss_task': 0.3220237968683243, 'loss_encoder': 0.0}
train: {'epoch': 109, 'time_epoch': 18.81134, 'eta': 5498.42085, 'eta_hours': 1.52734, 'loss': 8.11167121, 'lr': 8.706e-05, 'params': 1823862, 'time_iter': 0.47028, 'mae': 0.37574, 'r2': 0.91975, 'spearmanr': 0.95773, 'mse': 0.32447, 'rmse': 0.56963, 'loss_node': 3.98522202129364, 'loss_edge': 1.849232719898224, 'loss_graph': 1.9527435665130615, 'loss_task': 0.3244729477405548, 'loss_encoder': 0.0}
Inference: Switched to EMA weights
Inference: Restored training weights
Inference: Switched to EMA weights
Inference: Restored training weights
Inference: Switched to EMA weights
Inference: Restored training weights
Inference: Switched to EMA weights
Inference: Restored training weights
val: {'epoch': 109, 'time_epoch': 28.64044, 'loss': 0.2437878, 'lr': 0, 'params': 1823862, 'time_iter': 7.16011, 'mae': 0.37187, 'r2': 0.93811, 'spearmanr': 0.95448, 'mse': 0.24379, 'rmse': 0.49375}
Inference: Switched to EMA weights
Inference: Restored training weights
Inference: Switched to EMA weights
Inference: Restored training weights
Inference: Switched to EMA weights
Inference: Restored training weights
Inference: Switched to EMA weights
Inference: Restored training weights
test: {'epoch': 109, 'time_epoch': 28.71678, 'loss': 0.21435577, 'lr': 0, 'params': 1823862, 'time_iter': 7.17919, 'mae': 0.36339, 'r2': 0.94731, 'spearmanr': 0.96535, 'mse': 0.21436, 'rmse': 0.46299}
> Epoch 109: took 76.2s (avg 25.2s) | Best so far: epoch 109	train_loss: 8.1117 train_mae: 0.3757	val_loss: 0.2438 val_mae: 0.3719	test_loss: 0.2144 test_mae: 0.3634
train: {'epoch': 110, 'time_epoch': 18.81129, 'eta': 5479.07342, 'eta_hours': 1.52196, 'loss': 8.1223294, 'lr': 8.679e-05, 'params': 1823862, 'time_iter': 0.47028, 'mae': 0.37048, 'r2': 0.92605, 'spearmanr': 0.95789, 'mse': 0.299, 'rmse': 0.54681, 'loss_node': 3.9283504817962647, 'loss_edge': 1.8485974544525146, 'loss_graph': 2.046377533340454, 'loss_task': 0.29900396027565, 'loss_encoder': 0.0}
train: {'epoch': 111, 'time_epoch': 18.82886, 'eta': 5459.78072, 'eta_hours': 1.51661, 'loss': 8.11487841, 'lr': 8.65e-05, 'params': 1823862, 'time_iter': 0.47072, 'mae': 0.39139, 'r2': 0.9131, 'spearmanr': 0.95635, 'mse': 0.35136, 'rmse': 0.59276, 'loss_node': 3.898528449249268, 'loss_edge': 1.8482248433113098, 'loss_graph': 2.016760865974426, 'loss_task': 0.3513642002105713, 'loss_encoder': 0.0}
train: {'epoch': 112, 'time_epoch': 18.8463, 'eta': 5440.54054, 'eta_hours': 1.51126, 'loss': 7.9738766, 'lr': 8.622e-05, 'params': 1823862, 'time_iter': 0.47116, 'mae': 0.37668, 'r2': 0.92397, 'spearmanr': 0.9577, 'mse': 0.30741, 'rmse': 0.55445, 'loss_node': 3.851339138031006, 'loss_edge': 1.848290439414978, 'loss_graph': 1.9668359104156494, 'loss_task': 0.30741109609603884, 'loss_encoder': 0.0}
train: {'epoch': 113, 'time_epoch': 18.99725, 'eta': 5421.68596, 'eta_hours': 1.50602, 'loss': 7.91727246, 'lr': 8.594e-05, 'params': 1823862, 'time_iter': 0.47493, 'mae': 0.37221, 'r2': 0.92222, 'spearmanr': 0.95809, 'mse': 0.31449, 'rmse': 0.56079, 'loss_node': 3.8001207660675047, 'loss_edge': 1.8360393238067627, 'loss_graph': 1.9666221788406373, 'loss_task': 0.31449004738330844, 'loss_encoder': 0.0}
train: {'epoch': 114, 'time_epoch': 18.82037, 'eta': 5402.39055, 'eta_hours': 1.50066, 'loss': 7.89483174, 'lr': 8.565e-05, 'params': 1823862, 'time_iter': 0.47051, 'mae': 0.38647, 'r2': 0.92236, 'spearmanr': 0.95711, 'mse': 0.31393, 'rmse': 0.56029, 'loss_node': 3.765811318206787, 'loss_edge': 1.8367504323959352, 'loss_graph': 1.9783400182723998, 'loss_task': 0.31393008707761766, 'loss_encoder': 0.0}
train: {'epoch': 115, 'time_epoch': 18.8281, 'eta': 5383.12225, 'eta_hours': 1.49531, 'loss': 7.84754375, 'lr': 8.536e-05, 'params': 1823862, 'time_iter': 0.4707, 'mae': 0.38835, 'r2': 0.9182, 'spearmanr': 0.95366, 'mse': 0.33076, 'rmse': 0.57512, 'loss_node': 3.7091179260253906, 'loss_edge': 1.8299195135116577, 'loss_graph': 1.9777437599182128, 'loss_task': 0.33076246461868286, 'loss_encoder': 0.0}
train: {'epoch': 116, 'time_epoch': 18.81457, 'eta': 5363.82877, 'eta_hours': 1.48995, 'loss': 7.71338157, 'lr': 8.506e-05, 'params': 1823862, 'time_iter': 0.47036, 'mae': 0.38375, 'r2': 0.92973, 'spearmanr': 0.95405, 'mse': 0.28412, 'rmse': 0.53303, 'loss_node': 3.667374048614502, 'loss_edge': 1.839119235610962, 'loss_graph': 1.9227706615447997, 'loss_task': 0.2841177248239517, 'loss_encoder': 0.0}
train: {'epoch': 117, 'time_epoch': 18.79781, 'eta': 5344.50334, 'eta_hours': 1.48458, 'loss': 7.65769892, 'lr': 8.477e-05, 'params': 1823862, 'time_iter': 0.46995, 'mae': 0.37414, 'r2': 0.92489, 'spearmanr': 0.95806, 'mse': 0.3037, 'rmse': 0.55109, 'loss_node': 3.6093308418273926, 'loss_edge': 1.8293164266586304, 'loss_graph': 1.9153495393753053, 'loss_task': 0.3037022234916687, 'loss_encoder': 0.0}
train: {'epoch': 118, 'time_epoch': 18.82993, 'eta': 5325.26261, 'eta_hours': 1.47924, 'loss': 7.47903438, 'lr': 8.447e-05, 'params': 1823862, 'time_iter': 0.47075, 'mae': 0.38196, 'r2': 0.92956, 'spearmanr': 0.95386, 'mse': 0.28481, 'rmse': 0.53368, 'loss_node': 3.5623626026153565, 'loss_edge': 1.8261004133224488, 'loss_graph': 1.8057618133544922, 'loss_task': 0.28480963225364686, 'loss_encoder': 0.0}
train: {'epoch': 119, 'time_epoch': 19.0023, 'eta': 5306.43094, 'eta_hours': 1.47401, 'loss': 7.46509305, 'lr': 8.417e-05, 'params': 1823862, 'time_iter': 0.47506, 'mae': 0.3827, 'r2': 0.92821, 'spearmanr': 0.95514, 'mse': 0.29027, 'rmse': 0.53877, 'loss_node': 3.5302975563049315, 'loss_edge': 1.8232676502227783, 'loss_graph': 1.8212586921691896, 'loss_task': 0.29026915192604064, 'loss_encoder': 0.0}
Inference: Switched to EMA weights
Inference: Restored training weights
Inference: Switched to EMA weights
Inference: Restored training weights
Inference: Switched to EMA weights
Inference: Restored training weights
Inference: Switched to EMA weights
Inference: Restored training weights
val: {'epoch': 119, 'time_epoch': 28.64161, 'loss': 0.24587451, 'lr': 0, 'params': 1823862, 'time_iter': 7.1604, 'mae': 0.38606, 'r2': 0.93758, 'spearmanr': 0.95049, 'mse': 0.24587, 'rmse': 0.49586}
Inference: Switched to EMA weights
Inference: Restored training weights
Inference: Switched to EMA weights
Inference: Restored training weights
Inference: Switched to EMA weights
Inference: Restored training weights
Inference: Switched to EMA weights
Inference: Restored training weights
test: {'epoch': 119, 'time_epoch': 28.71711, 'loss': 0.21221557, 'lr': 0, 'params': 1823862, 'time_iter': 7.17928, 'mae': 0.36012, 'r2': 0.94784, 'spearmanr': 0.96222, 'mse': 0.21222, 'rmse': 0.46067}
> Epoch 119: took 76.4s (avg 25.2s) | Best so far: epoch 109	train_loss: 8.1117 train_mae: 0.3757	val_loss: 0.2438 val_mae: 0.3719	test_loss: 0.2144 test_mae: 0.3634
train: {'epoch': 120, 'time_epoch': 18.82268, 'eta': 5287.18228, 'eta_hours': 1.46866, 'loss': 7.41385834, 'lr': 8.386e-05, 'params': 1823862, 'time_iter': 0.47057, 'mae': 0.37584, 'r2': 0.92892, 'spearmanr': 0.95598, 'mse': 0.28739, 'rmse': 0.53609, 'loss_node': 3.4832555507659912, 'loss_edge': 1.8172630195617676, 'loss_graph': 1.8259447580337524, 'loss_task': 0.2873949480056763, 'loss_encoder': 0.0}
train: {'epoch': 121, 'time_epoch': 18.83832, 'eta': 5267.97624, 'eta_hours': 1.46333, 'loss': 7.24331923, 'lr': 8.356e-05, 'params': 1823862, 'time_iter': 0.47096, 'mae': 0.37652, 'r2': 0.93358, 'spearmanr': 0.95598, 'mse': 0.26857, 'rmse': 0.51823, 'loss_node': 3.4402571006774902, 'loss_edge': 1.8124931125640869, 'loss_graph': 1.7220035473823547, 'loss_task': 0.2685654819726944, 'loss_encoder': 0.0}
train: {'epoch': 122, 'time_epoch': 18.82533, 'eta': 5248.74692, 'eta_hours': 1.45799, 'loss': 7.29107489, 'lr': 8.325e-05, 'params': 1823862, 'time_iter': 0.47063, 'mae': 0.3774, 'r2': 0.93036, 'spearmanr': 0.95606, 'mse': 0.28159, 'rmse': 0.53065, 'loss_node': 3.406954286956787, 'loss_edge': 1.8154813495635986, 'loss_graph': 1.7870538192749024, 'loss_task': 0.2815854861021042, 'loss_encoder': 0.0}
train: {'epoch': 123, 'time_epoch': 18.81143, 'eta': 5229.49317, 'eta_hours': 1.45264, 'loss': 7.13270042, 'lr': 8.294e-05, 'params': 1823862, 'time_iter': 0.47029, 'mae': 0.37378, 'r2': 0.93203, 'spearmanr': 0.95559, 'mse': 0.27484, 'rmse': 0.52426, 'loss_node': 3.3522972694396973, 'loss_edge': 1.8174514472961425, 'loss_graph': 1.6881083179473877, 'loss_task': 0.27484338994026186, 'loss_encoder': 0.0}
train: {'epoch': 124, 'time_epoch': 18.83841, 'eta': 5210.30587, 'eta_hours': 1.44731, 'loss': 7.09133315, 'lr': 8.263e-05, 'params': 1823862, 'time_iter': 0.47096, 'mae': 0.3715, 'r2': 0.93246, 'spearmanr': 0.95844, 'mse': 0.27309, 'rmse': 0.52258, 'loss_node': 3.318479891586304, 'loss_edge': 1.812165965461731, 'loss_graph': 1.6875998149871827, 'loss_task': 0.2730875140428543, 'loss_encoder': 0.0}
train: {'epoch': 125, 'time_epoch': 18.82875, 'eta': 5191.10309, 'eta_hours': 1.44197, 'loss': 7.074526, 'lr': 8.231e-05, 'params': 1823862, 'time_iter': 0.47072, 'mae': 0.37049, 'r2': 0.93582, 'spearmanr': 0.95728, 'mse': 0.25951, 'rmse': 0.50942, 'loss_node': 3.2750243717193603, 'loss_edge': 1.8095071907043456, 'loss_graph': 1.7304840160369872, 'loss_task': 0.25951040983200074, 'loss_encoder': 0.0}
train: {'epoch': 126, 'time_epoch': 18.95748, 'eta': 5172.18294, 'eta_hours': 1.43672, 'loss': 6.9534391, 'lr': 8.2e-05, 'params': 1823862, 'time_iter': 0.47394, 'mae': 0.36881, 'r2': 0.93542, 'spearmanr': 0.95922, 'mse': 0.26112, 'rmse': 0.511, 'loss_node': 3.2432888004302978, 'loss_edge': 1.8016856252670288, 'loss_graph': 1.647342088317871, 'loss_task': 0.2611225270271301, 'loss_encoder': 0.0}
train: {'epoch': 127, 'time_epoch': 18.81933, 'eta': 5152.96862, 'eta_hours': 1.43138, 'loss': 6.94037093, 'lr': 8.168e-05, 'params': 1823862, 'time_iter': 0.47048, 'mae': 0.37739, 'r2': 0.93591, 'spearmanr': 0.95433, 'mse': 0.25915, 'rmse': 0.50907, 'loss_node': 3.2158458000183106, 'loss_edge': 1.8021717227935792, 'loss_graph': 1.6632023666381837, 'loss_task': 0.2591509745836258, 'loss_encoder': 0.0}
train: {'epoch': 128, 'time_epoch': 18.82535, 'eta': 5133.77308, 'eta_hours': 1.42605, 'loss': 6.88466223, 'lr': 8.136e-05, 'params': 1823862, 'time_iter': 0.47063, 'mae': 0.37545, 'r2': 0.93719, 'spearmanr': 0.95623, 'mse': 0.25397, 'rmse': 0.50395, 'loss_node': 3.1692884449005128, 'loss_edge': 1.7974265838623047, 'loss_graph': 1.6639790563583374, 'loss_task': 0.2539680967211723, 'loss_encoder': 0.0}
train: {'epoch': 129, 'time_epoch': 18.82742, 'eta': 5114.58753, 'eta_hours': 1.42072, 'loss': 6.8735951, 'lr': 8.104e-05, 'params': 1823862, 'time_iter': 0.47069, 'mae': 0.36937, 'r2': 0.93474, 'spearmanr': 0.96005, 'mse': 0.26389, 'rmse': 0.5137, 'loss_node': 3.1206750747680663, 'loss_edge': 1.7986171989440918, 'loss_graph': 1.6904168718338013, 'loss_task': 0.2638859258174896, 'loss_encoder': 0.0}
Inference: Switched to EMA weights
Inference: Restored training weights
Inference: Switched to EMA weights
Inference: Restored training weights
Inference: Switched to EMA weights
Inference: Restored training weights
Inference: Switched to EMA weights
Inference: Restored training weights
val: {'epoch': 129, 'time_epoch': 28.63809, 'loss': 0.23753564, 'lr': 0, 'params': 1823862, 'time_iter': 7.15952, 'mae': 0.37215, 'r2': 0.93969, 'spearmanr': 0.95367, 'mse': 0.23754, 'rmse': 0.48738}
Inference: Switched to EMA weights
Inference: Restored training weights
Inference: Switched to EMA weights
Inference: Restored training weights
Inference: Switched to EMA weights
Inference: Restored training weights
Inference: Switched to EMA weights
Inference: Restored training weights
test: {'epoch': 129, 'time_epoch': 28.73018, 'loss': 0.21603258, 'lr': 0, 'params': 1823862, 'time_iter': 7.18254, 'mae': 0.36341, 'r2': 0.9469, 'spearmanr': 0.96008, 'mse': 0.21603, 'rmse': 0.46479}
> Epoch 129: took 76.2s (avg 25.1s) | Best so far: epoch 109	train_loss: 8.1117 train_mae: 0.3757	val_loss: 0.2438 val_mae: 0.3719	test_loss: 0.2144 test_mae: 0.3634
train: {'epoch': 130, 'time_epoch': 18.80822, 'eta': 5095.36803, 'eta_hours': 1.41538, 'loss': 6.82481047, 'lr': 8.071e-05, 'params': 1823862, 'time_iter': 0.47021, 'mae': 0.37931, 'r2': 0.93376, 'spearmanr': 0.95588, 'mse': 0.26782, 'rmse': 0.51752, 'loss_node': 3.0913571006774903, 'loss_edge': 1.802312993621826, 'loss_graph': 1.6633169013977052, 'loss_task': 0.26782345368862154, 'loss_encoder': 0.0}
train: {'epoch': 131, 'time_epoch': 18.78436, 'eta': 5076.10632, 'eta_hours': 1.41003, 'loss': 6.7428074, 'lr': 8.038e-05, 'params': 1823862, 'time_iter': 0.46961, 'mae': 0.37777, 'r2': 0.93498, 'spearmanr': 0.95563, 'mse': 0.26292, 'rmse': 0.51276, 'loss_node': 3.0631488201141357, 'loss_edge': 1.7913738986968994, 'loss_graph': 1.6253642929077148, 'loss_task': 0.2629203847169876, 'loss_encoder': 0.0}
train: {'epoch': 132, 'time_epoch': 18.95335, 'eta': 5057.19102, 'eta_hours': 1.40478, 'loss': 6.63015808, 'lr': 8.005e-05, 'params': 1823862, 'time_iter': 0.47383, 'mae': 0.36453, 'r2': 0.94038, 'spearmanr': 0.95907, 'mse': 0.24106, 'rmse': 0.49098, 'loss_node': 3.028531692695618, 'loss_edge': 1.7930728380203247, 'loss_graph': 1.5674941566467284, 'loss_task': 0.24105942344665526, 'loss_encoder': 0.0}
train: {'epoch': 133, 'time_epoch': 18.83487, 'eta': 5038.03997, 'eta_hours': 1.39946, 'loss': 6.80910153, 'lr': 7.972e-05, 'params': 1823862, 'time_iter': 0.47087, 'mae': 0.36976, 'r2': 0.93776, 'spearmanr': 0.96061, 'mse': 0.25166, 'rmse': 0.50165, 'loss_node': 2.994015438461304, 'loss_edge': 1.7884035608291626, 'loss_graph': 1.7750274648666382, 'loss_task': 0.2516550147294998, 'loss_encoder': 0.0}
train: {'epoch': 134, 'time_epoch': 18.82975, 'eta': 5018.88356, 'eta_hours': 1.39413, 'loss': 6.55452252, 'lr': 7.939e-05, 'params': 1823862, 'time_iter': 0.47074, 'mae': 0.37188, 'r2': 0.93807, 'spearmanr': 0.95831, 'mse': 0.25043, 'rmse': 0.50043, 'loss_node': 2.9666653755187986, 'loss_edge': 1.7911030445098877, 'loss_graph': 1.546327939224243, 'loss_task': 0.25042622923851016, 'loss_encoder': 0.0}
train: {'epoch': 135, 'time_epoch': 18.8106, 'eta': 4999.69477, 'eta_hours': 1.3888, 'loss': 6.59748812, 'lr': 7.905e-05, 'params': 1823862, 'time_iter': 0.47027, 'mae': 0.37165, 'r2': 0.93633, 'spearmanr': 0.95964, 'mse': 0.25746, 'rmse': 0.5074, 'loss_node': 2.936134946060181, 'loss_edge': 1.7860115673065184, 'loss_graph': 1.6178858924865722, 'loss_task': 0.2574557587385178, 'loss_encoder': 0.0}
train: {'epoch': 136, 'time_epoch': 18.82061, 'eta': 4980.53072, 'eta_hours': 1.38348, 'loss': 6.55464353, 'lr': 7.872e-05, 'params': 1823862, 'time_iter': 0.47052, 'mae': 0.38666, 'r2': 0.93346, 'spearmanr': 0.95734, 'mse': 0.26905, 'rmse': 0.5187, 'loss_node': 2.9040249340057374, 'loss_edge': 1.7884510480880738, 'loss_graph': 1.593114017868042, 'loss_task': 0.26905356917381285, 'loss_encoder': 0.0}
train: {'epoch': 137, 'time_epoch': 18.8304, 'eta': 4961.39023, 'eta_hours': 1.37816, 'loss': 6.49601841, 'lr': 7.838e-05, 'params': 1823862, 'time_iter': 0.47076, 'mae': 0.37463, 'r2': 0.93885, 'spearmanr': 0.9577, 'mse': 0.24725, 'rmse': 0.49724, 'loss_node': 2.876663749694824, 'loss_edge': 1.7862948268890382, 'loss_graph': 1.5858142709732055, 'loss_task': 0.24724551076889037, 'loss_encoder': 0.0}
train: {'epoch': 138, 'time_epoch': 18.93181, 'eta': 4942.44463, 'eta_hours': 1.3729, 'loss': 6.41256586, 'lr': 7.804e-05, 'params': 1823862, 'time_iter': 0.4733, 'mae': 0.37436, 'r2': 0.9357, 'spearmanr': 0.95585, 'mse': 0.25998, 'rmse': 0.50988, 'loss_node': 2.852198073196411, 'loss_edge': 1.7773925064086915, 'loss_graph': 1.5229958576202394, 'loss_task': 0.25997933287620545, 'loss_encoder': 0.0}
train: {'epoch': 139, 'time_epoch': 18.79516, 'eta': 4923.24543, 'eta_hours': 1.36757, 'loss': 6.31303979, 'lr': 7.769e-05, 'params': 1823862, 'time_iter': 0.46988, 'mae': 0.37021, 'r2': 0.94034, 'spearmanr': 0.9587, 'mse': 0.24123, 'rmse': 0.49115, 'loss_node': 2.8228007862091062, 'loss_edge': 1.7697793758392335, 'loss_graph': 1.4792281820297242, 'loss_task': 0.2412314820289612, 'loss_encoder': 0.0}
Inference: Switched to EMA weights
Inference: Restored training weights
Inference: Switched to EMA weights
Inference: Restored training weights
Inference: Switched to EMA weights
Inference: Restored training weights
Inference: Switched to EMA weights
Inference: Restored training weights
val: {'epoch': 139, 'time_epoch': 28.63413, 'loss': 0.26554528, 'lr': 0, 'params': 1823862, 'time_iter': 7.15853, 'mae': 0.37504, 'r2': 0.93258, 'spearmanr': 0.95401, 'mse': 0.26555, 'rmse': 0.51531}
Inference: Switched to EMA weights
Inference: Restored training weights
Inference: Switched to EMA weights
Inference: Restored training weights
Inference: Switched to EMA weights
Inference: Restored training weights
Inference: Switched to EMA weights
Inference: Restored training weights
test: {'epoch': 139, 'time_epoch': 28.71773, 'loss': 0.21425031, 'lr': 0, 'params': 1823862, 'time_iter': 7.17943, 'mae': 0.36623, 'r2': 0.94734, 'spearmanr': 0.95866, 'mse': 0.21425, 'rmse': 0.46287}
> Epoch 139: took 76.2s (avg 25.1s) | Best so far: epoch 109	train_loss: 8.1117 train_mae: 0.3757	val_loss: 0.2438 val_mae: 0.3719	test_loss: 0.2144 test_mae: 0.3634
train: {'epoch': 140, 'time_epoch': 18.82453, 'eta': 4904.10593, 'eta_hours': 1.36225, 'loss': 6.4107739, 'lr': 7.735e-05, 'params': 1823862, 'time_iter': 0.47061, 'mae': 0.38538, 'r2': 0.93546, 'spearmanr': 0.95766, 'mse': 0.26098, 'rmse': 0.51086, 'loss_node': 2.790372378921509, 'loss_edge': 1.7758228685379027, 'loss_graph': 1.5835977758407593, 'loss_task': 0.2609808222532272, 'loss_encoder': 0.0}
train: {'epoch': 141, 'time_epoch': 18.80926, 'eta': 4884.94311, 'eta_hours': 1.35693, 'loss': 6.66925142, 'lr': 7.7e-05, 'params': 1823862, 'time_iter': 0.47023, 'mae': 0.37837, 'r2': 0.93939, 'spearmanr': 0.95718, 'mse': 0.24508, 'rmse': 0.49506, 'loss_node': 2.7622130931854247, 'loss_edge': 1.7709318264007567, 'loss_graph': 1.8910238666534425, 'loss_task': 0.2450825906276703, 'loss_encoder': 0.0}
train: {'epoch': 142, 'time_epoch': 18.81623, 'eta': 4865.79777, 'eta_hours': 1.35161, 'loss': 6.40999313, 'lr': 7.665e-05, 'params': 1823862, 'time_iter': 0.47041, 'mae': 0.38742, 'r2': 0.93522, 'spearmanr': 0.95624, 'mse': 0.26194, 'rmse': 0.5118, 'loss_node': 2.7418884176254275, 'loss_edge': 1.7814607535362244, 'loss_graph': 1.6247087348937987, 'loss_task': 0.26193523511886596, 'loss_encoder': 0.0}
train: {'epoch': 143, 'time_epoch': 18.80476, 'eta': 4846.6366, 'eta_hours': 1.34629, 'loss': 6.23054644, 'lr': 7.63e-05, 'params': 1823862, 'time_iter': 0.47012, 'mae': 0.37435, 'r2': 0.94051, 'spearmanr': 0.95953, 'mse': 0.24056, 'rmse': 0.49046, 'loss_node': 2.7067329364776613, 'loss_edge': 1.7684069890975953, 'loss_graph': 1.514851273727417, 'loss_task': 0.24055521411895753, 'loss_encoder': 0.0}
train: {'epoch': 144, 'time_epoch': 18.92093, 'eta': 4827.68465, 'eta_hours': 1.34102, 'loss': 6.12537729, 'lr': 7.595e-05, 'params': 1823862, 'time_iter': 0.47302, 'mae': 0.36594, 'r2': 0.94067, 'spearmanr': 0.95981, 'mse': 0.23991, 'rmse': 0.48981, 'loss_node': 2.6865085807800293, 'loss_edge': 1.7692100116729736, 'loss_graph': 1.4297439247131347, 'loss_task': 0.23991471848487855, 'loss_encoder': 0.0}
train: {'epoch': 145, 'time_epoch': 18.82908, 'eta': 4808.57333, 'eta_hours': 1.33571, 'loss': 6.46719609, 'lr': 7.559e-05, 'params': 1823862, 'time_iter': 0.47073, 'mae': 0.37771, 'r2': 0.92352, 'spearmanr': 0.95971, 'mse': 0.30922, 'rmse': 0.55608, 'loss_node': 2.6587821353912355, 'loss_edge': 1.7681113958358765, 'loss_graph': 1.7310821489334107, 'loss_task': 0.30922043390274045, 'loss_encoder': 0.0}
train: {'epoch': 146, 'time_epoch': 18.82437, 'eta': 4789.45774, 'eta_hours': 1.3304, 'loss': 6.1317637, 'lr': 7.524e-05, 'params': 1823862, 'time_iter': 0.47061, 'mae': 0.37688, 'r2': 0.93917, 'spearmanr': 0.95923, 'mse': 0.24597, 'rmse': 0.49595, 'loss_node': 2.639979222488403, 'loss_edge': 1.7596489267349242, 'loss_graph': 1.4861695484161377, 'loss_task': 0.24596599757671356, 'loss_encoder': 0.0}
train: {'epoch': 147, 'time_epoch': 18.82545, 'eta': 4770.34794, 'eta_hours': 1.3251, 'loss': 6.06404488, 'lr': 7.488e-05, 'params': 1823862, 'time_iter': 0.47064, 'mae': 0.36304, 'r2': 0.94736, 'spearmanr': 0.95912, 'mse': 0.21285, 'rmse': 0.46136, 'loss_node': 2.6093136249542237, 'loss_edge': 1.76305860786438, 'loss_graph': 1.4788181213378906, 'loss_task': 0.21285453205108643, 'loss_encoder': 0.0}
train: {'epoch': 148, 'time_epoch': 18.83147, 'eta': 4751.25208, 'eta_hours': 1.31979, 'loss': 6.00387908, 'lr': 7.452e-05, 'params': 1823862, 'time_iter': 0.47079, 'mae': 0.37305, 'r2': 0.93972, 'spearmanr': 0.95935, 'mse': 0.24376, 'rmse': 0.49372, 'loss_node': 2.5722562431335447, 'loss_edge': 1.7626320941925049, 'loss_graph': 1.425234860420227, 'loss_task': 0.2437558240413666, 'loss_encoder': 0.0}
train: {'epoch': 149, 'time_epoch': 18.8365, 'eta': 4732.16813, 'eta_hours': 1.31449, 'loss': 6.07142837, 'lr': 7.416e-05, 'params': 1823862, 'time_iter': 0.47091, 'mae': 0.37098, 'r2': 0.9438, 'spearmanr': 0.95919, 'mse': 0.22723, 'rmse': 0.47669, 'loss_node': 2.5521546745300294, 'loss_edge': 1.7547408584594726, 'loss_graph': 1.5372982845306395, 'loss_task': 0.22723449141979218, 'loss_encoder': 0.0}
Inference: Switched to EMA weights
Inference: Restored training weights
Inference: Switched to EMA weights
Inference: Restored training weights
Inference: Switched to EMA weights
Inference: Restored training weights
Inference: Switched to EMA weights
Inference: Restored training weights
val: {'epoch': 149, 'time_epoch': 28.64362, 'loss': 0.2315662, 'lr': 0, 'params': 1823862, 'time_iter': 7.1609, 'mae': 0.36325, 'r2': 0.94121, 'spearmanr': 0.95736, 'mse': 0.23157, 'rmse': 0.48121}
Inference: Switched to EMA weights
Inference: Restored training weights
Inference: Switched to EMA weights
Inference: Restored training weights
Inference: Switched to EMA weights
Inference: Restored training weights
Inference: Switched to EMA weights
Inference: Restored training weights
test: {'epoch': 149, 'time_epoch': 28.71552, 'loss': 0.22008237, 'lr': 0, 'params': 1823862, 'time_iter': 7.17888, 'mae': 0.37354, 'r2': 0.9459, 'spearmanr': 0.95968, 'mse': 0.22008, 'rmse': 0.46913}
> Epoch 149: took 76.2s (avg 25.1s) | Best so far: epoch 149	train_loss: 6.0714 train_mae: 0.3710	val_loss: 0.2316 val_mae: 0.3633	test_loss: 0.2201 test_mae: 0.3735
train: {'epoch': 150, 'time_epoch': 18.99885, 'eta': 4713.35518, 'eta_hours': 1.30927, 'loss': 6.09217334, 'lr': 7.38e-05, 'params': 1823862, 'time_iter': 0.47497, 'mae': 0.38253, 'r2': 0.93163, 'spearmanr': 0.95823, 'mse': 0.27644, 'rmse': 0.52578, 'loss_node': 2.5288397426605225, 'loss_edge': 1.751998715019226, 'loss_graph': 1.5348912239074708, 'loss_task': 0.2764436445236206, 'loss_encoder': 0.0}
train: {'epoch': 151, 'time_epoch': 18.82097, 'eta': 4694.24956, 'eta_hours': 1.30396, 'loss': 5.94137338, 'lr': 7.343e-05, 'params': 1823862, 'time_iter': 0.47052, 'mae': 0.38446, 'r2': 0.93577, 'spearmanr': 0.95685, 'mse': 0.25972, 'rmse': 0.50963, 'loss_node': 2.5000874443054197, 'loss_edge': 1.7489918026924134, 'loss_graph': 1.4325694257736206, 'loss_task': 0.25972462570667265, 'loss_encoder': 0.0}
train: {'epoch': 152, 'time_epoch': 18.82057, 'eta': 4675.14701, 'eta_hours': 1.29865, 'loss': 6.16021291, 'lr': 7.307e-05, 'params': 1823862, 'time_iter': 0.47051, 'mae': 0.37975, 'r2': 0.94025, 'spearmanr': 0.95883, 'mse': 0.2416, 'rmse': 0.49153, 'loss_node': 2.485608120727539, 'loss_edge': 1.7570704464912414, 'loss_graph': 1.6759322452545167, 'loss_task': 0.24160208733081817, 'loss_encoder': 0.0}
train: {'epoch': 153, 'time_epoch': 18.80988, 'eta': 4656.03104, 'eta_hours': 1.29334, 'loss': 5.87822415, 'lr': 7.27e-05, 'params': 1823862, 'time_iter': 0.47025, 'mae': 0.37314, 'r2': 0.93912, 'spearmanr': 0.95702, 'mse': 0.24617, 'rmse': 0.49615, 'loss_node': 2.4599674087524415, 'loss_edge': 1.7525040672302246, 'loss_graph': 1.4195836082458495, 'loss_task': 0.24616907527446746, 'loss_encoder': 0.0}
train: {'epoch': 154, 'time_epoch': 18.80789, 'eta': 4636.91589, 'eta_hours': 1.28803, 'loss': 5.8172564, 'lr': 7.233e-05, 'params': 1823862, 'time_iter': 0.4702, 'mae': 0.36424, 'r2': 0.94673, 'spearmanr': 0.95936, 'mse': 0.2154, 'rmse': 0.46411, 'loss_node': 2.426961770248413, 'loss_edge': 1.743741286087036, 'loss_graph': 1.4311521377563476, 'loss_task': 0.21540122261047362, 'loss_encoder': 0.0}
train: {'epoch': 155, 'time_epoch': 18.83464, 'eta': 4617.84652, 'eta_hours': 1.28274, 'loss': 5.72673054, 'lr': 7.196e-05, 'params': 1823862, 'time_iter': 0.47087, 'mae': 0.35322, 'r2': 0.94945, 'spearmanr': 0.96151, 'mse': 0.2044, 'rmse': 0.4521, 'loss_node': 2.40885159072876, 'loss_edge': 1.7483188591003418, 'loss_graph': 1.365163956642151, 'loss_task': 0.20439607074260713, 'loss_encoder': 0.0}
train: {'epoch': 156, 'time_epoch': 18.81651, 'eta': 4598.75207, 'eta_hours': 1.27743, 'loss': 5.7155611, 'lr': 7.159e-05, 'params': 1823862, 'time_iter': 0.47041, 'mae': 0.36572, 'r2': 0.94662, 'spearmanr': 0.95979, 'mse': 0.21584, 'rmse': 0.46458, 'loss_node': 2.378100047683716, 'loss_edge': 1.744771766090393, 'loss_graph': 1.376854130935669, 'loss_task': 0.21583508069515228, 'loss_encoder': 0.0}
train: {'epoch': 157, 'time_epoch': 18.83603, 'eta': 4579.69104, 'eta_hours': 1.27214, 'loss': 5.74841008, 'lr': 7.121e-05, 'params': 1823862, 'time_iter': 0.4709, 'mae': 0.36128, 'r2': 0.94275, 'spearmanr': 0.96048, 'mse': 0.2315, 'rmse': 0.48114, 'loss_node': 2.352658134841919, 'loss_edge': 1.742588383293152, 'loss_graph': 1.4216662948608398, 'loss_task': 0.2314973048210144, 'loss_encoder': 0.0}
train: {'epoch': 158, 'time_epoch': 18.84696, 'eta': 4560.6494, 'eta_hours': 1.26685, 'loss': 5.82072273, 'lr': 7.084e-05, 'params': 1823862, 'time_iter': 0.47117, 'mae': 0.3772, 'r2': 0.93904, 'spearmanr': 0.95916, 'mse': 0.24649, 'rmse': 0.49648, 'loss_node': 2.3301423820495604, 'loss_edge': 1.7414304601669313, 'loss_graph': 1.5026624641418458, 'loss_task': 0.24648741619586945, 'loss_encoder': 0.0}
train: {'epoch': 159, 'time_epoch': 18.7834, 'eta': 4541.51485, 'eta_hours': 1.26153, 'loss': 5.60925827, 'lr': 7.046e-05, 'params': 1823862, 'time_iter': 0.46958, 'mae': 0.36573, 'r2': 0.94432, 'spearmanr': 0.95974, 'mse': 0.22512, 'rmse': 0.47447, 'loss_node': 2.3177449291229246, 'loss_edge': 1.7385011079788208, 'loss_graph': 1.3278946212768554, 'loss_task': 0.2251176064014435, 'loss_encoder': 0.0}
Inference: Switched to EMA weights
Inference: Restored training weights
Inference: Switched to EMA weights
Inference: Restored training weights
Inference: Switched to EMA weights
Inference: Restored training weights
Inference: Switched to EMA weights
Inference: Restored training weights
val: {'epoch': 159, 'time_epoch': 28.63646, 'loss': 0.22266513, 'lr': 0, 'params': 1823862, 'time_iter': 7.15912, 'mae': 0.36449, 'r2': 0.94347, 'spearmanr': 0.95572, 'mse': 0.22267, 'rmse': 0.47187}
Inference: Switched to EMA weights
Inference: Restored training weights
Inference: Switched to EMA weights
Inference: Restored training weights
Inference: Switched to EMA weights
Inference: Restored training weights
Inference: Switched to EMA weights
Inference: Restored training weights
test: {'epoch': 159, 'time_epoch': 28.72191, 'loss': 0.19542131, 'lr': 0, 'params': 1823862, 'time_iter': 7.18048, 'mae': 0.3531, 'r2': 0.95196, 'spearmanr': 0.96521, 'mse': 0.19542, 'rmse': 0.44206}
> Epoch 159: took 76.2s (avg 25.0s) | Best so far: epoch 149	train_loss: 6.0714 train_mae: 0.3710	val_loss: 0.2316 val_mae: 0.3633	test_loss: 0.2201 test_mae: 0.3735
train: {'epoch': 160, 'time_epoch': 18.81403, 'eta': 4522.43014, 'eta_hours': 1.25623, 'loss': 5.57774909, 'lr': 7.008e-05, 'params': 1823862, 'time_iter': 0.47035, 'mae': 0.35479, 'r2': 0.94687, 'spearmanr': 0.96129, 'mse': 0.21481, 'rmse': 0.46347, 'loss_node': 2.2893493377685545, 'loss_edge': 1.7326104246139526, 'loss_graph': 1.3409811164855956, 'loss_task': 0.21480818862915038, 'loss_encoder': 0.0}
train: {'epoch': 161, 'time_epoch': 19.0211, 'eta': 4503.65299, 'eta_hours': 1.25101, 'loss': 5.78320009, 'lr': 6.971e-05, 'params': 1823862, 'time_iter': 0.47553, 'mae': 0.3822, 'r2': 0.94057, 'spearmanr': 0.95805, 'mse': 0.24028, 'rmse': 0.49018, 'loss_node': 2.276439919281006, 'loss_edge': 1.740929030418396, 'loss_graph': 1.525551760673523, 'loss_task': 0.24027945380210877, 'loss_encoder': 0.0}
train: {'epoch': 162, 'time_epoch': 18.83567, 'eta': 4484.60323, 'eta_hours': 1.24572, 'loss': 5.57542665, 'lr': 6.932e-05, 'params': 1823862, 'time_iter': 0.47089, 'mae': 0.36222, 'r2': 0.9467, 'spearmanr': 0.9612, 'mse': 0.2155, 'rmse': 0.46422, 'loss_node': 2.2626343008041383, 'loss_edge': 1.737038328933716, 'loss_graph': 1.3602536164283752, 'loss_task': 0.21550038104057312, 'loss_encoder': 0.0}
train: {'epoch': 163, 'time_epoch': 18.84531, 'eta': 4465.56996, 'eta_hours': 1.24044, 'loss': 5.469653, 'lr': 6.894e-05, 'params': 1823862, 'time_iter': 0.47113, 'mae': 0.35523, 'r2': 0.94645, 'spearmanr': 0.9629, 'mse': 0.21653, 'rmse': 0.46533, 'loss_node': 2.2336009841918947, 'loss_edge': 1.7262723335266112, 'loss_graph': 1.2932511497497559, 'loss_task': 0.21652851667404174, 'loss_encoder': 0.0}
train: {'epoch': 164, 'time_epoch': 18.80292, 'eta': 4446.47859, 'eta_hours': 1.23513, 'loss': 5.5980035, 'lr': 6.856e-05, 'params': 1823862, 'time_iter': 0.47007, 'mae': 0.36264, 'r2': 0.9447, 'spearmanr': 0.9604, 'mse': 0.2236, 'rmse': 0.47286, 'loss_node': 2.2015611473083494, 'loss_edge': 1.7318949411392213, 'loss_graph': 1.4409503885269166, 'loss_task': 0.2235970263004303, 'loss_encoder': 0.0}
train: {'epoch': 165, 'time_epoch': 18.82065, 'eta': 4427.41568, 'eta_hours': 1.22984, 'loss': 5.44494907, 'lr': 6.818e-05, 'params': 1823862, 'time_iter': 0.47052, 'mae': 0.35181, 'r2': 0.94801, 'spearmanr': 0.96334, 'mse': 0.21023, 'rmse': 0.45851, 'loss_node': 2.1859729530334473, 'loss_edge': 1.728374362373352, 'loss_graph': 1.3203740432739257, 'loss_task': 0.21022767221927643, 'loss_encoder': 0.0}
train: {'epoch': 166, 'time_epoch': 18.83001, 'eta': 4408.36874, 'eta_hours': 1.22455, 'loss': 5.50941312, 'lr': 6.779e-05, 'params': 1823862, 'time_iter': 0.47075, 'mae': 0.3592, 'r2': 0.94773, 'spearmanr': 0.96195, 'mse': 0.21133, 'rmse': 0.45971, 'loss_node': 2.1604975482940674, 'loss_edge': 1.7282075080871582, 'loss_graph': 1.4093793140411377, 'loss_task': 0.2113287930727005, 'loss_encoder': 0.0}
train: {'epoch': 167, 'time_epoch': 18.80477, 'eta': 4389.28952, 'eta_hours': 1.21925, 'loss': 5.46335841, 'lr': 6.74e-05, 'params': 1823862, 'time_iter': 0.47012, 'mae': 0.35916, 'r2': 0.94092, 'spearmanr': 0.96358, 'mse': 0.23888, 'rmse': 0.48875, 'loss_node': 2.1459490432739257, 'loss_edge': 1.7197531967163087, 'loss_graph': 1.3587748596191407, 'loss_task': 0.23888133537769318, 'loss_encoder': 0.0}
train: {'epoch': 168, 'time_epoch': 18.83872, 'eta': 4370.25996, 'eta_hours': 1.21396, 'loss': 5.34823181, 'lr': 6.701e-05, 'params': 1823862, 'time_iter': 0.47097, 'mae': 0.35141, 'r2': 0.95003, 'spearmanr': 0.96215, 'mse': 0.20204, 'rmse': 0.44949, 'loss_node': 2.123108267211914, 'loss_edge': 1.7139470127105714, 'loss_graph': 1.3091367572784425, 'loss_task': 0.20203976554870606, 'loss_encoder': 0.0}
train: {'epoch': 169, 'time_epoch': 18.78856, 'eta': 4351.16478, 'eta_hours': 1.20866, 'loss': 5.32507747, 'lr': 6.663e-05, 'params': 1823862, 'time_iter': 0.46971, 'mae': 0.36059, 'r2': 0.94535, 'spearmanr': 0.96177, 'mse': 0.22096, 'rmse': 0.47006, 'loss_node': 2.1018509872436524, 'loss_edge': 1.7060586473464965, 'loss_graph': 1.296211003112793, 'loss_task': 0.22095688600540161, 'loss_encoder': 0.0}
Inference: Switched to EMA weights
Inference: Restored training weights
Inference: Switched to EMA weights
Inference: Restored training weights
Inference: Switched to EMA weights
Inference: Restored training weights
Inference: Switched to EMA weights
Inference: Restored training weights
val: {'epoch': 169, 'time_epoch': 28.63958, 'loss': 0.19310784, 'lr': 0, 'params': 1823862, 'time_iter': 7.15989, 'mae': 0.34747, 'r2': 0.95097, 'spearmanr': 0.96054, 'mse': 0.19311, 'rmse': 0.43944}
Inference: Switched to EMA weights
Inference: Restored training weights
Inference: Switched to EMA weights
Inference: Restored training weights
Inference: Switched to EMA weights
Inference: Restored training weights
Inference: Switched to EMA weights
Inference: Restored training weights
test: {'epoch': 169, 'time_epoch': 28.72046, 'loss': 0.19242514, 'lr': 0, 'params': 1823862, 'time_iter': 7.18012, 'mae': 0.35049, 'r2': 0.9527, 'spearmanr': 0.96566, 'mse': 0.19243, 'rmse': 0.43866}
> Epoch 169: took 76.2s (avg 25.0s) | Best so far: epoch 169	train_loss: 5.3251 train_mae: 0.3606	val_loss: 0.1931 val_mae: 0.3475	test_loss: 0.1924 test_mae: 0.3505
train: {'epoch': 170, 'time_epoch': 18.83682, 'eta': 4332.13781, 'eta_hours': 1.20337, 'loss': 5.34085207, 'lr': 6.623e-05, 'params': 1823862, 'time_iter': 0.47092, 'mae': 0.36467, 'r2': 0.94694, 'spearmanr': 0.96083, 'mse': 0.21455, 'rmse': 0.46319, 'loss_node': 2.0804925464630126, 'loss_edge': 1.7095065355300902, 'loss_graph': 1.336305403137207, 'loss_task': 0.2145475357532501, 'loss_encoder': 0.0}
train: {'epoch': 171, 'time_epoch': 18.99612, 'eta': 4313.32422, 'eta_hours': 1.19815, 'loss': 5.30704603, 'lr': 6.584e-05, 'params': 1823862, 'time_iter': 0.4749, 'mae': 0.35511, 'r2': 0.94818, 'spearmanr': 0.96266, 'mse': 0.20951, 'rmse': 0.45773, 'loss_node': 2.0631152671813964, 'loss_edge': 1.701963816833496, 'loss_graph': 1.332452082824707, 'loss_task': 0.20951487178802491, 'loss_encoder': 0.0}
train: {'epoch': 172, 'time_epoch': 18.81176, 'eta': 4294.26661, 'eta_hours': 1.19285, 'loss': 5.28306425, 'lr': 6.545e-05, 'params': 1823862, 'time_iter': 0.47029, 'mae': 0.35166, 'r2': 0.95026, 'spearmanr': 0.9618, 'mse': 0.20111, 'rmse': 0.44845, 'loss_node': 2.0476377601623534, 'loss_edge': 1.707186395072937, 'loss_graph': 1.327131692123413, 'loss_task': 0.20110844492912291, 'loss_encoder': 0.0}
train: {'epoch': 173, 'time_epoch': 18.86267, 'eta': 4275.27796, 'eta_hours': 1.18758, 'loss': 5.23053154, 'lr': 6.506e-05, 'params': 1823862, 'time_iter': 0.47157, 'mae': 0.35276, 'r2': 0.9455, 'spearmanr': 0.96273, 'mse': 0.22036, 'rmse': 0.46943, 'loss_node': 2.028854892921448, 'loss_edge': 1.7066579124450683, 'loss_graph': 1.2746542892456054, 'loss_task': 0.22036447072029114, 'loss_encoder': 0.0}
train: {'epoch': 174, 'time_epoch': 18.8022, 'eta': 4256.21299, 'eta_hours': 1.18228, 'loss': 5.25015653, 'lr': 6.466e-05, 'params': 1823862, 'time_iter': 0.47005, 'mae': 0.35824, 'r2': 0.94747, 'spearmanr': 0.96253, 'mse': 0.21239, 'rmse': 0.46086, 'loss_node': 2.008573412322998, 'loss_edge': 1.698186179637909, 'loss_graph': 1.3310092029571534, 'loss_task': 0.21238769102096558, 'loss_encoder': 0.0}
train: {'epoch': 175, 'time_epoch': 18.81164, 'eta': 4237.16303, 'eta_hours': 1.17699, 'loss': 5.28193826, 'lr': 6.427e-05, 'params': 1823862, 'time_iter': 0.47029, 'mae': 0.36386, 'r2': 0.94541, 'spearmanr': 0.95978, 'mse': 0.22075, 'rmse': 0.46984, 'loss_node': 1.993275769996643, 'loss_edge': 1.6981120637893676, 'loss_graph': 1.3698031665802002, 'loss_task': 0.22074727745056152, 'loss_encoder': 0.0}
train: {'epoch': 176, 'time_epoch': 18.82709, 'eta': 4218.13522, 'eta_hours': 1.1717, 'loss': 5.20329668, 'lr': 6.387e-05, 'params': 1823862, 'time_iter': 0.47068, 'mae': 0.36155, 'r2': 0.94512, 'spearmanr': 0.96095, 'mse': 0.22191, 'rmse': 0.47108, 'loss_node': 1.9779290439605712, 'loss_edge': 1.7027597003936767, 'loss_graph': 1.3006952659606934, 'loss_task': 0.2219126600265503, 'loss_encoder': 0.0}
train: {'epoch': 177, 'time_epoch': 18.79761, 'eta': 4199.07291, 'eta_hours': 1.16641, 'loss': 5.16589105, 'lr': 6.347e-05, 'params': 1823862, 'time_iter': 0.46994, 'mae': 0.35839, 'r2': 0.94617, 'spearmanr': 0.96167, 'mse': 0.21767, 'rmse': 0.46655, 'loss_node': 1.9578477237701417, 'loss_edge': 1.6945881633758544, 'loss_graph': 1.2957827835083007, 'loss_task': 0.21767234811782837, 'loss_encoder': 0.0}
train: {'epoch': 178, 'time_epoch': 18.81149, 'eta': 4180.03068, 'eta_hours': 1.16112, 'loss': 5.19767495, 'lr': 6.307e-05, 'params': 1823862, 'time_iter': 0.47029, 'mae': 0.36083, 'r2': 0.94585, 'spearmanr': 0.96254, 'mse': 0.21894, 'rmse': 0.46791, 'loss_node': 1.9393409664154053, 'loss_edge': 1.6950435974121094, 'loss_graph': 1.3443500690460206, 'loss_task': 0.21894027428627014, 'loss_encoder': 0.0}
train: {'epoch': 179, 'time_epoch': 18.85066, 'eta': 4161.0389, 'eta_hours': 1.15584, 'loss': 5.08940387, 'lr': 6.267e-05, 'params': 1823862, 'time_iter': 0.47127, 'mae': 0.34959, 'r2': 0.9445, 'spearmanr': 0.96401, 'mse': 0.22441, 'rmse': 0.47372, 'loss_node': 1.9179452001571655, 'loss_edge': 1.6855470294952393, 'loss_graph': 1.2614998331069947, 'loss_task': 0.22441183862686157, 'loss_encoder': 0.0}
Inference: Switched to EMA weights
Inference: Restored training weights
Inference: Switched to EMA weights
Inference: Restored training weights
Inference: Switched to EMA weights
Inference: Restored training weights
Inference: Switched to EMA weights
Inference: Restored training weights
val: {'epoch': 179, 'time_epoch': 28.64626, 'loss': 0.19190234, 'lr': 0, 'params': 1823862, 'time_iter': 7.16156, 'mae': 0.34097, 'r2': 0.95128, 'spearmanr': 0.96249, 'mse': 0.1919, 'rmse': 0.43807}
Inference: Switched to EMA weights
Inference: Restored training weights
Inference: Switched to EMA weights
Inference: Restored training weights
Inference: Switched to EMA weights
Inference: Restored training weights
Inference: Switched to EMA weights
Inference: Restored training weights
test: {'epoch': 179, 'time_epoch': 28.71377, 'loss': 0.19614604, 'lr': 0, 'params': 1823862, 'time_iter': 7.17844, 'mae': 0.34975, 'r2': 0.95179, 'spearmanr': 0.96541, 'mse': 0.19615, 'rmse': 0.44288}
> Epoch 179: took 76.2s (avg 25.0s) | Best so far: epoch 179	train_loss: 5.0894 train_mae: 0.3496	val_loss: 0.1919 val_mae: 0.3410	test_loss: 0.1961 test_mae: 0.3498
train: {'epoch': 180, 'time_epoch': 19.00641, 'eta': 4142.23712, 'eta_hours': 1.15062, 'loss': 5.13706352, 'lr': 6.227e-05, 'params': 1823862, 'time_iter': 0.47516, 'mae': 0.35495, 'r2': 0.949, 'spearmanr': 0.96275, 'mse': 0.2062, 'rmse': 0.45409, 'loss_node': 1.9029259952545166, 'loss_edge': 1.7007521593093873, 'loss_graph': 1.3271861555099487, 'loss_task': 0.20619920802116393, 'loss_encoder': 0.0}
train: {'epoch': 181, 'time_epoch': 18.81538, 'eta': 4123.20428, 'eta_hours': 1.14533, 'loss': 5.05467573, 'lr': 6.187e-05, 'params': 1823862, 'time_iter': 0.47038, 'mae': 0.3534, 'r2': 0.94748, 'spearmanr': 0.96314, 'mse': 0.21235, 'rmse': 0.46082, 'loss_node': 1.8867952199935913, 'loss_edge': 1.6894981941223144, 'loss_graph': 1.266030352973938, 'loss_task': 0.21235195264816284, 'loss_encoder': 0.0}
train: {'epoch': 182, 'time_epoch': 18.8235, 'eta': 4104.18345, 'eta_hours': 1.14005, 'loss': 5.16606762, 'lr': 6.147e-05, 'params': 1823862, 'time_iter': 0.47059, 'mae': 0.34937, 'r2': 0.94626, 'spearmanr': 0.96337, 'mse': 0.2173, 'rmse': 0.46615, 'loss_node': 1.8791771251678466, 'loss_edge': 1.6878033088684081, 'loss_graph': 1.3817893100738525, 'loss_task': 0.2172978835582733, 'loss_encoder': 0.0}
train: {'epoch': 183, 'time_epoch': 18.83678, 'eta': 4085.18034, 'eta_hours': 1.13477, 'loss': 5.03764305, 'lr': 6.107e-05, 'params': 1823862, 'time_iter': 0.47092, 'mae': 0.35517, 'r2': 0.94933, 'spearmanr': 0.96174, 'mse': 0.20488, 'rmse': 0.45263, 'loss_node': 1.8597672328948975, 'loss_edge': 1.6858374843597412, 'loss_graph': 1.2871615472793578, 'loss_task': 0.20487678956985472, 'loss_encoder': 0.0}
train: {'epoch': 184, 'time_epoch': 18.8038, 'eta': 4066.14071, 'eta_hours': 1.12948, 'loss': 4.97464781, 'lr': 6.066e-05, 'params': 1823862, 'time_iter': 0.47009, 'mae': 0.34796, 'r2': 0.95066, 'spearmanr': 0.9643, 'mse': 0.19952, 'rmse': 0.44667, 'loss_node': 1.840468956375122, 'loss_edge': 1.6793799118041992, 'loss_graph': 1.2552811403274535, 'loss_task': 0.19951781754493714, 'loss_encoder': 0.0}
train: {'epoch': 185, 'time_epoch': 18.78401, 'eta': 4047.08085, 'eta_hours': 1.12419, 'loss': 4.98532934, 'lr': 6.026e-05, 'params': 1823862, 'time_iter': 0.4696, 'mae': 0.35272, 'r2': 0.94822, 'spearmanr': 0.96276, 'mse': 0.20936, 'rmse': 0.45755, 'loss_node': 1.825963692855835, 'loss_edge': 1.6801333599090575, 'loss_graph': 1.2698764331817627, 'loss_task': 0.20935587027072908, 'loss_encoder': 0.0}
train: {'epoch': 186, 'time_epoch': 18.82429, 'eta': 4028.06982, 'eta_hours': 1.11891, 'loss': 5.00126667, 'lr': 5.986e-05, 'params': 1823862, 'time_iter': 0.47061, 'mae': 0.34878, 'r2': 0.94969, 'spearmanr': 0.96385, 'mse': 0.20343, 'rmse': 0.45103, 'loss_node': 1.809388034439087, 'loss_edge': 1.6795356046676635, 'loss_graph': 1.3089109889984132, 'loss_task': 0.20343208355903625, 'loss_encoder': 0.0}
train: {'epoch': 187, 'time_epoch': 18.83453, 'eta': 4009.07232, 'eta_hours': 1.11363, 'loss': 5.00753656, 'lr': 5.945e-05, 'params': 1823862, 'time_iter': 0.47086, 'mae': 0.3512, 'r2': 0.94728, 'spearmanr': 0.96263, 'mse': 0.21318, 'rmse': 0.46171, 'loss_node': 1.8005951808929443, 'loss_edge': 1.6769623458862304, 'loss_graph': 1.3168016689300537, 'loss_task': 0.2131773984193802, 'loss_encoder': 0.0}
train: {'epoch': 188, 'time_epoch': 18.82871, 'eta': 3990.07005, 'eta_hours': 1.10835, 'loss': 4.93063081, 'lr': 5.904e-05, 'params': 1823862, 'time_iter': 0.47072, 'mae': 0.34635, 'r2': 0.95178, 'spearmanr': 0.96359, 'mse': 0.19496, 'rmse': 0.44154, 'loss_node': 1.7859192316055297, 'loss_edge': 1.6742948198318481, 'loss_graph': 1.2754595672607423, 'loss_task': 0.1949572207212448, 'loss_encoder': 0.0}
train: {'epoch': 189, 'time_epoch': 18.79346, 'eta': 3971.03064, 'eta_hours': 1.10306, 'loss': 4.96175467, 'lr': 5.864e-05, 'params': 1823862, 'time_iter': 0.46984, 'mae': 0.34772, 'r2': 0.94325, 'spearmanr': 0.96482, 'mse': 0.22947, 'rmse': 0.47903, 'loss_node': 1.7724972272872925, 'loss_edge': 1.6788988544464112, 'loss_graph': 1.2808931575775147, 'loss_task': 0.2294654194831848, 'loss_encoder': 0.0}
Inference: Switched to EMA weights
Inference: Restored training weights
Inference: Switched to EMA weights
Inference: Restored training weights
Inference: Switched to EMA weights
Inference: Restored training weights
Inference: Switched to EMA weights
Inference: Restored training weights
val: {'epoch': 189, 'time_epoch': 28.64001, 'loss': 0.20151236, 'lr': 0, 'params': 1823862, 'time_iter': 7.16, 'mae': 0.35591, 'r2': 0.94884, 'spearmanr': 0.96084, 'mse': 0.20151, 'rmse': 0.4489}
Inference: Switched to EMA weights
Inference: Restored training weights
Inference: Switched to EMA weights
Inference: Restored training weights
Inference: Switched to EMA weights
Inference: Restored training weights
Inference: Switched to EMA weights
Inference: Restored training weights
test: {'epoch': 189, 'time_epoch': 28.71147, 'loss': 0.18653547, 'lr': 0, 'params': 1823862, 'time_iter': 7.17787, 'mae': 0.34298, 'r2': 0.95415, 'spearmanr': 0.96803, 'mse': 0.18654, 'rmse': 0.4319}
> Epoch 189: took 76.2s (avg 25.0s) | Best so far: epoch 179	train_loss: 5.0894 train_mae: 0.3496	val_loss: 0.1919 val_mae: 0.3410	test_loss: 0.1961 test_mae: 0.3498
train: {'epoch': 190, 'time_epoch': 18.82341, 'eta': 3952.02658, 'eta_hours': 1.09779, 'loss': 4.99525754, 'lr': 5.823e-05, 'params': 1823862, 'time_iter': 0.47059, 'mae': 0.35519, 'r2': 0.94772, 'spearmanr': 0.96169, 'mse': 0.21141, 'rmse': 0.45979, 'loss_node': 1.754663977241516, 'loss_edge': 1.670726005744934, 'loss_graph': 1.358462177658081, 'loss_task': 0.21140530343055725, 'loss_encoder': 0.0}
train: {'epoch': 191, 'time_epoch': 19.01755, 'eta': 3933.23472, 'eta_hours': 1.09257, 'loss': 4.90389007, 'lr': 5.782e-05, 'params': 1823862, 'time_iter': 0.47544, 'mae': 0.35118, 'r2': 0.94961, 'spearmanr': 0.96469, 'mse': 0.20375, 'rmse': 0.45138, 'loss_node': 1.7467270751953126, 'loss_edge': 1.6679834671020508, 'loss_graph': 1.285433500289917, 'loss_task': 0.2037460528612137, 'loss_encoder': 0.0}
train: {'epoch': 192, 'time_epoch': 18.80418, 'eta': 3914.21168, 'eta_hours': 1.08728, 'loss': 4.82187136, 'lr': 5.741e-05, 'params': 1823862, 'time_iter': 0.4701, 'mae': 0.34705, 'r2': 0.95125, 'spearmanr': 0.96473, 'mse': 0.1971, 'rmse': 0.44396, 'loss_node': 1.7294356912612916, 'loss_edge': 1.6618345684051514, 'loss_graph': 1.233499179458618, 'loss_task': 0.19710197499990464, 'loss_encoder': 0.0}
train: {'epoch': 193, 'time_epoch': 18.81804, 'eta': 3895.20561, 'eta_hours': 1.082, 'loss': 4.88081292, 'lr': 5.7e-05, 'params': 1823862, 'time_iter': 0.47045, 'mae': 0.35546, 'r2': 0.94764, 'spearmanr': 0.96337, 'mse': 0.21172, 'rmse': 0.46013, 'loss_node': 1.7147353174209594, 'loss_edge': 1.6661297481536865, 'loss_graph': 1.2882256479263305, 'loss_task': 0.21172223744392396, 'loss_encoder': 0.0}
train: {'epoch': 194, 'time_epoch': 18.81932, 'eta': 3876.20281, 'eta_hours': 1.07672, 'loss': 4.90678835, 'lr': 5.659e-05, 'params': 1823862, 'time_iter': 0.47048, 'mae': 0.34484, 'r2': 0.95207, 'spearmanr': 0.96471, 'mse': 0.19378, 'rmse': 0.44021, 'loss_node': 1.700828147506714, 'loss_edge': 1.6641184120178223, 'loss_graph': 1.348061009979248, 'loss_task': 0.19378077144622802, 'loss_encoder': 0.0}
train: {'epoch': 195, 'time_epoch': 18.81232, 'eta': 3857.1946, 'eta_hours': 1.07144, 'loss': 4.80538685, 'lr': 5.618e-05, 'params': 1823862, 'time_iter': 0.47031, 'mae': 0.34824, 'r2': 0.9501, 'spearmanr': 0.9648, 'mse': 0.20175, 'rmse': 0.44917, 'loss_node': 1.6828983806610107, 'loss_edge': 1.6555214752197265, 'loss_graph': 1.2652138563156128, 'loss_task': 0.2017531507730484, 'loss_encoder': 0.0}
train: {'epoch': 196, 'time_epoch': 18.83876, 'eta': 3838.21562, 'eta_hours': 1.06617, 'loss': 4.77532328, 'lr': 5.577e-05, 'params': 1823862, 'time_iter': 0.47097, 'mae': 0.34469, 'r2': 0.95312, 'spearmanr': 0.96538, 'mse': 0.18957, 'rmse': 0.4354, 'loss_node': 1.6711287357330322, 'loss_edge': 1.6597887733459473, 'loss_graph': 1.2548325492858887, 'loss_task': 0.1895732111930847, 'loss_encoder': 0.0}
train: {'epoch': 197, 'time_epoch': 18.85058, 'eta': 3819.25012, 'eta_hours': 1.0609, 'loss': 4.77877529, 'lr': 5.536e-05, 'params': 1823862, 'time_iter': 0.47126, 'mae': 0.34704, 'r2': 0.95067, 'spearmanr': 0.96482, 'mse': 0.19947, 'rmse': 0.44662, 'loss_node': 1.6579636531829833, 'loss_edge': 1.6585289611816407, 'loss_graph': 1.2628124057769776, 'loss_task': 0.19947025456428527, 'loss_encoder': 0.0}
train: {'epoch': 198, 'time_epoch': 18.79302, 'eta': 3800.22763, 'eta_hours': 1.05562, 'loss': 4.74117767, 'lr': 5.495e-05, 'params': 1823862, 'time_iter': 0.46983, 'mae': 0.34916, 'r2': 0.95128, 'spearmanr': 0.9637, 'mse': 0.19701, 'rmse': 0.44386, 'loss_node': 1.6389172313690186, 'loss_edge': 1.6531301147460937, 'loss_graph': 1.2521182983398438, 'loss_task': 0.19701206240653993, 'loss_encoder': 0.0}
train: {'epoch': 199, 'time_epoch': 18.83805, 'eta': 3781.25247, 'eta_hours': 1.05035, 'loss': 4.73863956, 'lr': 5.454e-05, 'params': 1823862, 'time_iter': 0.47095, 'mae': 0.3509, 'r2': 0.95052, 'spearmanr': 0.96318, 'mse': 0.20008, 'rmse': 0.44731, 'loss_node': 1.6262247283935547, 'loss_edge': 1.6449732467651368, 'loss_graph': 1.2673596115112304, 'loss_task': 0.20008201355934144, 'loss_encoder': 0.0}
Inference: Switched to EMA weights
Inference: Restored training weights
Inference: Switched to EMA weights
Inference: Restored training weights
Inference: Switched to EMA weights
Inference: Restored training weights
Inference: Switched to EMA weights
Inference: Restored training weights
val: {'epoch': 199, 'time_epoch': 28.63727, 'loss': 0.22038471, 'lr': 0, 'params': 1823862, 'time_iter': 7.15932, 'mae': 0.34769, 'r2': 0.94405, 'spearmanr': 0.96678, 'mse': 0.22038, 'rmse': 0.46945}
Inference: Switched to EMA weights
Inference: Restored training weights
Inference: Switched to EMA weights
Inference: Restored training weights
Inference: Switched to EMA weights
Inference: Restored training weights
Inference: Switched to EMA weights
Inference: Restored training weights
test: {'epoch': 199, 'time_epoch': 28.71695, 'loss': 0.1805746, 'lr': 0, 'params': 1823862, 'time_iter': 7.17924, 'mae': 0.33495, 'r2': 0.95561, 'spearmanr': 0.96933, 'mse': 0.18057, 'rmse': 0.42494}
> Epoch 199: took 76.2s (avg 24.9s) | Best so far: epoch 179	train_loss: 5.0894 train_mae: 0.3496	val_loss: 0.1919 val_mae: 0.3410	test_loss: 0.1961 test_mae: 0.3498
train: {'epoch': 200, 'time_epoch': 18.78788, 'eta': 3762.22901, 'eta_hours': 1.04506, 'loss': 4.75199031, 'lr': 5.413e-05, 'params': 1823862, 'time_iter': 0.4697, 'mae': 0.34922, 'r2': 0.9513, 'spearmanr': 0.96499, 'mse': 0.19691, 'rmse': 0.44374, 'loss_node': 1.6144865905761718, 'loss_edge': 1.6498824468612672, 'loss_graph': 1.290715817451477, 'loss_task': 0.19690541715621948, 'loss_encoder': 0.0}
train: {'epoch': 201, 'time_epoch': 18.83719, 'eta': 3743.25621, 'eta_hours': 1.03979, 'loss': 4.79710635, 'lr': 5.372e-05, 'params': 1823862, 'time_iter': 0.47093, 'mae': 0.3507, 'r2': 0.94907, 'spearmanr': 0.96479, 'mse': 0.20594, 'rmse': 0.4538, 'loss_node': 1.6044464735031128, 'loss_edge': 1.6517814509391784, 'loss_graph': 1.3349400625228882, 'loss_task': 0.20593835773468017, 'loss_encoder': 0.0}
train: {'epoch': 202, 'time_epoch': 18.99914, 'eta': 3724.44191, 'eta_hours': 1.03457, 'loss': 4.77071931, 'lr': 5.33e-05, 'params': 1823862, 'time_iter': 0.47498, 'mae': 0.34375, 'r2': 0.95058, 'spearmanr': 0.96535, 'mse': 0.19981, 'rmse': 0.447, 'loss_node': 1.6000626163482665, 'loss_edge': 1.6501978636741639, 'loss_graph': 1.3206456022262574, 'loss_task': 0.19981324350833893, 'loss_encoder': 0.0}
train: {'epoch': 203, 'time_epoch': 18.84487, 'eta': 3705.47758, 'eta_hours': 1.0293, 'loss': 4.70029293, 'lr': 5.289e-05, 'params': 1823862, 'time_iter': 0.47112, 'mae': 0.34336, 'r2': 0.95263, 'spearmanr': 0.96455, 'mse': 0.19154, 'rmse': 0.43765, 'loss_node': 1.5922037368774413, 'loss_edge': 1.6499867124557495, 'loss_graph': 1.2665650884628297, 'loss_task': 0.1915373690366745, 'loss_encoder': 0.0}
train: {'epoch': 204, 'time_epoch': 18.81693, 'eta': 3686.48783, 'eta_hours': 1.02402, 'loss': 4.69493987, 'lr': 5.248e-05, 'params': 1823862, 'time_iter': 0.47042, 'mae': 0.34656, 'r2': 0.95195, 'spearmanr': 0.9638, 'mse': 0.1943, 'rmse': 0.44079, 'loss_node': 1.5816981100082397, 'loss_edge': 1.6514557388305664, 'loss_graph': 1.2674883018493652, 'loss_task': 0.19429766683578492, 'loss_encoder': 0.0}
train: {'epoch': 205, 'time_epoch': 18.82664, 'eta': 3667.50891, 'eta_hours': 1.01875, 'loss': 4.67241714, 'lr': 5.207e-05, 'params': 1823862, 'time_iter': 0.47067, 'mae': 0.34737, 'r2': 0.94765, 'spearmanr': 0.96453, 'mse': 0.21168, 'rmse': 0.46009, 'loss_node': 1.5678667381286622, 'loss_edge': 1.6499091903686522, 'loss_graph': 1.2429602523803711, 'loss_task': 0.2116810150384903, 'loss_encoder': 0.0}
train: {'epoch': 206, 'time_epoch': 18.8039, 'eta': 3648.51026, 'eta_hours': 1.01348, 'loss': 4.66750177, 'lr': 5.165e-05, 'params': 1823862, 'time_iter': 0.4701, 'mae': 0.35613, 'r2': 0.94974, 'spearmanr': 0.96276, 'mse': 0.20322, 'rmse': 0.4508, 'loss_node': 1.5545376594543456, 'loss_edge': 1.6415714550971985, 'loss_graph': 1.2681697710037232, 'loss_task': 0.20322287211418152, 'loss_encoder': 0.0}
train: {'epoch': 207, 'time_epoch': 18.83502, 'eta': 3629.54221, 'eta_hours': 1.00821, 'loss': 4.6440949, 'lr': 5.124e-05, 'params': 1823862, 'time_iter': 0.47088, 'mae': 0.34726, 'r2': 0.95096, 'spearmanr': 0.96493, 'mse': 0.1983, 'rmse': 0.44531, 'loss_node': 1.542558904838562, 'loss_edge': 1.6383201593399048, 'loss_graph': 1.264917126083374, 'loss_task': 0.19829871454238893, 'loss_encoder': 0.0}
train: {'epoch': 208, 'time_epoch': 18.98047, 'eta': 3610.70835, 'eta_hours': 1.00297, 'loss': 4.70086949, 'lr': 5.083e-05, 'params': 1823862, 'time_iter': 0.47451, 'mae': 0.34644, 'r2': 0.9501, 'spearmanr': 0.96476, 'mse': 0.20178, 'rmse': 0.4492, 'loss_node': 1.5336898988723755, 'loss_edge': 1.6364076812744142, 'loss_graph': 1.3289893480300903, 'loss_task': 0.20178253076076508, 'loss_encoder': 0.0}
train: {'epoch': 209, 'time_epoch': 18.84065, 'eta': 3591.74659, 'eta_hours': 0.99771, 'loss': 4.62821083, 'lr': 5.041e-05, 'params': 1823862, 'time_iter': 0.47102, 'mae': 0.35268, 'r2': 0.94941, 'spearmanr': 0.96349, 'mse': 0.20455, 'rmse': 0.45228, 'loss_node': 1.5269272793769837, 'loss_edge': 1.6410839860916138, 'loss_graph': 1.255645751953125, 'loss_task': 0.20455376942157746, 'loss_encoder': 0.0}
Inference: Switched to EMA weights
Inference: Restored training weights
Inference: Switched to EMA weights
Inference: Restored training weights
Inference: Switched to EMA weights
Inference: Restored training weights
Inference: Switched to EMA weights
Inference: Restored training weights
val: {'epoch': 209, 'time_epoch': 28.64235, 'loss': 0.21377317, 'lr': 0, 'params': 1823862, 'time_iter': 7.16059, 'mae': 0.34779, 'r2': 0.94573, 'spearmanr': 0.96565, 'mse': 0.21377, 'rmse': 0.46236}
Inference: Switched to EMA weights
Inference: Restored training weights
Inference: Switched to EMA weights
Inference: Restored training weights
Inference: Switched to EMA weights
Inference: Restored training weights
Inference: Switched to EMA weights
Inference: Restored training weights
test: {'epoch': 209, 'time_epoch': 28.72004, 'loss': 0.19409786, 'lr': 0, 'params': 1823862, 'time_iter': 7.18001, 'mae': 0.35337, 'r2': 0.95229, 'spearmanr': 0.96926, 'mse': 0.1941, 'rmse': 0.44057}
> Epoch 209: took 76.2s (avg 24.9s) | Best so far: epoch 179	train_loss: 5.0894 train_mae: 0.3496	val_loss: 0.1919 val_mae: 0.3410	test_loss: 0.1961 test_mae: 0.3498
train: {'epoch': 210, 'time_epoch': 18.81868, 'eta': 3572.7663, 'eta_hours': 0.99244, 'loss': 4.67385386, 'lr': 5e-05, 'params': 1823862, 'time_iter': 0.47047, 'mae': 0.35076, 'r2': 0.94938, 'spearmanr': 0.96532, 'mse': 0.20469, 'rmse': 0.45242, 'loss_node': 1.5175367778778077, 'loss_edge': 1.640482362651825, 'loss_graph': 1.3111489002227783, 'loss_task': 0.20468585863113403, 'loss_encoder': 0.0}
train: {'epoch': 211, 'time_epoch': 18.83422, 'eta': 3553.80131, 'eta_hours': 0.98717, 'loss': 4.56546375, 'lr': 4.959e-05, 'params': 1823862, 'time_iter': 0.47086, 'mae': 0.34821, 'r2': 0.94989, 'spearmanr': 0.96443, 'mse': 0.20262, 'rmse': 0.45014, 'loss_node': 1.505676503944397, 'loss_edge': 1.6272353540420532, 'loss_graph': 1.229929600906372, 'loss_task': 0.20262226779460907, 'loss_encoder': 0.0}
train: {'epoch': 212, 'time_epoch': 18.82292, 'eta': 3534.82763, 'eta_hours': 0.9819, 'loss': 4.54364301, 'lr': 4.917e-05, 'params': 1823862, 'time_iter': 0.47057, 'mae': 0.34148, 'r2': 0.95272, 'spearmanr': 0.96592, 'mse': 0.19116, 'rmse': 0.43721, 'loss_node': 1.4943253816604614, 'loss_edge': 1.6219953561782836, 'loss_graph': 1.2361659999847412, 'loss_task': 0.1911562343120575, 'loss_encoder': 0.0}
train: {'epoch': 213, 'time_epoch': 18.81273, 'eta': 3515.8465, 'eta_hours': 0.97662, 'loss': 4.5484371, 'lr': 4.876e-05, 'params': 1823862, 'time_iter': 0.47032, 'mae': 0.34887, 'r2': 0.95131, 'spearmanr': 0.96376, 'mse': 0.19689, 'rmse': 0.44372, 'loss_node': 1.4771533740997314, 'loss_edge': 1.6270537887573242, 'loss_graph': 1.247340767288208, 'loss_task': 0.19688917994499205, 'loss_encoder': 0.0}
train: {'epoch': 214, 'time_epoch': 18.9806, 'eta': 3497.01139, 'eta_hours': 0.97139, 'loss': 4.55272447, 'lr': 4.835e-05, 'params': 1823862, 'time_iter': 0.47452, 'mae': 0.34635, 'r2': 0.94955, 'spearmanr': 0.96554, 'mse': 0.204, 'rmse': 0.45166, 'loss_node': 1.469028860092163, 'loss_edge': 1.6216636432647704, 'loss_graph': 1.2580307062149048, 'loss_task': 0.2040012259721756, 'loss_encoder': 0.0}
train: {'epoch': 215, 'time_epoch': 18.83365, 'eta': 3478.04975, 'eta_hours': 0.96612, 'loss': 4.49101293, 'lr': 4.793e-05, 'params': 1823862, 'time_iter': 0.47084, 'mae': 0.34697, 'r2': 0.95089, 'spearmanr': 0.96547, 'mse': 0.19858, 'rmse': 0.44562, 'loss_node': 1.4627360202789306, 'loss_edge': 1.6195208560943604, 'loss_graph': 1.2101756477355956, 'loss_task': 0.19858039197921754, 'loss_encoder': 0.0}
train: {'epoch': 216, 'time_epoch': 18.83945, 'eta': 3459.09418, 'eta_hours': 0.96086, 'loss': 4.50727705, 'lr': 4.752e-05, 'params': 1823862, 'time_iter': 0.47099, 'mae': 0.34243, 'r2': 0.95283, 'spearmanr': 0.96613, 'mse': 0.19072, 'rmse': 0.43672, 'loss_node': 1.4489825143814088, 'loss_edge': 1.6166283712387084, 'loss_graph': 1.2509431434631348, 'loss_task': 0.19072300474643708, 'loss_encoder': 0.0}
train: {'epoch': 217, 'time_epoch': 18.81327, 'eta': 3440.11781, 'eta_hours': 0.95559, 'loss': 4.48763949, 'lr': 4.711e-05, 'params': 1823862, 'time_iter': 0.47033, 'mae': 0.34148, 'r2': 0.95298, 'spearmanr': 0.96493, 'mse': 0.19012, 'rmse': 0.43602, 'loss_node': 1.4405408489227296, 'loss_edge': 1.6169262782096863, 'loss_graph': 1.240055987930298, 'loss_task': 0.19011636910438537, 'loss_encoder': 0.0}
train: {'epoch': 218, 'time_epoch': 18.84755, 'eta': 3421.17127, 'eta_hours': 0.95033, 'loss': 4.46913877, 'lr': 4.67e-05, 'params': 1823862, 'time_iter': 0.47119, 'mae': 0.34868, 'r2': 0.95083, 'spearmanr': 0.96552, 'mse': 0.1988, 'rmse': 0.44587, 'loss_node': 1.4290038303375243, 'loss_edge': 1.6181038606643676, 'loss_graph': 1.2232284267425537, 'loss_task': 0.19880264191627503, 'loss_encoder': 0.0}
train: {'epoch': 219, 'time_epoch': 18.78423, 'eta': 3402.17383, 'eta_hours': 0.94505, 'loss': 4.49536736, 'lr': 4.628e-05, 'params': 1823862, 'time_iter': 0.46961, 'mae': 0.35092, 'r2': 0.9467, 'spearmanr': 0.96441, 'mse': 0.21549, 'rmse': 0.46421, 'loss_node': 1.4200333547592163, 'loss_edge': 1.613964602279663, 'loss_graph': 1.2458757511138916, 'loss_task': 0.21549366250038146, 'loss_encoder': 0.0}
Inference: Switched to EMA weights
Inference: Restored training weights
Inference: Switched to EMA weights
Inference: Restored training weights
Inference: Switched to EMA weights
Inference: Restored training weights
Inference: Switched to EMA weights
Inference: Restored training weights
val: {'epoch': 219, 'time_epoch': 28.64748, 'loss': 0.2330678, 'lr': 0, 'params': 1823862, 'time_iter': 7.16187, 'mae': 0.35743, 'r2': 0.94083, 'spearmanr': 0.96558, 'mse': 0.23307, 'rmse': 0.48277}
Inference: Switched to EMA weights
Inference: Restored training weights
Inference: Switched to EMA weights
Inference: Restored training weights
Inference: Switched to EMA weights
Inference: Restored training weights
Inference: Switched to EMA weights
Inference: Restored training weights
test: {'epoch': 219, 'time_epoch': 28.71227, 'loss': 0.21004217, 'lr': 0, 'params': 1823862, 'time_iter': 7.17807, 'mae': 0.36393, 'r2': 0.94837, 'spearmanr': 0.96673, 'mse': 0.21004, 'rmse': 0.4583}
> Epoch 219: took 76.2s (avg 24.9s) | Best so far: epoch 179	train_loss: 5.0894 train_mae: 0.3496	val_loss: 0.1919 val_mae: 0.3410	test_loss: 0.1961 test_mae: 0.3498
train: {'epoch': 220, 'time_epoch': 18.82278, 'eta': 3383.20954, 'eta_hours': 0.93978, 'loss': 4.458935, 'lr': 4.587e-05, 'params': 1823862, 'time_iter': 0.47057, 'mae': 0.3475, 'r2': 0.9499, 'spearmanr': 0.96497, 'mse': 0.20259, 'rmse': 0.4501, 'loss_node': 1.4080465637207031, 'loss_edge': 1.6080581060409547, 'loss_graph': 1.2402401796340943, 'loss_task': 0.202590096950531, 'loss_encoder': 0.0}
train: {'epoch': 221, 'time_epoch': 18.83961, 'eta': 3364.26001, 'eta_hours': 0.93452, 'loss': 4.42034169, 'lr': 4.546e-05, 'params': 1823862, 'time_iter': 0.47099, 'mae': 0.34131, 'r2': 0.95118, 'spearmanr': 0.96618, 'mse': 0.19738, 'rmse': 0.44427, 'loss_node': 1.4045977178573608, 'loss_edge': 1.61118558883667, 'loss_graph': 1.207178568840027, 'loss_task': 0.19737982487678526, 'loss_encoder': 0.0}
train: {'epoch': 222, 'time_epoch': 18.8385, 'eta': 3345.31059, 'eta_hours': 0.92925, 'loss': 4.41387141, 'lr': 4.505e-05, 'params': 1823862, 'time_iter': 0.47096, 'mae': 0.34698, 'r2': 0.9499, 'spearmanr': 0.96498, 'mse': 0.20258, 'rmse': 0.45008, 'loss_node': 1.3976374160766603, 'loss_edge': 1.6023369524002076, 'loss_graph': 1.2113205425262452, 'loss_task': 0.20257648696899413, 'loss_encoder': 0.0}
train: {'epoch': 223, 'time_epoch': 18.80775, 'eta': 3326.338, 'eta_hours': 0.92398, 'loss': 4.43763556, 'lr': 4.464e-05, 'params': 1823862, 'time_iter': 0.47019, 'mae': 0.35107, 'r2': 0.94774, 'spearmanr': 0.9657, 'mse': 0.21132, 'rmse': 0.4597, 'loss_node': 1.3827887552261353, 'loss_edge': 1.6045022315979003, 'loss_graph': 1.2390242816925048, 'loss_task': 0.21132025315761566, 'loss_encoder': 0.0}
train: {'epoch': 224, 'time_epoch': 18.82915, 'eta': 3307.38352, 'eta_hours': 0.91872, 'loss': 4.44915454, 'lr': 4.423e-05, 'params': 1823862, 'time_iter': 0.47073, 'mae': 0.35045, 'r2': 0.94958, 'spearmanr': 0.96432, 'mse': 0.20387, 'rmse': 0.45152, 'loss_node': 1.3738428937911988, 'loss_edge': 1.6046544862747192, 'loss_graph': 1.2667903688430786, 'loss_task': 0.20386676362752915, 'loss_encoder': 0.0}
train: {'epoch': 225, 'time_epoch': 18.99872, 'eta': 3288.5607, 'eta_hours': 0.91349, 'loss': 4.3917395, 'lr': 4.382e-05, 'params': 1823862, 'time_iter': 0.47497, 'mae': 0.3465, 'r2': 0.95117, 'spearmanr': 0.9648, 'mse': 0.19745, 'rmse': 0.44435, 'loss_node': 1.370673304748535, 'loss_edge': 1.5996904664993286, 'loss_graph': 1.2239285974502563, 'loss_task': 0.19744712376594545, 'loss_encoder': 0.0}
train: {'epoch': 226, 'time_epoch': 18.81372, 'eta': 3269.59534, 'eta_hours': 0.90822, 'loss': 4.3998417, 'lr': 4.341e-05, 'params': 1823862, 'time_iter': 0.47034, 'mae': 0.3452, 'r2': 0.94982, 'spearmanr': 0.96629, 'mse': 0.20289, 'rmse': 0.45043, 'loss_node': 1.3574128108978272, 'loss_edge': 1.6026368149757386, 'loss_graph': 1.2369029726028442, 'loss_task': 0.20288909127712249, 'loss_encoder': 0.0}
train: {'epoch': 227, 'time_epoch': 18.80416, 'eta': 3250.6241, 'eta_hours': 0.90295, 'loss': 4.41832188, 'lr': 4.3e-05, 'params': 1823862, 'time_iter': 0.4701, 'mae': 0.34992, 'r2': 0.94742, 'spearmanr': 0.96413, 'mse': 0.2126, 'rmse': 0.46108, 'loss_node': 1.3495046102523804, 'loss_edge': 1.60360189037323, 'loss_graph': 1.2526197414398192, 'loss_task': 0.21259556214809416, 'loss_encoder': 0.0}
train: {'epoch': 228, 'time_epoch': 18.79506, 'eta': 3231.64752, 'eta_hours': 0.89768, 'loss': 4.37477024, 'lr': 4.259e-05, 'params': 1823862, 'time_iter': 0.46988, 'mae': 0.34772, 'r2': 0.95176, 'spearmanr': 0.96459, 'mse': 0.19504, 'rmse': 0.44163, 'loss_node': 1.3394230068206787, 'loss_edge': 1.6002011331558228, 'loss_graph': 1.2401053285598755, 'loss_task': 0.19504076037406923, 'loss_encoder': 0.0}
train: {'epoch': 229, 'time_epoch': 18.81551, 'eta': 3212.68764, 'eta_hours': 0.89241, 'loss': 4.33306019, 'lr': 4.218e-05, 'params': 1823862, 'time_iter': 0.47039, 'mae': 0.33955, 'r2': 0.95335, 'spearmanr': 0.96593, 'mse': 0.18864, 'rmse': 0.43433, 'loss_node': 1.330034430885315, 'loss_edge': 1.6001275009155274, 'loss_graph': 1.214259422302246, 'loss_task': 0.18863884468078612, 'loss_encoder': 0.0}
Inference: Switched to EMA weights
Inference: Restored training weights
Inference: Switched to EMA weights
Inference: Restored training weights
Inference: Switched to EMA weights
Inference: Restored training weights
Inference: Switched to EMA weights
Inference: Restored training weights
val: {'epoch': 229, 'time_epoch': 28.64126, 'loss': 0.23920297, 'lr': 0, 'params': 1823862, 'time_iter': 7.16032, 'mae': 0.35942, 'r2': 0.93927, 'spearmanr': 0.96416, 'mse': 0.2392, 'rmse': 0.48908}
Inference: Switched to EMA weights
Inference: Restored training weights
Inference: Switched to EMA weights
Inference: Restored training weights
Inference: Switched to EMA weights
Inference: Restored training weights
Inference: Switched to EMA weights
Inference: Restored training weights
test: {'epoch': 229, 'time_epoch': 28.7167, 'loss': 0.20086868, 'lr': 0, 'params': 1823862, 'time_iter': 7.17917, 'mae': 0.35377, 'r2': 0.95063, 'spearmanr': 0.96854, 'mse': 0.20087, 'rmse': 0.44818}
> Epoch 229: took 76.2s (avg 24.9s) | Best so far: epoch 179	train_loss: 5.0894 train_mae: 0.3496	val_loss: 0.1919 val_mae: 0.3410	test_loss: 0.1961 test_mae: 0.3498
train: {'epoch': 230, 'time_epoch': 18.82308, 'eta': 3193.73455, 'eta_hours': 0.88715, 'loss': 4.3429554, 'lr': 4.177e-05, 'params': 1823862, 'time_iter': 0.47058, 'mae': 0.34627, 'r2': 0.94816, 'spearmanr': 0.96487, 'mse': 0.20962, 'rmse': 0.45785, 'loss_node': 1.321264224243164, 'loss_edge': 1.5917393299102782, 'loss_graph': 1.2203272150039672, 'loss_task': 0.20962463297843933, 'loss_encoder': 0.0}
train: {'epoch': 231, 'time_epoch': 18.81138, 'eta': 3174.7741, 'eta_hours': 0.88188, 'loss': 4.28835717, 'lr': 4.136e-05, 'params': 1823862, 'time_iter': 0.47028, 'mae': 0.34117, 'r2': 0.95332, 'spearmanr': 0.9658, 'mse': 0.18875, 'rmse': 0.43445, 'loss_node': 1.3124981002807616, 'loss_edge': 1.5938689685821532, 'loss_graph': 1.1932399463653565, 'loss_task': 0.1887501308441162, 'loss_encoder': 0.0}
train: {'epoch': 232, 'time_epoch': 18.97511, 'eta': 3155.93229, 'eta_hours': 0.87665, 'loss': 4.31448693, 'lr': 4.096e-05, 'params': 1823862, 'time_iter': 0.47438, 'mae': 0.34251, 'r2': 0.95229, 'spearmanr': 0.96578, 'mse': 0.19289, 'rmse': 0.4392, 'loss_node': 1.3015992498397828, 'loss_edge': 1.5952623388290406, 'loss_graph': 1.224732334136963, 'loss_task': 0.19289298095703125, 'loss_encoder': 0.0}
train: {'epoch': 233, 'time_epoch': 18.8102, 'eta': 3136.97235, 'eta_hours': 0.87138, 'loss': 4.30985564, 'lr': 4.055e-05, 'params': 1823862, 'time_iter': 0.47026, 'mae': 0.34961, 'r2': 0.9507, 'spearmanr': 0.96519, 'mse': 0.19935, 'rmse': 0.44649, 'loss_node': 1.2939389316558838, 'loss_edge': 1.5893387575149536, 'loss_graph': 1.2272247554779052, 'loss_task': 0.19935328731536867, 'loss_encoder': 0.0}
train: {'epoch': 234, 'time_epoch': 18.8081, 'eta': 3118.01222, 'eta_hours': 0.86611, 'loss': 4.27047968, 'lr': 4.014e-05, 'params': 1823862, 'time_iter': 0.4702, 'mae': 0.34123, 'r2': 0.95322, 'spearmanr': 0.96555, 'mse': 0.18915, 'rmse': 0.43492, 'loss_node': 1.2827259620666505, 'loss_edge': 1.5856140447616578, 'loss_graph': 1.2129861553192138, 'loss_task': 0.1891534833431244, 'loss_encoder': 0.0}
train: {'epoch': 235, 'time_epoch': 18.82556, 'eta': 3099.0655, 'eta_hours': 0.86085, 'loss': 4.32021799, 'lr': 3.974e-05, 'params': 1823862, 'time_iter': 0.47064, 'mae': 0.34955, 'r2': 0.94952, 'spearmanr': 0.96469, 'mse': 0.20413, 'rmse': 0.4518, 'loss_node': 1.2664439697265626, 'loss_edge': 1.5882325054168702, 'loss_graph': 1.2614141876220704, 'loss_task': 0.20412737398147582, 'loss_encoder': 0.0}
train: {'epoch': 236, 'time_epoch': 18.8191, 'eta': 3080.11536, 'eta_hours': 0.85559, 'loss': 4.29075298, 'lr': 3.934e-05, 'params': 1823862, 'time_iter': 0.47048, 'mae': 0.35209, 'r2': 0.94886, 'spearmanr': 0.96485, 'mse': 0.20678, 'rmse': 0.45473, 'loss_node': 1.2574460671424865, 'loss_edge': 1.5872100559234619, 'loss_graph': 1.2393172178268432, 'loss_task': 0.2067796188354492, 'loss_encoder': 0.0}
train: {'epoch': 237, 'time_epoch': 18.8397, 'eta': 3061.18034, 'eta_hours': 0.85033, 'loss': 4.26361696, 'lr': 3.893e-05, 'params': 1823862, 'time_iter': 0.47099, 'mae': 0.34628, 'r2': 0.95037, 'spearmanr': 0.96623, 'mse': 0.20069, 'rmse': 0.44799, 'loss_node': 1.2575214912414552, 'loss_edge': 1.5773608380317687, 'loss_graph': 1.2280428356170654, 'loss_task': 0.20069188780784608, 'loss_encoder': 0.0}
train: {'epoch': 238, 'time_epoch': 18.95558, 'eta': 3042.32418, 'eta_hours': 0.84509, 'loss': 4.25492115, 'lr': 3.853e-05, 'params': 1823862, 'time_iter': 0.47389, 'mae': 0.34967, 'r2': 0.94976, 'spearmanr': 0.96424, 'mse': 0.20315, 'rmse': 0.45072, 'loss_node': 1.244335599899292, 'loss_edge': 1.5852925327301026, 'loss_graph': 1.2221403875350951, 'loss_task': 0.2031526401281357, 'loss_encoder': 0.0}
train: {'epoch': 239, 'time_epoch': 18.80537, 'eta': 3023.36705, 'eta_hours': 0.83982, 'loss': 4.29119863, 'lr': 3.813e-05, 'params': 1823862, 'time_iter': 0.47013, 'mae': 0.3553, 'r2': 0.95002, 'spearmanr': 0.96347, 'mse': 0.2021, 'rmse': 0.44955, 'loss_node': 1.2394857816696168, 'loss_edge': 1.5802856676101684, 'loss_graph': 1.2693305599212648, 'loss_task': 0.20209661650657654, 'loss_encoder': 0.0}
Inference: Switched to EMA weights
Inference: Restored training weights
Inference: Switched to EMA weights
Inference: Restored training weights
Inference: Switched to EMA weights
Inference: Restored training weights
Inference: Switched to EMA weights
Inference: Restored training weights
val: {'epoch': 239, 'time_epoch': 28.64675, 'loss': 0.28087356, 'lr': 0, 'params': 1823862, 'time_iter': 7.16169, 'mae': 0.37824, 'r2': 0.92869, 'spearmanr': 0.96221, 'mse': 0.28087, 'rmse': 0.52998}
Inference: Switched to EMA weights
Inference: Restored training weights
Inference: Switched to EMA weights
Inference: Restored training weights
Inference: Switched to EMA weights
Inference: Restored training weights
Inference: Switched to EMA weights
Inference: Restored training weights
test: {'epoch': 239, 'time_epoch': 28.71431, 'loss': 0.20186012, 'lr': 0, 'params': 1823862, 'time_iter': 7.17858, 'mae': 0.35824, 'r2': 0.95038, 'spearmanr': 0.96818, 'mse': 0.20186, 'rmse': 0.44929}
> Epoch 239: took 76.2s (avg 24.9s) | Best so far: epoch 179	train_loss: 5.0894 train_mae: 0.3496	val_loss: 0.1919 val_mae: 0.3410	test_loss: 0.1961 test_mae: 0.3498
train: {'epoch': 240, 'time_epoch': 18.80311, 'eta': 3004.4097, 'eta_hours': 0.83456, 'loss': 4.22048311, 'lr': 3.773e-05, 'params': 1823862, 'time_iter': 0.47008, 'mae': 0.34196, 'r2': 0.95274, 'spearmanr': 0.96607, 'mse': 0.1911, 'rmse': 0.43714, 'loss_node': 1.2294306369781494, 'loss_edge': 1.5801185863494873, 'loss_graph': 1.2198388956069945, 'loss_task': 0.19109501618146896, 'loss_encoder': 0.0}
train: {'epoch': 241, 'time_epoch': 18.82211, 'eta': 2985.46602, 'eta_hours': 0.8293, 'loss': 4.25895758, 'lr': 3.733e-05, 'params': 1823862, 'time_iter': 0.47055, 'mae': 0.35412, 'r2': 0.94939, 'spearmanr': 0.96496, 'mse': 0.20462, 'rmse': 0.45235, 'loss_node': 1.220792820739746, 'loss_edge': 1.5786561084747315, 'loss_graph': 1.2548841667175292, 'loss_task': 0.204624400639534, 'loss_encoder': 0.0}
train: {'epoch': 242, 'time_epoch': 18.83488, 'eta': 2966.53159, 'eta_hours': 0.82404, 'loss': 4.20815487, 'lr': 3.693e-05, 'params': 1823862, 'time_iter': 0.47087, 'mae': 0.34865, 'r2': 0.95099, 'spearmanr': 0.9655, 'mse': 0.19818, 'rmse': 0.44517, 'loss_node': 1.213218426322937, 'loss_edge': 1.571300026702881, 'loss_graph': 1.225455588912964, 'loss_task': 0.1981807914495468, 'loss_encoder': 0.0}
train: {'epoch': 243, 'time_epoch': 18.80903, 'eta': 2947.58145, 'eta_hours': 0.81877, 'loss': 4.19545222, 'lr': 3.653e-05, 'params': 1823862, 'time_iter': 0.47023, 'mae': 0.34369, 'r2': 0.95198, 'spearmanr': 0.96654, 'mse': 0.19418, 'rmse': 0.44066, 'loss_node': 1.2099474962234498, 'loss_edge': 1.5800997840881348, 'loss_graph': 1.2112221275329589, 'loss_task': 0.19418276290893555, 'loss_encoder': 0.0}
train: {'epoch': 244, 'time_epoch': 18.96804, 'eta': 2928.73307, 'eta_hours': 0.81354, 'loss': 4.17498191, 'lr': 3.613e-05, 'params': 1823862, 'time_iter': 0.4742, 'mae': 0.34274, 'r2': 0.95196, 'spearmanr': 0.96673, 'mse': 0.19423, 'rmse': 0.44071, 'loss_node': 1.1978492979049682, 'loss_edge': 1.5772126901626586, 'loss_graph': 1.205691804409027, 'loss_task': 0.19422814364433288, 'loss_encoder': 0.0}
train: {'epoch': 245, 'time_epoch': 18.82943, 'eta': 2909.79694, 'eta_hours': 0.80828, 'loss': 4.18712922, 'lr': 3.573e-05, 'params': 1823862, 'time_iter': 0.47074, 'mae': 0.34853, 'r2': 0.9523, 'spearmanr': 0.96583, 'mse': 0.19286, 'rmse': 0.43916, 'loss_node': 1.1862608938217163, 'loss_edge': 1.5744610054016113, 'loss_graph': 1.233546110534668, 'loss_task': 0.19286123554706575, 'loss_encoder': 0.0}
train: {'epoch': 246, 'time_epoch': 18.81976, 'eta': 2890.85568, 'eta_hours': 0.80302, 'loss': 4.18344476, 'lr': 3.534e-05, 'params': 1823862, 'time_iter': 0.47049, 'mae': 0.34644, 'r2': 0.95058, 'spearmanr': 0.96485, 'mse': 0.19983, 'rmse': 0.44702, 'loss_node': 1.1819143409729005, 'loss_edge': 1.5731894359588623, 'loss_graph': 1.22851088180542, 'loss_task': 0.19983013486862183, 'loss_encoder': 0.0}
train: {'epoch': 247, 'time_epoch': 18.82527, 'eta': 2871.91877, 'eta_hours': 0.79776, 'loss': 4.13826912, 'lr': 3.494e-05, 'params': 1823862, 'time_iter': 0.47063, 'mae': 0.34465, 'r2': 0.95186, 'spearmanr': 0.9661, 'mse': 0.19466, 'rmse': 0.4412, 'loss_node': 1.1740960767745972, 'loss_edge': 1.5675242090225219, 'loss_graph': 1.2019924064636232, 'loss_task': 0.1946564379453659, 'loss_encoder': 0.0}
train: {'epoch': 248, 'time_epoch': 18.80709, 'eta': 2852.97175, 'eta_hours': 0.79249, 'loss': 4.14018304, 'lr': 3.455e-05, 'params': 1823862, 'time_iter': 0.47018, 'mae': 0.34158, 'r2': 0.9533, 'spearmanr': 0.96681, 'mse': 0.18881, 'rmse': 0.43452, 'loss_node': 1.168211594390869, 'loss_edge': 1.571236391067505, 'loss_graph': 1.2119242645263673, 'loss_task': 0.18881078429222106, 'loss_encoder': 0.0}
train: {'epoch': 249, 'time_epoch': 18.80929, 'eta': 2834.02716, 'eta_hours': 0.78723, 'loss': 4.17404045, 'lr': 3.416e-05, 'params': 1823862, 'time_iter': 0.47023, 'mae': 0.34632, 'r2': 0.94767, 'spearmanr': 0.96562, 'mse': 0.21158, 'rmse': 0.45998, 'loss_node': 1.1605730623245238, 'loss_edge': 1.5667052249908446, 'loss_graph': 1.2351792590141297, 'loss_task': 0.21158295211791991, 'loss_encoder': 0.0}
Inference: Switched to EMA weights
Inference: Restored training weights
Inference: Switched to EMA weights
Inference: Restored training weights
Inference: Switched to EMA weights
Inference: Restored training weights
Inference: Switched to EMA weights
Inference: Restored training weights
val: {'epoch': 249, 'time_epoch': 28.64748, 'loss': 0.24494928, 'lr': 0, 'params': 1823862, 'time_iter': 7.16187, 'mae': 0.37144, 'r2': 0.93781, 'spearmanr': 0.96616, 'mse': 0.24495, 'rmse': 0.49492}
Inference: Switched to EMA weights
Inference: Restored training weights
Inference: Switched to EMA weights
Inference: Restored training weights
Inference: Switched to EMA weights
Inference: Restored training weights
Inference: Switched to EMA weights
Inference: Restored training weights
test: {'epoch': 249, 'time_epoch': 28.71573, 'loss': 0.21167214, 'lr': 0, 'params': 1823862, 'time_iter': 7.17893, 'mae': 0.36509, 'r2': 0.94797, 'spearmanr': 0.96919, 'mse': 0.21167, 'rmse': 0.46008}
> Epoch 249: took 76.2s (avg 24.9s) | Best so far: epoch 179	train_loss: 5.0894 train_mae: 0.3496	val_loss: 0.1919 val_mae: 0.3410	test_loss: 0.1961 test_mae: 0.3498
train: {'epoch': 250, 'time_epoch': 18.9482, 'eta': 2815.16611, 'eta_hours': 0.78199, 'loss': 4.13107557, 'lr': 3.377e-05, 'params': 1823862, 'time_iter': 0.4737, 'mae': 0.34198, 'r2': 0.95273, 'spearmanr': 0.96666, 'mse': 0.19111, 'rmse': 0.43716, 'loss_node': 1.1505378662109376, 'loss_edge': 1.56684053440094, 'loss_graph': 1.222585166168213, 'loss_task': 0.19111196320056914, 'loss_encoder': 0.0}
train: {'epoch': 251, 'time_epoch': 18.8346, 'eta': 2796.23765, 'eta_hours': 0.77673, 'loss': 4.11117719, 'lr': 3.337e-05, 'params': 1823862, 'time_iter': 0.47087, 'mae': 0.34623, 'r2': 0.9517, 'spearmanr': 0.96576, 'mse': 0.1953, 'rmse': 0.44193, 'loss_node': 1.1461018293380738, 'loss_edge': 1.5611133251190186, 'loss_graph': 1.2086576316833497, 'loss_task': 0.1953043855190277, 'loss_encoder': 0.0}
train: {'epoch': 252, 'time_epoch': 18.81348, 'eta': 2777.29766, 'eta_hours': 0.77147, 'loss': 4.11844643, 'lr': 3.299e-05, 'params': 1823862, 'time_iter': 0.47034, 'mae': 0.34126, 'r2': 0.95314, 'spearmanr': 0.96511, 'mse': 0.18946, 'rmse': 0.43527, 'loss_node': 1.1368410528182984, 'loss_edge': 1.557542687034607, 'loss_graph': 1.2346053638458252, 'loss_task': 0.18945734820365906, 'loss_encoder': 0.0}
train: {'epoch': 253, 'time_epoch': 18.81186, 'eta': 2758.35773, 'eta_hours': 0.76621, 'loss': 4.11237235, 'lr': 3.26e-05, 'params': 1823862, 'time_iter': 0.4703, 'mae': 0.34499, 'r2': 0.95182, 'spearmanr': 0.96504, 'mse': 0.1948, 'rmse': 0.44136, 'loss_node': 1.134100330543518, 'loss_edge': 1.5592072971343993, 'loss_graph': 1.2242666988372803, 'loss_task': 0.1947980168581009, 'loss_encoder': 0.0}
train: {'epoch': 254, 'time_epoch': 18.83187, 'eta': 2739.43019, 'eta_hours': 0.76095, 'loss': 4.11587266, 'lr': 3.221e-05, 'params': 1823862, 'time_iter': 0.4708, 'mae': 0.34785, 'r2': 0.95125, 'spearmanr': 0.96479, 'mse': 0.19713, 'rmse': 0.444, 'loss_node': 1.131249969100952, 'loss_edge': 1.558970831680298, 'loss_graph': 1.228517765045166, 'loss_task': 0.19713411254882812, 'loss_encoder': 0.0}
train: {'epoch': 255, 'time_epoch': 18.80715, 'eta': 2720.48949, 'eta_hours': 0.75569, 'loss': 4.07234323, 'lr': 3.182e-05, 'params': 1823862, 'time_iter': 0.47018, 'mae': 0.34244, 'r2': 0.95273, 'spearmanr': 0.96547, 'mse': 0.19112, 'rmse': 0.43717, 'loss_node': 1.1232598607063293, 'loss_edge': 1.559077597427368, 'loss_graph': 1.1988895780563356, 'loss_task': 0.19111617131233216, 'loss_encoder': 0.0}
train: {'epoch': 256, 'time_epoch': 18.8021, 'eta': 2701.54702, 'eta_hours': 0.75043, 'loss': 4.08811387, 'lr': 3.144e-05, 'params': 1823862, 'time_iter': 0.47005, 'mae': 0.34112, 'r2': 0.95247, 'spearmanr': 0.96672, 'mse': 0.19217, 'rmse': 0.43837, 'loss_node': 1.1179686597824097, 'loss_edge': 1.56087865524292, 'loss_graph': 1.2170979486465454, 'loss_task': 0.19216861267089844, 'loss_encoder': 0.0}
train: {'epoch': 257, 'time_epoch': 18.81525, 'eta': 2682.61287, 'eta_hours': 0.74517, 'loss': 4.06015114, 'lr': 3.106e-05, 'params': 1823862, 'time_iter': 0.47038, 'mae': 0.3413, 'r2': 0.95083, 'spearmanr': 0.96613, 'mse': 0.19883, 'rmse': 0.4459, 'loss_node': 1.1139982419967651, 'loss_edge': 1.5599871543884278, 'loss_graph': 1.1873400806427001, 'loss_task': 0.19882566208839417, 'loss_encoder': 0.0}
train: {'epoch': 258, 'time_epoch': 18.81645, 'eta': 2663.6803, 'eta_hours': 0.73991, 'loss': 4.04938337, 'lr': 3.068e-05, 'params': 1823862, 'time_iter': 0.47041, 'mae': 0.34335, 'r2': 0.95246, 'spearmanr': 0.96654, 'mse': 0.19221, 'rmse': 0.43842, 'loss_node': 1.1065661269187927, 'loss_edge': 1.559396055984497, 'loss_graph': 1.1912091493606567, 'loss_task': 0.1922120571613312, 'loss_encoder': 0.0}
train: {'epoch': 259, 'time_epoch': 18.83621, 'eta': 2644.75926, 'eta_hours': 0.73466, 'loss': 4.05812544, 'lr': 3.029e-05, 'params': 1823862, 'time_iter': 0.47091, 'mae': 0.34509, 'r2': 0.95205, 'spearmanr': 0.96668, 'mse': 0.1939, 'rmse': 0.44034, 'loss_node': 1.106094706439972, 'loss_edge': 1.5585499927520752, 'loss_graph': 1.1995802513122558, 'loss_task': 0.1939004346370697, 'loss_encoder': 0.0}
Inference: Switched to EMA weights
Inference: Restored training weights
Inference: Switched to EMA weights
Inference: Restored training weights
Inference: Switched to EMA weights
Inference: Restored training weights
Inference: Switched to EMA weights
Inference: Restored training weights
val: {'epoch': 259, 'time_epoch': 28.64728, 'loss': 0.26212982, 'lr': 0, 'params': 1823862, 'time_iter': 7.16182, 'mae': 0.37243, 'r2': 0.93345, 'spearmanr': 0.96803, 'mse': 0.26213, 'rmse': 0.51199}
Inference: Switched to EMA weights
Inference: Restored training weights
Inference: Switched to EMA weights
Inference: Restored training weights
Inference: Switched to EMA weights
Inference: Restored training weights
Inference: Switched to EMA weights
Inference: Restored training weights
test: {'epoch': 259, 'time_epoch': 28.72456, 'loss': 0.21460435, 'lr': 0, 'params': 1823862, 'time_iter': 7.18114, 'mae': 0.36824, 'r2': 0.94725, 'spearmanr': 0.97061, 'mse': 0.2146, 'rmse': 0.46325}
> Epoch 259: took 76.2s (avg 24.9s) | Best so far: epoch 179	train_loss: 5.0894 train_mae: 0.3496	val_loss: 0.1919 val_mae: 0.3410	test_loss: 0.1961 test_mae: 0.3498
train: {'epoch': 260, 'time_epoch': 18.83961, 'eta': 2625.84068, 'eta_hours': 0.7294, 'loss': 4.03698595, 'lr': 2.992e-05, 'params': 1823862, 'time_iter': 0.47099, 'mae': 0.34325, 'r2': 0.95255, 'spearmanr': 0.96775, 'mse': 0.19185, 'rmse': 0.43801, 'loss_node': 1.1000213506698608, 'loss_edge': 1.5617888124465942, 'loss_graph': 1.183322801399231, 'loss_task': 0.19185297996997833, 'loss_encoder': 0.0}
train: {'epoch': 261, 'time_epoch': 18.98223, 'eta': 2606.99782, 'eta_hours': 0.72417, 'loss': 4.07438695, 'lr': 2.954e-05, 'params': 1823862, 'time_iter': 0.47456, 'mae': 0.34846, 'r2': 0.95099, 'spearmanr': 0.96557, 'mse': 0.19816, 'rmse': 0.44515, 'loss_node': 1.0918328113555908, 'loss_edge': 1.5475106985092164, 'loss_graph': 1.2368832109451293, 'loss_task': 0.19816022090911864, 'loss_encoder': 0.0}
train: {'epoch': 262, 'time_epoch': 18.83969, 'eta': 2588.07965, 'eta_hours': 0.71891, 'loss': 4.01583049, 'lr': 2.916e-05, 'params': 1823862, 'time_iter': 0.47099, 'mae': 0.34316, 'r2': 0.95157, 'spearmanr': 0.96692, 'mse': 0.19581, 'rmse': 0.4425, 'loss_node': 1.0880755846977235, 'loss_edge': 1.548362596988678, 'loss_graph': 1.1835826459884644, 'loss_task': 0.19580961315631867, 'loss_encoder': 0.0}
train: {'epoch': 263, 'time_epoch': 18.83271, 'eta': 2569.15848, 'eta_hours': 0.71366, 'loss': 4.02918535, 'lr': 2.879e-05, 'params': 1823862, 'time_iter': 0.47082, 'mae': 0.34594, 'r2': 0.95046, 'spearmanr': 0.96599, 'mse': 0.20032, 'rmse': 0.44757, 'loss_node': 1.082751042175293, 'loss_edge': 1.5467967109680176, 'loss_graph': 1.199315647506714, 'loss_task': 0.20032194657325744, 'loss_encoder': 0.0}
train: {'epoch': 264, 'time_epoch': 18.82998, 'eta': 2550.23659, 'eta_hours': 0.7084, 'loss': 4.01305707, 'lr': 2.841e-05, 'params': 1823862, 'time_iter': 0.47075, 'mae': 0.33916, 'r2': 0.95344, 'spearmanr': 0.96748, 'mse': 0.18828, 'rmse': 0.43391, 'loss_node': 1.0731158715248108, 'loss_edge': 1.5495384920120239, 'loss_graph': 1.2021240657806396, 'loss_task': 0.18827861948013305, 'loss_encoder': 0.0}
train: {'epoch': 265, 'time_epoch': 18.82668, 'eta': 2531.31373, 'eta_hours': 0.70314, 'loss': 3.99417226, 'lr': 2.804e-05, 'params': 1823862, 'time_iter': 0.47067, 'mae': 0.34068, 'r2': 0.9524, 'spearmanr': 0.96655, 'mse': 0.19245, 'rmse': 0.43869, 'loss_node': 1.0671576196670531, 'loss_edge': 1.550800795173645, 'loss_graph': 1.1837627990722657, 'loss_task': 0.19245103335380553, 'loss_encoder': 0.0}
train: {'epoch': 266, 'time_epoch': 18.83805, 'eta': 2512.39725, 'eta_hours': 0.69789, 'loss': 4.00520573, 'lr': 2.767e-05, 'params': 1823862, 'time_iter': 0.47095, 'mae': 0.3439, 'r2': 0.95241, 'spearmanr': 0.96598, 'mse': 0.19242, 'rmse': 0.43865, 'loss_node': 1.0705478266716004, 'loss_edge': 1.5489222073554993, 'loss_graph': 1.1933185710906982, 'loss_task': 0.1924171814918518, 'loss_encoder': 0.0}
train: {'epoch': 267, 'time_epoch': 18.79369, 'eta': 2493.45951, 'eta_hours': 0.69263, 'loss': 3.97913506, 'lr': 2.73e-05, 'params': 1823862, 'time_iter': 0.46984, 'mae': 0.33855, 'r2': 0.95429, 'spearmanr': 0.96621, 'mse': 0.18482, 'rmse': 0.42991, 'loss_node': 1.0588748750686645, 'loss_edge': 1.542222830581665, 'loss_graph': 1.1932136240005493, 'loss_task': 0.18482370572090148, 'loss_encoder': 0.0}
train: {'epoch': 268, 'time_epoch': 18.79142, 'eta': 2474.52173, 'eta_hours': 0.68737, 'loss': 3.99592438, 'lr': 2.693e-05, 'params': 1823862, 'time_iter': 0.46979, 'mae': 0.34607, 'r2': 0.95227, 'spearmanr': 0.96595, 'mse': 0.19298, 'rmse': 0.43929, 'loss_node': 1.0564006870269775, 'loss_edge': 1.5463753025054932, 'loss_graph': 1.2001730956077576, 'loss_task': 0.19297527108192444, 'loss_encoder': 0.0}
train: {'epoch': 269, 'time_epoch': 18.82328, 'eta': 2455.60038, 'eta_hours': 0.68211, 'loss': 3.95164908, 'lr': 2.657e-05, 'params': 1823862, 'time_iter': 0.47058, 'mae': 0.33817, 'r2': 0.95484, 'spearmanr': 0.96656, 'mse': 0.18261, 'rmse': 0.42733, 'loss_node': 1.0527981959342956, 'loss_edge': 1.5383871070861816, 'loss_graph': 1.177854807281494, 'loss_task': 0.18260902853012084, 'loss_encoder': 0.0}
Inference: Switched to EMA weights
Inference: Restored training weights
Inference: Switched to EMA weights
Inference: Restored training weights
Inference: Switched to EMA weights
Inference: Restored training weights
Inference: Switched to EMA weights
Inference: Restored training weights
val: {'epoch': 269, 'time_epoch': 28.64588, 'loss': 0.26729254, 'lr': 0, 'params': 1823862, 'time_iter': 7.16147, 'mae': 0.38048, 'r2': 0.93214, 'spearmanr': 0.96466, 'mse': 0.26729, 'rmse': 0.517}
Inference: Switched to EMA weights
Inference: Restored training weights
Inference: Switched to EMA weights
Inference: Restored training weights
Inference: Switched to EMA weights
Inference: Restored training weights
Inference: Switched to EMA weights
Inference: Restored training weights
test: {'epoch': 269, 'time_epoch': 28.71666, 'loss': 0.22648844, 'lr': 0, 'params': 1823862, 'time_iter': 7.17916, 'mae': 0.38536, 'r2': 0.94433, 'spearmanr': 0.96943, 'mse': 0.22649, 'rmse': 0.47591}
> Epoch 269: took 76.2s (avg 24.8s) | Best so far: epoch 179	train_loss: 5.0894 train_mae: 0.3496	val_loss: 0.1919 val_mae: 0.3410	test_loss: 0.1961 test_mae: 0.3498
train: {'epoch': 270, 'time_epoch': 18.80949, 'eta': 2436.67318, 'eta_hours': 0.67685, 'loss': 3.98658955, 'lr': 2.62e-05, 'params': 1823862, 'time_iter': 0.47024, 'mae': 0.34473, 'r2': 0.95216, 'spearmanr': 0.96603, 'mse': 0.19345, 'rmse': 0.43983, 'loss_node': 1.047293041229248, 'loss_edge': 1.544077017211914, 'loss_graph': 1.2017672163009643, 'loss_task': 0.19345225429534912, 'loss_encoder': 0.0}
train: {'epoch': 271, 'time_epoch': 18.80258, 'eta': 2417.74361, 'eta_hours': 0.6716, 'loss': 3.98590778, 'lr': 2.584e-05, 'params': 1823862, 'time_iter': 0.47006, 'mae': 0.34637, 'r2': 0.95292, 'spearmanr': 0.96559, 'mse': 0.19037, 'rmse': 0.43632, 'loss_node': 1.046700242137909, 'loss_edge': 1.5438068996429444, 'loss_graph': 1.2050291553497314, 'loss_task': 0.19037146400213242, 'loss_encoder': 0.0}
train: {'epoch': 272, 'time_epoch': 19.00857, 'eta': 2398.91079, 'eta_hours': 0.66636, 'loss': 3.98411151, 'lr': 2.548e-05, 'params': 1823862, 'time_iter': 0.47521, 'mae': 0.34435, 'r2': 0.95241, 'spearmanr': 0.96587, 'mse': 0.19244, 'rmse': 0.43868, 'loss_node': 1.0443715887069702, 'loss_edge': 1.5439446592330932, 'loss_graph': 1.2033531475067138, 'loss_task': 0.19244209957122801, 'loss_encoder': 0.0}
train: {'epoch': 273, 'time_epoch': 18.82839, 'eta': 2379.99382, 'eta_hours': 0.66111, 'loss': 3.95168926, 'lr': 2.512e-05, 'params': 1823862, 'time_iter': 0.47071, 'mae': 0.34471, 'r2': 0.95195, 'spearmanr': 0.96572, 'mse': 0.1943, 'rmse': 0.4408, 'loss_node': 1.041694540977478, 'loss_edge': 1.5396066924095153, 'loss_graph': 1.1760845163345337, 'loss_task': 0.19430354669094085, 'loss_encoder': 0.0}
train: {'epoch': 274, 'time_epoch': 18.83192, 'eta': 2361.07911, 'eta_hours': 0.65586, 'loss': 3.94574452, 'lr': 2.476e-05, 'params': 1823862, 'time_iter': 0.4708, 'mae': 0.34165, 'r2': 0.95357, 'spearmanr': 0.96649, 'mse': 0.18775, 'rmse': 0.4333, 'loss_node': 1.0342629917144774, 'loss_edge': 1.5471465816497803, 'loss_graph': 1.1765826179504395, 'loss_task': 0.18775235342979432, 'loss_encoder': 0.0}
train: {'epoch': 275, 'time_epoch': 18.76229, 'eta': 2342.13372, 'eta_hours': 0.65059, 'loss': 3.94293302, 'lr': 2.441e-05, 'params': 1823862, 'time_iter': 0.46906, 'mae': 0.34162, 'r2': 0.95296, 'spearmanr': 0.96621, 'mse': 0.19018, 'rmse': 0.4361, 'loss_node': 1.0296714421272277, 'loss_edge': 1.5354994500160217, 'loss_graph': 1.1875772674560547, 'loss_task': 0.19018485794067383, 'loss_encoder': 0.0}
train: {'epoch': 276, 'time_epoch': 18.79793, 'eta': 2323.20547, 'eta_hours': 0.64533, 'loss': 3.93261374, 'lr': 2.405e-05, 'params': 1823862, 'time_iter': 0.46995, 'mae': 0.34189, 'r2': 0.95249, 'spearmanr': 0.96589, 'mse': 0.19211, 'rmse': 0.43831, 'loss_node': 1.0273791913986206, 'loss_edge': 1.5394711658477782, 'loss_graph': 1.173651513671875, 'loss_task': 0.1921118944168091, 'loss_encoder': 0.0}
train: {'epoch': 277, 'time_epoch': 18.81253, 'eta': 2304.28457, 'eta_hours': 0.64008, 'loss': 3.93665297, 'lr': 2.37e-05, 'params': 1823862, 'time_iter': 0.47031, 'mae': 0.34241, 'r2': 0.95292, 'spearmanr': 0.96652, 'mse': 0.19036, 'rmse': 0.4363, 'loss_node': 1.0211289419174194, 'loss_edge': 1.535046728515625, 'loss_graph': 1.190115824508667, 'loss_task': 0.19036148834228517, 'loss_encoder': 0.0}
train: {'epoch': 278, 'time_epoch': 18.99954, 'eta': 2285.44555, 'eta_hours': 0.63485, 'loss': 3.91649604, 'lr': 2.335e-05, 'params': 1823862, 'time_iter': 0.47499, 'mae': 0.34078, 'r2': 0.95246, 'spearmanr': 0.96752, 'mse': 0.19223, 'rmse': 0.43844, 'loss_node': 1.0207981986999513, 'loss_edge': 1.5348997581481933, 'loss_graph': 1.1685667339324952, 'loss_task': 0.19223138127326966, 'loss_encoder': 0.0}
train: {'epoch': 279, 'time_epoch': 18.7942, 'eta': 2266.51738, 'eta_hours': 0.62959, 'loss': 3.93595643, 'lr': 2.3e-05, 'params': 1823862, 'time_iter': 0.46986, 'mae': 0.34121, 'r2': 0.95408, 'spearmanr': 0.96657, 'mse': 0.18568, 'rmse': 0.43091, 'loss_node': 1.0166395771980286, 'loss_edge': 1.5379423159599304, 'loss_graph': 1.1956938311576844, 'loss_task': 0.18568070166110992, 'loss_encoder': 0.0}
Inference: Switched to EMA weights
Inference: Restored training weights
Inference: Switched to EMA weights
Inference: Restored training weights
Inference: Switched to EMA weights
Inference: Restored training weights
Inference: Switched to EMA weights
Inference: Restored training weights
val: {'epoch': 279, 'time_epoch': 28.63546, 'loss': 0.27484665, 'lr': 0, 'params': 1823862, 'time_iter': 7.15887, 'mae': 0.37828, 'r2': 0.93022, 'spearmanr': 0.96397, 'mse': 0.27485, 'rmse': 0.52426}
Inference: Switched to EMA weights
Inference: Restored training weights
Inference: Switched to EMA weights
Inference: Restored training weights
Inference: Switched to EMA weights
Inference: Restored training weights
Inference: Switched to EMA weights
Inference: Restored training weights
test: {'epoch': 279, 'time_epoch': 28.71395, 'loss': 0.22318958, 'lr': 0, 'params': 1823862, 'time_iter': 7.17849, 'mae': 0.38306, 'r2': 0.94514, 'spearmanr': 0.96882, 'mse': 0.22319, 'rmse': 0.47243}
> Epoch 279: took 76.2s (avg 24.8s) | Best so far: epoch 179	train_loss: 5.0894 train_mae: 0.3496	val_loss: 0.1919 val_mae: 0.3410	test_loss: 0.1961 test_mae: 0.3498
train: {'epoch': 280, 'time_epoch': 18.8122, 'eta': 2247.59778, 'eta_hours': 0.62433, 'loss': 3.91414347, 'lr': 2.265e-05, 'params': 1823862, 'time_iter': 0.4703, 'mae': 0.34305, 'r2': 0.95309, 'spearmanr': 0.96676, 'mse': 0.18967, 'rmse': 0.43551, 'loss_node': 1.0091172971725464, 'loss_edge': 1.5270044017791748, 'loss_graph': 1.188350281906128, 'loss_task': 0.18967146587371825, 'loss_encoder': 0.0}
train: {'epoch': 281, 'time_epoch': 18.81928, 'eta': 2228.68191, 'eta_hours': 0.61908, 'loss': 3.91951313, 'lr': 2.231e-05, 'params': 1823862, 'time_iter': 0.47048, 'mae': 0.34407, 'r2': 0.95244, 'spearmanr': 0.96629, 'mse': 0.19229, 'rmse': 0.43851, 'loss_node': 1.0086972734451294, 'loss_edge': 1.5358073015213012, 'loss_graph': 1.1827139291763307, 'loss_task': 0.19229465273618698, 'loss_encoder': 0.0}
train: {'epoch': 282, 'time_epoch': 18.79692, 'eta': 2209.75748, 'eta_hours': 0.61382, 'loss': 3.91997885, 'lr': 2.196e-05, 'params': 1823862, 'time_iter': 0.46992, 'mae': 0.34426, 'r2': 0.95165, 'spearmanr': 0.96649, 'mse': 0.19549, 'rmse': 0.44215, 'loss_node': 1.007657629966736, 'loss_edge': 1.536094518852234, 'loss_graph': 1.1807337890625, 'loss_task': 0.19549287090301515, 'loss_encoder': 0.0}
train: {'epoch': 283, 'time_epoch': 18.81687, 'eta': 2190.84209, 'eta_hours': 0.60857, 'loss': 3.92279835, 'lr': 2.162e-05, 'params': 1823862, 'time_iter': 0.47042, 'mae': 0.34267, 'r2': 0.95284, 'spearmanr': 0.96735, 'mse': 0.19068, 'rmse': 0.43667, 'loss_node': 1.001770908164978, 'loss_edge': 1.5321855631828307, 'loss_graph': 1.1981638904571532, 'loss_task': 0.19067796522378921, 'loss_encoder': 0.0}
train: {'epoch': 284, 'time_epoch': 18.81633, 'eta': 2171.92718, 'eta_hours': 0.60331, 'loss': 3.90098777, 'lr': 2.128e-05, 'params': 1823862, 'time_iter': 0.47041, 'mae': 0.34211, 'r2': 0.95279, 'spearmanr': 0.96614, 'mse': 0.19088, 'rmse': 0.4369, 'loss_node': 0.999761721611023, 'loss_edge': 1.5284432865142823, 'loss_graph': 1.1819004926681518, 'loss_task': 0.1908822779774666, 'loss_encoder': 0.0}
train: {'epoch': 285, 'time_epoch': 18.96562, 'eta': 2153.07246, 'eta_hours': 0.59808, 'loss': 3.90089852, 'lr': 2.095e-05, 'params': 1823862, 'time_iter': 0.47414, 'mae': 0.34294, 'r2': 0.9533, 'spearmanr': 0.96688, 'mse': 0.18881, 'rmse': 0.43453, 'loss_node': 0.9952986656188965, 'loss_edge': 1.5352815902709962, 'loss_graph': 1.181505340385437, 'loss_task': 0.18881297369003297, 'loss_encoder': 0.0}
train: {'epoch': 286, 'time_epoch': 18.83231, 'eta': 2134.16449, 'eta_hours': 0.59282, 'loss': 3.89850258, 'lr': 2.061e-05, 'params': 1823862, 'time_iter': 0.47081, 'mae': 0.34506, 'r2': 0.95058, 'spearmanr': 0.9661, 'mse': 0.19981, 'rmse': 0.447, 'loss_node': 0.9952824085235595, 'loss_edge': 1.5272894256591796, 'loss_graph': 1.1761192504882811, 'loss_task': 0.19981150069236756, 'loss_encoder': 0.0}
train: {'epoch': 287, 'time_epoch': 18.79819, 'eta': 2115.24377, 'eta_hours': 0.58757, 'loss': 3.89022913, 'lr': 2.028e-05, 'params': 1823862, 'time_iter': 0.46995, 'mae': 0.34331, 'r2': 0.95176, 'spearmanr': 0.96558, 'mse': 0.19504, 'rmse': 0.44163, 'loss_node': 0.9866096773147583, 'loss_edge': 1.523304518699646, 'loss_graph': 1.1852752779006959, 'loss_task': 0.1950395951986313, 'loss_encoder': 0.0}
train: {'epoch': 288, 'time_epoch': 18.79287, 'eta': 2096.32185, 'eta_hours': 0.58231, 'loss': 3.89553528, 'lr': 1.995e-05, 'params': 1823862, 'time_iter': 0.46982, 'mae': 0.34639, 'r2': 0.95212, 'spearmanr': 0.96625, 'mse': 0.19358, 'rmse': 0.43998, 'loss_node': 0.9882768501281738, 'loss_edge': 1.52917320022583, 'loss_graph': 1.1845019697189332, 'loss_task': 0.1935832845211029, 'loss_encoder': 0.0}
