[wisteria] ROOT=/work/gp15/q25030
[wisteria] CODE=/work/gp15/q25030/LatentGraphDiffusion
[wisteria] DATA=/work/gp15/q25030/LatentGraphDiffusion/data
[wisteria] RUNS=/work/gp15/q25030/LatentGraphDiffusion/runs
[wisteria] RESULTS=/work/gp15/q25030/LatentGraphDiffusion/runs (unified with RUNS)
=== LGD Wisteria Job ===
Dataset     : zinc
Mode        : flow
Config      : cfg/my_zinc-flow_baseline.yaml
Checkpoint  : runs/zinc_encoder_20250930_004610/my_zinc-encoder_baseline/0/ckpt/399.ckpt
Repeat      : 1
Max Epoch   : 400
Experiment  : zinc_flow_20250930_213930
Out Dir     : /work/gp15/q25030/LatentGraphDiffusion/runs/zinc_flow_20250930_213930
W&B Name    : zinc_flow_zinc_flow_20250930_213930
Start time  : Tue Sep 30 21:39:30 JST 2025
[wandb] entity='shokuno-the-university-of-tokyo', mode='online'
Env check:
PyTorch: 2.0.1
CUDA available: True
CUDA device count: 8
PyG: 2.3.1
Using encoder checkpoint: runs/zinc_encoder_20250930_004610/my_zinc-encoder_baseline/0/ckpt/399.ckpt
Starting ZINC flow matching training...
Config: cfg/my_zinc-flow_baseline.yaml
Max Epoch: 400
Out dir: /workspace/runs/zinc_flow_20250930_213930
/opt/conda/lib/python3.10/site-packages/lightning_fabric/__init__.py:40: pkg_resources is deprecated as an API. See https://setuptools.pypa.io/en/latest/pkg_resources.html. The pkg_resources package is slated for removal as early as 2025-11-30. Refrain from using this package or pin to Setuptools<81.
Warning: Could not import san2_layer: cannot import name 'negate_edge_index' from 'lgd.utils' (/workspace/lgd/utils/__init__.py)
Warning: Could not import grit_layer: No module named 'opt_einsum'
Warning: Could not import san_layer: cannot import name 'negate_edge_index' from 'lgd.utils' (/workspace/lgd/utils/__init__.py)
WARNING:root:Layers after message passing should be >=1
./datasets/ZINC
[*] Loaded dataset 'subset' from 'PyG-ZINC':
/opt/conda/lib/python3.10/site-packages/torch_geometric/data/in_memory_dataset.py:157: UserWarning: It is not recommended to directly access the internal storage format `data` of an 'InMemoryDataset'. If you are absolutely certain what you are doing, access the internal storage via `InMemoryDataset._data` instead to suppress this warning. Alternatively, you can access stacked individual attributes of every graph via `dataset.{attr_name}`.
  warnings.warn(msg)
  Data(x=[277864, 1], edge_index=[2, 597970], edge_attr=[597970], y=[12000])
  undirected: True
  num graphs: 12000
/opt/conda/lib/python3.10/site-packages/torch_geometric/data/in_memory_dataset.py:157: UserWarning: It is not recommended to directly access the internal storage format `data` of an 'InMemoryDataset'. The data of the dataset is already cached, so any modifications to `data` will not be reflected when accessing its elements. Clearing the cache now by removing all elements in `dataset._data_list`. If you are absolutely certain what you are doing, access the internal storage via `InMemoryDataset._data` instead to suppress this warning. Alternatively, you can access stacked individual attributes of every graph via `dataset.{attr_name}`.
  warnings.warn(msg)
  avg num_nodes/graph: 23
  num node features: 1
  num edge features: 1
  num classes: (appears to be a regression task)
Precomputing Positional Encoding statistics: ['RRWP'] for all graphs...
  ...estimated to be undirected: True
  0%|          | 0/12000 [00:00<?, ?it/s]100%|██████████| 12000/12000 [00:07<00:00, 1537.55it/s]
Done! Took 00:00:08.45
Adding virtual node and edges
  0%|          | 0/12000 [00:00<?, ?it/s]100%|██████████| 12000/12000 [00:06<00:00, 1733.61it/s]
Preprocessing PE
  0%|          | 0/12000 [00:00<?, ?it/s]100%|██████████| 12000/12000 [00:03<00:00, 3622.51it/s]
[*] Run ID 0: seed=0, split_index=0
    Starting now: 2025-09-30 21:40:16.839813
/opt/conda/lib/python3.10/site-packages/torch/nn/init.py:405: UserWarning: Initializing zero-element tensors is a no-op
  warnings.warn("Initializing zero-element tensors is a no-op")
Restored encoder from runs/zinc_encoder_20250930_004610/my_zinc-encoder_baseline/0/ckpt/399.ckpt
Missing Keys: 0, Unexpected Keys: 0
Using first stage also as cond stage.
VelocityWrapper has 0.93 M params.
Keeping EMAs of 434.
LatentFlow(
  (first_stage_model): GraphTransformerEncoder(
    (act): ReLU()
    (node_emb): TypeDictNodeEncoder(
      (encoder): Embedding(27, 36, padding_idx=0)
    )
    (edge_emb): TypeDictEdgeEncoder(
      (encoder): Embedding(14, 36, padding_idx=0)
    )
    (prefix_emb): Embedding(1, 64, padding_idx=0)
    (label_embed_regression): Sequential(
      (0): Linear(in_features=1, out_features=128, bias=True)
      (1): ReLU()
      (2): Linear(in_features=128, out_features=64, bias=True)
      (3): Identity()
      (4): ReLU()
    )
    (label_embed_classification): Embedding(3, 64)
    (posenc_emb): Sequential(
      (0): Identity()
      (1): Linear(in_features=20, out_features=28, bias=True)
    )
    (posenc_emb_edge): Sequential(
      (0): Identity()
      (1): Linear(in_features=20, out_features=28, bias=True)
    )
    (node_in_mlp): Sequential(
      (0): Linear(in_features=64, out_features=128, bias=True)
      (1): ReLU()
      (2): Linear(in_features=128, out_features=64, bias=True)
    )
    (edge_in_mlp): Sequential(
      (0): Linear(in_features=64, out_features=128, bias=True)
      (1): ReLU()
      (2): Linear(in_features=128, out_features=64, bias=True)
    )
    (batch_norm_in_h): BatchNorm1d(64, eps=1e-05, momentum=0.1, affine=True, track_running_stats=True)
    (batch_norm_in_e): BatchNorm1d(64, eps=1e-05, momentum=0.1, affine=True, track_running_stats=True)
    (GTE_layers): ModuleList(
      (0-9): 10 x GraphTransformerEncoderLayer(in_channels=64, out_channels=64, heads=4, residual=True)
      [GraphTransformerEncoderLayer(
        (act): ReLU()
        (attention): GTE_Attention(
          (dropout): Dropout(p=0.5, inplace=False)
          (Q): Linear(in_features=64, out_features=64, bias=True)
          (K): Linear(in_features=64, out_features=64, bias=False)
          (E): Linear(in_features=64, out_features=128, bias=True)
          (V): Linear(in_features=64, out_features=64, bias=False)
          (act): ReLU()
        )
        (mpnn): GINE(
          (dropout): Dropout(p=0.0, inplace=False)
          (act): ReLU()
          (lin_edge): Linear(in_features=64, out_features=64, bias=True)
          (mlp): Sequential(
            (0): Linear(in_features=64, out_features=128, bias=True)
            (1): ReLU()
            (2): Linear(in_features=128, out_features=64, bias=True)
          )
        )
        (temb_proj_h): Linear(in_features=0, out_features=64, bias=True)
        (temb_proj_e): Linear(in_features=0, out_features=64, bias=True)
        (O_h): Linear(in_features=64, out_features=64, bias=True)
        (O_e): Linear(in_features=64, out_features=64, bias=True)
        (batch_norm1_h): BatchNorm1d(64, eps=1e-05, momentum=0.1, affine=True, track_running_stats=True)
        (batch_norm1_e): BatchNorm1d(64, eps=1e-05, momentum=0.1, affine=True, track_running_stats=True)
        (FFN_h_layer1): Linear(in_features=64, out_features=128, bias=True)
        (FFN_h_layer2): Linear(in_features=128, out_features=64, bias=True)
        (FFN_e_layer1): Linear(in_features=64, out_features=128, bias=True)
        (FFN_e_layer2): Linear(in_features=128, out_features=64, bias=True)
        (batch_norm2_h): BatchNorm1d(64, eps=1e-05, momentum=0.1, affine=True, track_running_stats=True)
        (batch_norm2_e): BatchNorm1d(64, eps=1e-05, momentum=0.1, affine=True, track_running_stats=True)
      )]
    )
    (final_layer_node): Sequential(
      (0): Linear(in_features=64, out_features=8, bias=True)
      (1): ReLU()
      (2): Linear(in_features=8, out_features=4, bias=True)
    )
    (final_layer_edge): Sequential(
      (0): Linear(in_features=64, out_features=8, bias=True)
      (1): ReLU()
      (2): Linear(in_features=8, out_features=4, bias=True)
    )
    (graph_out_mlp): Sequential(
      (0): Linear(in_features=4, out_features=8, bias=True)
      (1): ReLU()
      (2): Linear(in_features=8, out_features=4, bias=True)
    )
    (graph_out_mlp_2): Sequential(
      (0): Linear(in_features=4, out_features=8, bias=True)
      (1): ReLU()
      (2): Linear(in_features=8, out_features=4, bias=True)
    )
    (decode_node): Linear(in_features=4, out_features=31, bias=True)
    (decode_edge): Linear(in_features=4, out_features=14, bias=True)
    (decode_graph): Linear(in_features=4, out_features=1, bias=True)
  )
  (cond_stage_model): GraphTransformerEncoder(
    (act): ReLU()
    (node_emb): TypeDictNodeEncoder(
      (encoder): Embedding(27, 36, padding_idx=0)
    )
    (edge_emb): TypeDictEdgeEncoder(
      (encoder): Embedding(14, 36, padding_idx=0)
    )
    (prefix_emb): Embedding(1, 64, padding_idx=0)
    (label_embed_regression): Sequential(
      (0): Linear(in_features=1, out_features=128, bias=True)
      (1): ReLU()
      (2): Linear(in_features=128, out_features=64, bias=True)
      (3): Identity()
      (4): ReLU()
    )
    (label_embed_classification): Embedding(3, 64)
    (posenc_emb): Sequential(
      (0): Identity()
      (1): Linear(in_features=20, out_features=28, bias=True)
    )
    (posenc_emb_edge): Sequential(
      (0): Identity()
      (1): Linear(in_features=20, out_features=28, bias=True)
    )
    (node_in_mlp): Sequential(
      (0): Linear(in_features=64, out_features=128, bias=True)
      (1): ReLU()
      (2): Linear(in_features=128, out_features=64, bias=True)
    )
    (edge_in_mlp): Sequential(
      (0): Linear(in_features=64, out_features=128, bias=True)
      (1): ReLU()
      (2): Linear(in_features=128, out_features=64, bias=True)
    )
    (batch_norm_in_h): BatchNorm1d(64, eps=1e-05, momentum=0.1, affine=True, track_running_stats=True)
    (batch_norm_in_e): BatchNorm1d(64, eps=1e-05, momentum=0.1, affine=True, track_running_stats=True)
    (GTE_layers): ModuleList(
      (0-9): 10 x GraphTransformerEncoderLayer(in_channels=64, out_channels=64, heads=4, residual=True)
      [GraphTransformerEncoderLayer(
        (act): ReLU()
        (attention): GTE_Attention(
          (dropout): Dropout(p=0.5, inplace=False)
          (Q): Linear(in_features=64, out_features=64, bias=True)
          (K): Linear(in_features=64, out_features=64, bias=False)
          (E): Linear(in_features=64, out_features=128, bias=True)
          (V): Linear(in_features=64, out_features=64, bias=False)
          (act): ReLU()
        )
        (mpnn): GINE(
          (dropout): Dropout(p=0.0, inplace=False)
          (act): ReLU()
          (lin_edge): Linear(in_features=64, out_features=64, bias=True)
          (mlp): Sequential(
            (0): Linear(in_features=64, out_features=128, bias=True)
            (1): ReLU()
            (2): Linear(in_features=128, out_features=64, bias=True)
          )
        )
        (temb_proj_h): Linear(in_features=0, out_features=64, bias=True)
        (temb_proj_e): Linear(in_features=0, out_features=64, bias=True)
        (O_h): Linear(in_features=64, out_features=64, bias=True)
        (O_e): Linear(in_features=64, out_features=64, bias=True)
        (batch_norm1_h): BatchNorm1d(64, eps=1e-05, momentum=0.1, affine=True, track_running_stats=True)
        (batch_norm1_e): BatchNorm1d(64, eps=1e-05, momentum=0.1, affine=True, track_running_stats=True)
        (FFN_h_layer1): Linear(in_features=64, out_features=128, bias=True)
        (FFN_h_layer2): Linear(in_features=128, out_features=64, bias=True)
        (FFN_e_layer1): Linear(in_features=64, out_features=128, bias=True)
        (FFN_e_layer2): Linear(in_features=128, out_features=64, bias=True)
        (batch_norm2_h): BatchNorm1d(64, eps=1e-05, momentum=0.1, affine=True, track_running_stats=True)
        (batch_norm2_e): BatchNorm1d(64, eps=1e-05, momentum=0.1, affine=True, track_running_stats=True)
      )]
    )
    (final_layer_node): Sequential(
      (0): Linear(in_features=64, out_features=8, bias=True)
      (1): ReLU()
      (2): Linear(in_features=8, out_features=4, bias=True)
    )
    (final_layer_edge): Sequential(
      (0): Linear(in_features=64, out_features=8, bias=True)
      (1): ReLU()
      (2): Linear(in_features=8, out_features=4, bias=True)
    )
    (graph_out_mlp): Sequential(
      (0): Linear(in_features=4, out_features=8, bias=True)
      (1): ReLU()
      (2): Linear(in_features=8, out_features=4, bias=True)
    )
    (graph_out_mlp_2): Sequential(
      (0): Linear(in_features=4, out_features=8, bias=True)
      (1): ReLU()
      (2): Linear(in_features=8, out_features=4, bias=True)
    )
    (decode_node): Linear(in_features=4, out_features=31, bias=True)
    (decode_edge): Linear(in_features=4, out_features=14, bias=True)
    (decode_graph): Linear(in_features=4, out_features=1, bias=True)
  )
  (model): VelocityWrapper(
    (denoiser): DenoisingTransformer(
      (act): ReLU()
      (node_in_mlp): Sequential(
        (0): Linear(in_features=4, out_features=128, bias=True)
        (1): ReLU()
        (2): Linear(in_features=128, out_features=64, bias=True)
      )
      (edge_in_mlp): Sequential(
        (0): Linear(in_features=4, out_features=128, bias=True)
        (1): ReLU()
        (2): Linear(in_features=128, out_features=64, bias=True)
      )
      (cond_in_mlp): Sequential(
        (0): Linear(in_features=4, out_features=128, bias=True)
        (1): ReLU()
        (2): Linear(in_features=128, out_features=64, bias=True)
        (3): LayerNorm((64,), eps=1e-05, elementwise_affine=True)
        (4): ReLU()
      )
      (cond_in_mlp_2): Sequential(
        (0): Linear(in_features=4, out_features=128, bias=True)
        (1): ReLU()
        (2): Linear(in_features=128, out_features=64, bias=True)
        (3): LayerNorm((64,), eps=1e-05, elementwise_affine=True)
        (4): ReLU()
      )
      (cond_in_mlp_3): Sequential(
        (0): Linear(in_features=4, out_features=128, bias=True)
        (1): ReLU()
        (2): Linear(in_features=128, out_features=64, bias=True)
        (3): LayerNorm((64,), eps=1e-05, elementwise_affine=True)
        (4): ReLU()
      )
      (cond_res_mlp): Sequential(
        (0): Linear(in_features=4, out_features=8, bias=True)
        (1): ReLU()
        (2): Linear(in_features=8, out_features=4, bias=True)
        (3): LayerNorm((4,), eps=1e-05, elementwise_affine=True)
        (4): ReLU()
      )
      (layer_norm_in_h): LayerNorm((64,), eps=1e-05, elementwise_affine=True)
      (layer_norm_in_e): LayerNorm((64,), eps=1e-05, elementwise_affine=True)
      (temb_layer): Sequential(
        (0): Linear(in_features=64, out_features=128, bias=True)
        (1): ReLU()
        (2): Linear(in_features=128, out_features=64, bias=True)
      )
      (denoising_layers): ModuleList(
        (0-3): 4 x DenoisingTransformerLayer(in_channels=64, out_channels=64, heads=8, residual=True)
        [DenoisingTransformerLayer(
          (act): ReLU()
          (cross_attention): Cross_Attention(
            (dropout): Dropout(p=0.25, inplace=False)
            (Q): Linear(in_features=64, out_features=64, bias=True)
            (K): Linear(in_features=64, out_features=64, bias=False)
            (E1): Linear(in_features=64, out_features=64, bias=True)
            (E2): Linear(in_features=64, out_features=64, bias=True)
            (V): Linear(in_features=64, out_features=64, bias=False)
            (H): Linear(in_features=64, out_features=64, bias=True)
            (G1): Linear(in_features=64, out_features=64, bias=True)
            (G2): Linear(in_features=64, out_features=64, bias=True)
            (act): ReLU()
          )
          (attention): GTE_Attention(
            (dropout): Dropout(p=0.25, inplace=False)
            (Q): Linear(in_features=64, out_features=64, bias=True)
            (K): Linear(in_features=64, out_features=64, bias=False)
            (E): Linear(in_features=64, out_features=128, bias=True)
            (V): Linear(in_features=64, out_features=64, bias=False)
            (act): ReLU()
          )
          (temb_proj_h): Linear(in_features=64, out_features=64, bias=True)
          (temb_proj_e): Linear(in_features=64, out_features=64, bias=True)
          (O_h): Linear(in_features=64, out_features=64, bias=True)
          (O_e): Linear(in_features=64, out_features=64, bias=True)
          (O_h2): Linear(in_features=64, out_features=64, bias=True)
          (O_e2): Linear(in_features=64, out_features=64, bias=True)
          (FFN_h_layer1): Linear(in_features=64, out_features=128, bias=True)
          (FFN_h_layer2): Linear(in_features=128, out_features=64, bias=True)
          (FFN_h_layer3): Linear(in_features=64, out_features=128, bias=True)
          (FFN_h_layer4): Linear(in_features=128, out_features=64, bias=True)
          (FFN_e_layer1): Linear(in_features=64, out_features=128, bias=True)
          (FFN_e_layer2): Linear(in_features=128, out_features=64, bias=True)
          (FFN_e_layer3): Linear(in_features=64, out_features=128, bias=True)
          (FFN_e_layer4): Linear(in_features=128, out_features=64, bias=True)
          (layer_norm1_h): LayerNorm((64,), eps=1e-05, elementwise_affine=True)
          (layer_norm1_e): LayerNorm((64,), eps=1e-05, elementwise_affine=True)
          (layer_norm2_h): LayerNorm((64,), eps=1e-05, elementwise_affine=True)
          (layer_norm2_e): LayerNorm((64,), eps=1e-05, elementwise_affine=True)
          (layer_norm3_h): LayerNorm((64,), eps=1e-05, elementwise_affine=True)
          (layer_norm3_e): LayerNorm((64,), eps=1e-05, elementwise_affine=True)
          (layer_norm4_h): LayerNorm((64,), eps=1e-05, elementwise_affine=True)
          (layer_norm4_e): LayerNorm((64,), eps=1e-05, elementwise_affine=True)
        )]
      )
      (self_attn_layers): ModuleList(
        (0-3): 4 x GraphTransformerEncoderLayer(in_channels=64, out_channels=64, heads=8, residual=True)
        [GraphTransformerEncoderLayer(
          (act): ReLU()
          (attention): GTE_Attention(
            (dropout): Dropout(p=0.25, inplace=False)
            (Q): Linear(in_features=64, out_features=64, bias=True)
            (K): Linear(in_features=64, out_features=64, bias=False)
            (E): Linear(in_features=64, out_features=128, bias=True)
            (V): Linear(in_features=64, out_features=64, bias=False)
            (act): ReLU()
          )
          (temb_proj_h): Linear(in_features=64, out_features=64, bias=True)
          (temb_proj_e): Linear(in_features=64, out_features=64, bias=True)
          (O_h): Linear(in_features=64, out_features=64, bias=True)
          (O_e): Linear(in_features=64, out_features=64, bias=True)
          (layer_norm1_h): LayerNorm((64,), eps=1e-05, elementwise_affine=True)
          (layer_norm1_e): LayerNorm((64,), eps=1e-05, elementwise_affine=True)
          (FFN_h_layer1): Linear(in_features=64, out_features=128, bias=True)
          (FFN_h_layer2): Linear(in_features=128, out_features=64, bias=True)
          (FFN_e_layer1): Linear(in_features=64, out_features=128, bias=True)
          (FFN_e_layer2): Linear(in_features=128, out_features=64, bias=True)
          (layer_norm2_h): LayerNorm((64,), eps=1e-05, elementwise_affine=True)
          (layer_norm2_e): LayerNorm((64,), eps=1e-05, elementwise_affine=True)
        )]
      )
      (final_layer_node): Sequential(
        (0): Linear(in_features=64, out_features=8, bias=True)
        (1): ReLU()
        (2): Linear(in_features=8, out_features=4, bias=True)
      )
      (final_layer_edge): Sequential(
        (0): Linear(in_features=64, out_features=8, bias=True)
        (1): ReLU()
        (2): Linear(in_features=8, out_features=4, bias=True)
      )
      (graph_out_mlp): Sequential(
        (0): Linear(in_features=4, out_features=8, bias=True)
        (1): ReLU()
        (2): Linear(in_features=8, out_features=4, bias=True)
      )
      (graph_out_mlp_2): Sequential(
        (0): Linear(in_features=4, out_features=8, bias=True)
        (1): ReLU()
        (2): Linear(in_features=8, out_features=4, bias=True)
      )
    )
  )
  (model_ema): LitEma()
)
accelerator: cuda:0
benchmark: False
bn:
  eps: 1e-05
  mom: 0.1
cfg_dest: config.yaml
cond:
  attn:
    O_e: True
    act: relu
    attn_dropout: 0.0
    batch_norm: True
    bn_momentum: 0.1
    bn_no_runner: False
    clamp: 5.0
    deg_scaler: False
    edge_enhance: True
    full_attn: True
    layer_norm: False
    norm_e: True
    sparse: False
    use: True
    use_bias: False
  batch_norm: True
  bn_momentum: 0.1
  bn_no_runner: False
  edge_encoder_name: TypeDictEdge
  layer_norm: False
  node_encoder_name: TypeDictNode
custom_metrics: []
dataset:
  add_virtual_node_edge: True
  cache_load: False
  cache_save: False
  dir: ./datasets
  edge_dim: 128
  edge_encoder: True
  edge_encoder_bn: False
  edge_encoder_name: TypeDictEdge
  edge_encoder_num_types: 4
  edge_message_ratio: 0.8
  edge_negative_sampling_ratio: 1.0
  edge_train_mode: all
  encoder: True
  encoder_bn: True
  encoder_dim: 128
  encoder_name: db
  format: PyG-ZINC
  label_column: none
  label_table: none
  location: local
  name: subset
  node_encoder: True
  node_encoder_bn: False
  node_encoder_name: TypeDictNode
  node_encoder_num_types: 21
  num_hop: 0
  num_tasks: 1
  remove_feature: False
  resample_disjoint: False
  resample_negative: False
  shuffle_split: True
  slic_compactness: 10
  split: [0.8, 0.1, 0.1]
  split_dir: ./splits
  split_index: 0
  split_mode: standard
  subgraph: False
  task: graph
  task_type: regression
  to_undirected: False
  transductive: False
  transform: none
  tu_simple: True
devices: 1
diffusion:
  conditioning_key: crossattn
  edge_factor: 1.0
  graph_factor: 0.0
dt:
  O_e: True
  act: relu
  attn:
    O_e: True
    act: relu
    attn_dropout: 0.0
    attn_product: mul
    attn_reweight: False
    batch_norm: True
    bn_momentum: 0.1
    bn_no_runner: False
    clamp: 5.0
    deg_scaler: False
    edge_enhance: True
    edge_reweight: False
    full_attn: True
    fwl: False
    layer_norm: False
    norm_e: True
    score_act: True
    signed_sqrt: True
    sparse: False
    use: True
    use_bias: False
  attn_dropout: 0.25
  batch_norm: False
  bn_momentum: 0.1
  bn_no_runner: False
  cond_dim: 4
  condition_list: ['masked_graph']
  dropout: 0.05
  ff_e: False
  ff_e_ca: True
  ff_e_sa: False
  hid_dim: 64
  in_dim: 4
  in_edge_dim: 4
  in_node_dim: 4
  layer_norm: True
  norm_e: True
  num_heads: 8
  num_layers: 4
  out_dim: 4
  pool: add
  pool_edge: True
  pool_vn: False
  post_pool: True
  residual: True
  self_attn: True
  temb_dim: 64
  use_time: True
encoder:
  O_e: True
  act: relu
  attn:
    O_e: True
    act: relu
    attn_dropout: 0.0
    attn_product: mul
    attn_reweight: True
    batch_norm: True
    bn_momentum: 0.1
    bn_no_runner: False
    clamp: 5.0
    deg_scaler: False
    edge_enhance: True
    edge_reweight: True
    full_attn: True
    fwl: False
    layer_norm: False
    norm_e: True
    score_act: True
    signed_sqrt: True
    sparse: False
    use: True
    use_bias: False
  attn_dropout: 0.5
  batch_norm: True
  bn_momentum: 0.1
  bn_no_runner: False
  dropout: 0.0
  edge_encoder: True
  edge_encoder_bn: False
  edge_encoder_name: TypeDictEdge
  edge_encoder_num_types: 4
  ff_e: False
  hid_dim: 64
  in_dim: 36
  label_embed_type: add_virtual
  layer_norm: False
  mpnn:
    act: relu
    dropout: 0.0
    edge_enhance: True
    enable: True
    project_edge: True
  node_encoder: True
  node_encoder_bn: False
  node_encoder_name: TypeDictNode
  node_encoder_num_types: 21
  norm_e: True
  num_heads: 4
  num_layers: 10
  num_task: 1
  out_dim: 4
  pe_raw_norm: None
  pool: add
  pool_edge: True
  pool_vn: False
  posenc_dim: 28
  posenc_in_dim: 20
  posenc_in_dim_edge: 20
  post_pool: True
  prefix_dim: 64
  prefix_type: add_virtual
  residual: True
  task_type: regression
  temb_dim: 0
  type: GraphTransformerEncoder
  update_e: True
  use_time: False
example_arg: example
example_group:
  example_arg: example
flow:
  alpha_fn: linear
  cond_stage_config: __is_first_stage__
  cond_stage_key: masked_graph
  cond_stage_trainable: False
  conditioning_key: crossattn
  edge_factor: 1.0
  ema: True
  first_stage_config: runs/zinc_encoder_20250930_004610/my_zinc-encoder_baseline/0/ckpt/399.ckpt
  first_stage_trainable: False
  force_undirected: False
  graph_factor: 1.0
  hid_dim: 4
  nfe: 50
  node_factor: 1.0
  objective: rectified
  sigma_fn: constant
  sigma_max: 1.0
  sigma_min: 0.01
  solver: heun
  t_weight: none
  task_decode:
    method: ode
    ode_method: euler
    ode_steps: 8
  task_factor: 1.0
  use_graph_latent: True
gnn:
  act: relu
  agg: add
  att_final_linear: False
  att_final_linear_bn: False
  att_heads: 1
  batchnorm: True
  clear_feature: True
  dim_inner: 16
  dropout: 0.0
  head: graph
  keep_edge: 0.5
  l2norm: True
  layer_type: generalconv
  layers_mp: 2
  layers_post_mp: 1
  layers_pre_mp: 0
  msg_direction: single
  normalize_adj: False
  residual: False
  self_msg: concat
  skip_every: 1
  stage_type: stack
gpu_mem: False
gt:
  attn:
    O_e: True
    act: relu
    clamp: 5.0
    deg_scaler: True
    edge_enhance: True
    full_attn: True
    norm_e: True
    sparse: False
    use: True
    use_bias: False
  attn_dropout: 0.0
  batch_norm: True
  bigbird:
    add_cross_attention: False
    attention_type: block_sparse
    block_size: 3
    chunk_size_feed_forward: 0
    hidden_act: relu
    is_decoder: False
    layer_norm_eps: 1e-06
    max_position_embeddings: 128
    num_random_blocks: 3
    use_bias: False
  bn_momentum: 0.1
  bn_no_runner: False
  dim_hidden: 64
  dropout: 0.0
  full_graph: True
  gamma: 1e-05
  layer_norm: False
  layer_type: GritTransformer
  layers: 3
  n_heads: 8
  pna_degrees: []
  residual: True
  update_e: True
mem:
  inplace: False
metric_agg: argmin
metric_best: mae
mlflow:
  name: zinc-flow-baseline
  project: Exp
  use: False
model:
  edge_decoding: dot
  graph_pooling: add
  loss_fun: l1
  match_upper: True
  size_average: mean
  thresh: 0.5
  type: LatentFlow
name_tag: 
num_threads: 6
num_workers: 0
optim:
  base_lr: 0.0001
  batch_accumulation: 1
  clip_grad_norm: True
  lr_decay: 0.1
  max_epoch: 400
  min_lr: 1e-06
  momentum: 0.9
  num_warmup_epochs: 20
  optimizer: adamW
  reduce_factor: 0.1
  schedule_patience: 10
  scheduler: cosine_with_warmup
  steps: [30, 60, 90]
  weight_decay: 1e-05
out_dir: /workspace/runs/zinc_flow_20250930_213930/my_zinc-flow_baseline
posenc_ERE:
  accuracy: 0.1
  dim_pe: 16
  enable: False
  layers: 3
  local: False
  model: none
  n_heads: 4
  pass_as_var: False
  post_layers: 0
  raw_norm_type: none
posenc_ERN:
  accuracy: 0.1
  dim_pe: 16
  enable: False
  er_dim: none
  layers: 3
  local: False
  model: none
  n_heads: 4
  pass_as_var: False
  post_layers: 0
  raw_norm_type: none
posenc_EdgeRWSE:
  dim_pe: 16
  enable: False
  kernel:
    times: []
    times_func: 
  layers: 3
  local: False
  model: none
  n_heads: 4
  pass_as_var: False
  post_layers: 0
  raw_norm_type: none
posenc_ElstaticSE:
  dim_pe: 16
  enable: False
  kernel:
    times: []
    times_func: range(10)
  layers: 3
  local: False
  model: none
  n_heads: 4
  pass_as_var: False
  post_layers: 0
  raw_norm_type: none
posenc_EquivStableLapPE:
  eigen:
    eigvec_norm: L2
    laplacian_norm: sym
    max_freqs: 10
  enable: False
  raw_norm_type: none
posenc_HKdiagSE:
  dim_pe: 16
  enable: False
  kernel:
    times: []
    times_func: 
  layers: 3
  local: False
  model: none
  n_heads: 4
  pass_as_var: False
  post_layers: 0
  raw_norm_type: none
posenc_HodgeLap1PE:
  dim_pe: 16
  eigen:
    eigvec_norm: L2
    laplacian_norm: sym
    max_freqs: 10
  enable: False
  layers: 3
  local: False
  model: none
  n_heads: 4
  pass_as_var: False
  post_layers: 0
  raw_norm_type: none
posenc_InterRWSE:
  dim_pe: 16
  enable: False
  kernel:
    times: []
    times_func: 
  layers: 3
  local: False
  model: none
  n_heads: 4
  pass_as_var: False
  post_layers: 0
  raw_norm_type: none
posenc_LapPE:
  dim_pe: 16
  eigen:
    eigvec_norm: L2
    laplacian_norm: sym
    max_freqs: 10
  enable: False
  layers: 3
  local: False
  model: none
  n_heads: 4
  pass_as_var: False
  post_layers: 0
  raw_norm_type: none
posenc_RD:
  dim_pe: 16
  enable: False
  layers: 3
  local: False
  model: none
  n_heads: 4
  pass_as_var: False
  post_layers: 0
  raw_norm_type: none
posenc_RRWP:
  add_identity: True
  dim_pe: 16
  enable: True
  ksteps: 20
  layers: 3
  local: False
  model: none
  n_heads: 4
  pass_as_var: False
  post_layers: 0
  raw_norm_type: none
  real_emb: True
  spd: False
posenc_RWSE:
  dim_pe: 16
  enable: False
  kernel:
    times: []
    times_func: 
  layers: 3
  local: False
  model: none
  n_heads: 4
  pass_as_var: False
  post_layers: 0
  raw_norm_type: none
posenc_SignNet:
  dim_pe: 16
  eigen:
    eigvec_norm: L2
    laplacian_norm: sym
    max_freqs: 10
  enable: False
  layers: 3
  local: False
  model: none
  n_heads: 4
  pass_as_var: False
  phi_hidden_dim: 64
  phi_out_dim: 4
  post_layers: 0
  raw_norm_type: none
prep:
  add_edge_index: True
  add_reverse_edges: True
  add_self_loops: False
  dist_cutoff: 510
  dist_enable: False
  exp: False
  exp_algorithm: Random-d
  exp_count: 1
  exp_deg: 5
  exp_max_num_iters: 100
  layer_edge_indices_dir: None
  num_virt_node: 0
  train_percent: 0.6
  use_exp_edges: True
pretrained:
  dir: 
  freeze_main: False
  reset_prediction_head: True
print: both
regression_model:
  encoder:
    attn:
      O_e: True
      act: relu
      attn_dropout: 0.0
      batch_norm: True
      bn_momentum: 0.1
      bn_no_runner: False
      clamp: 5.0
      deg_scaler: False
      edge_enhance: True
      full_attn: True
      layer_norm: False
      norm_e: True
      sparse: False
      use: True
      use_bias: False
    batch_norm: True
    bn_momentum: 0.1
    bn_no_runner: False
    edge_encoder_name: TypeDictEdge
    layer_norm: False
    node_encoder_name: TypeDictNode
round: 5
run_dir: /workspace/runs/zinc_flow_20250930_213930/my_zinc-flow_baseline/0
run_id: 0
run_multiple_splits: []
seed: 0
share:
  dim_in: 1
  dim_out: 1
  num_splits: 3
tensorboard_agg: True
tensorboard_each_run: False
train:
  auto_resume: False
  batch_size: 64
  ckpt_best: True
  ckpt_clean: True
  ckpt_period: 50
  early_stop: False
  enable_ckpt: True
  ensemble_mode: none
  ensemble_repeat: 1
  epoch_resume: -1
  eval_period: 10
  iter_per_epoch: 32
  mode: train_diffusion
  neighbor_sizes: [20, 15, 10, 5]
  node_per_graph: 32
  pretrain:
    atom_bond_only: True
    edge_factor: 0.0
    graph_factor: 1.0
    input_target: True
    mask_edge_prob: 0.0
    mask_label_prob: 0.5
    mask_node_prob: 0.0
    node_factor: 0.0
    original_task: True
    recon: none
  radius: extend
  sample_node: False
  sampler: full_batch
  skip_train_eval: False
  start_eval_epoch: -1
  walk_length: 4
val:
  node_per_graph: 32
  radius: extend
  sample_node: False
  sampler: full_batch
view_emb: False
wandb:
  entity: shokuno-the-university-of-tokyo
  name: zinc_flow_zinc_flow_20250930_213930
  project: LGFM-ZINC-Flow
  use: True
Num parameters: 1823862
Start from epoch 0
wandb: Using wandb-core as the SDK backend.  Please refer to https://wandb.me/wandb-core for more information.
wandb: Currently logged in as: shokuno (shokuno-the-university-of-tokyo). Use `wandb login --relogin` to force relogin
wandb: Tracking run with wandb version 0.18.7
wandb: Run data is saved locally in /workspace/wandb/run-20250930_214026-9ughjjf4
wandb: Run `wandb offline` to turn off syncing.
wandb: Syncing run zinc_flow_zinc_flow_20250930_213930
wandb: ⭐️ View project at https://wandb.ai/shokuno-the-university-of-tokyo/LGFM-ZINC-Flow
wandb: 🚀 View run at https://wandb.ai/shokuno-the-university-of-tokyo/LGFM-ZINC-Flow/runs/9ughjjf4
Key encoder.pe_raw_norm with value <class 'NoneType'> is not a valid type; valid types: {<class 'float'>, <class 'list'>, <class 'tuple'>, <class 'bool'>, <class 'int'>, <class 'str'>}
Key prep.layer_edge_indices_dir with value <class 'NoneType'> is not a valid type; valid types: {<class 'float'>, <class 'list'>, <class 'tuple'>, <class 'bool'>, <class 'int'>, <class 'str'>}
train: {'epoch': 0, 'time_epoch': 58.16266, 'eta': 23206.90253, 'eta_hours': 6.44636, 'loss': 1741.30232266, 'lr': 0.0, 'params': 1823862, 'time_iter': 0.37046, 'mae': 18.27592, 'r2': -92.48968, 'spearmanr': 0.33014, 'mse': 378.01587, 'rmse': 19.44263, 'loss_node': 6.577481578826904, 'loss_edge': 2.1534917600631713, 'loss_graph': 1714.2954232421876, 'loss_task': 18.275924853515626, 'loss_encoder': 0.0}
...computing epoch stats took: 0.13s
Inference: Switched to EMA weights
Inference: Restored training weights
Inference: Switched to EMA weights
Inference: Restored training weights
Inference: Switched to EMA weights
Inference: Restored training weights
Inference: Switched to EMA weights
Inference: Restored training weights
Inference: Switched to EMA weights
Inference: Restored training weights
Inference: Switched to EMA weights
Inference: Restored training weights
Inference: Switched to EMA weights
Inference: Restored training weights
Inference: Switched to EMA weights
Inference: Restored training weights
Inference: Switched to EMA weights
Inference: Restored training weights
Inference: Switched to EMA weights
Inference: Restored training weights
Inference: Switched to EMA weights
Inference: Restored training weights
Inference: Switched to EMA weights
Inference: Restored training weights
Inference: Switched to EMA weights
Inference: Restored training weights
Inference: Switched to EMA weights
Inference: Restored training weights
Inference: Switched to EMA weights
Inference: Restored training weights
Inference: Switched to EMA weights
Inference: Restored training weights
val: {'epoch': 0, 'time_epoch': 35.04118, 'loss': 19.09379434, 'lr': 0, 'params': 1823862, 'time_iter': 2.19007, 'mae': 19.0938, 'r2': -103.45055, 'spearmanr': 0.35753, 'mse': 411.40515, 'rmse': 20.28312}
...computing epoch stats took: 0.00s
Inference: Switched to EMA weights
Inference: Restored training weights
Inference: Switched to EMA weights
Inference: Restored training weights
Inference: Switched to EMA weights
Inference: Restored training weights
Inference: Switched to EMA weights
Inference: Restored training weights
Inference: Switched to EMA weights
Inference: Restored training weights
Inference: Switched to EMA weights
Inference: Restored training weights
Inference: Switched to EMA weights
Inference: Restored training weights
Inference: Switched to EMA weights
Inference: Restored training weights
Inference: Switched to EMA weights
Inference: Restored training weights
Inference: Switched to EMA weights
Inference: Restored training weights
Inference: Switched to EMA weights
Inference: Restored training weights
Inference: Switched to EMA weights
Inference: Restored training weights
Inference: Switched to EMA weights
Inference: Restored training weights
Inference: Switched to EMA weights
Inference: Restored training weights
Inference: Switched to EMA weights
Inference: Restored training weights
Inference: Switched to EMA weights
Inference: Restored training weights
test: {'epoch': 0, 'time_epoch': 35.16094, 'loss': 19.1574185, 'lr': 0, 'params': 1823862, 'time_iter': 2.19756, 'mae': 19.15742, 'r2': -100.76992, 'spearmanr': 0.37428, 'mse': 414.03049, 'rmse': 20.34774}
...computing epoch stats took: 0.00s
> Epoch 0: took 128.5s (avg 128.5s) | Best so far: epoch 0	train_loss: 1741.3023 train_mae: 18.2759	val_loss: 19.0938 val_mae: 19.0938	test_loss: 19.1574 test_mae: 19.1574
train: {'epoch': 1, 'time_epoch': 50.94513, 'eta': 21712.45059, 'eta_hours': 6.03124, 'loss': 207.06425461, 'lr': 5e-06, 'params': 1823862, 'time_iter': 0.32449, 'mae': 3.45187, 'r2': -7.33911, 'spearmanr': 0.52667, 'mse': 33.71835, 'rmse': 5.80675, 'loss_node': 6.54247931060791, 'loss_edge': 2.0564535720825194, 'loss_graph': 195.01344775390626, 'loss_task': 3.451873459625244, 'loss_encoder': 0.0}
...computing epoch stats took: 0.01s
train: {'epoch': 2, 'time_epoch': 50.9189, 'eta': 21176.86553, 'eta_hours': 5.88246, 'loss': 64.47172294, 'lr': 1e-05, 'params': 1823862, 'time_iter': 0.32432, 'mae': 1.02173, 'r2': 0.32579, 'spearmanr': 0.7797, 'mse': 2.72609, 'rmse': 1.65109, 'loss_node': 6.654691867828369, 'loss_edge': 2.0372608224868776, 'loss_graph': 54.75804204711914, 'loss_task': 1.021728365802765, 'loss_encoder': 0.0}
...computing epoch stats took: 0.01s
train: {'epoch': 3, 'time_epoch': 50.92314, 'eta': 20884.03327, 'eta_hours': 5.80112, 'loss': 53.77339279, 'lr': 1.5e-05, 'params': 1823862, 'time_iter': 0.32435, 'mae': 0.90003, 'r2': 0.46573, 'spearmanr': 0.85073, 'mse': 2.16026, 'rmse': 1.46978, 'loss_node': 6.954920216369629, 'loss_edge': 2.0759101728439333, 'loss_graph': 43.84253251800537, 'loss_task': 0.9000296674728393, 'loss_encoder': 0.0}
train: {'epoch': 4, 'time_epoch': 50.93426, 'eta': 20688.84343, 'eta_hours': 5.7469, 'loss': 48.85856727, 'lr': 2e-05, 'params': 1823862, 'time_iter': 0.32442, 'mae': 0.9435, 'r2': 0.44589, 'spearmanr': 0.83184, 'mse': 2.24048, 'rmse': 1.49682, 'loss_node': 7.171122189331054, 'loss_edge': 2.079123908996582, 'loss_graph': 38.66481677856445, 'loss_task': 0.9435045395851135, 'loss_encoder': 0.0}
train: {'epoch': 5, 'time_epoch': 50.94336, 'eta': 20542.33596, 'eta_hours': 5.7062, 'loss': 44.4558791, 'lr': 2.5e-05, 'params': 1823862, 'time_iter': 0.32448, 'mae': 0.94097, 'r2': 0.401, 'spearmanr': 0.81982, 'mse': 2.42198, 'rmse': 1.55627, 'loss_node': 7.214002716064453, 'loss_edge': 2.0963522689819336, 'loss_graph': 34.2045516998291, 'loss_task': 0.9409729869842529, 'loss_encoder': 0.0}
train: {'epoch': 6, 'time_epoch': 50.94858, 'eta': 20423.42582, 'eta_hours': 5.67317, 'loss': 39.40349396, 'lr': 3e-05, 'params': 1823862, 'time_iter': 0.32451, 'mae': 0.88295, 'r2': 0.42316, 'spearmanr': 0.84527, 'mse': 2.3324, 'rmse': 1.52722, 'loss_node': 7.153235512542724, 'loss_edge': 2.110064560508728, 'loss_graph': 29.25724882888794, 'loss_task': 0.8829451934814453, 'loss_encoder': 0.0}
train: {'epoch': 7, 'time_epoch': 50.95379, 'eta': 20321.76133, 'eta_hours': 5.64493, 'loss': 35.20634502, 'lr': 3.5e-05, 'params': 1823862, 'time_iter': 0.32455, 'mae': 0.82208, 'r2': 0.45782, 'spearmanr': 0.86728, 'mse': 2.19225, 'rmse': 1.48062, 'loss_node': 7.0690931121826175, 'loss_edge': 2.107233912658691, 'loss_graph': 25.20793487854004, 'loss_task': 0.8220829822540283, 'loss_encoder': 0.0}
train: {'epoch': 8, 'time_epoch': 51.06372, 'eta': 20236.14166, 'eta_hours': 5.62115, 'loss': 31.07405113, 'lr': 4e-05, 'params': 1823862, 'time_iter': 0.32525, 'mae': 0.74727, 'r2': 0.5178, 'spearmanr': 0.89233, 'mse': 1.94974, 'rmse': 1.39633, 'loss_node': 6.965300933074952, 'loss_edge': 2.1150349504470825, 'loss_graph': 21.246450141906738, 'loss_task': 0.7472651206016541, 'loss_encoder': 0.0}
train: {'epoch': 9, 'time_epoch': 51.03411, 'eta': 20156.2786, 'eta_hours': 5.59897, 'loss': 27.05428824, 'lr': 4.5e-05, 'params': 1823862, 'time_iter': 0.32506, 'mae': 0.66192, 'r2': 0.58286, 'spearmanr': 0.91286, 'mse': 1.68667, 'rmse': 1.29872, 'loss_node': 6.840084232330322, 'loss_edge': 2.1104053241729734, 'loss_graph': 17.441874851226807, 'loss_task': 0.6619236848831177, 'loss_encoder': 0.0}
Inference: Switched to EMA weights
Inference: Restored training weights
Inference: Switched to EMA weights
Inference: Restored training weights
Inference: Switched to EMA weights
Inference: Restored training weights
Inference: Switched to EMA weights
Inference: Restored training weights
Inference: Switched to EMA weights
Inference: Restored training weights
Inference: Switched to EMA weights
Inference: Restored training weights
Inference: Switched to EMA weights
Inference: Restored training weights
Inference: Switched to EMA weights
Inference: Restored training weights
Inference: Switched to EMA weights
Inference: Restored training weights
Inference: Switched to EMA weights
Inference: Restored training weights
Inference: Switched to EMA weights
Inference: Restored training weights
Inference: Switched to EMA weights
Inference: Restored training weights
Inference: Switched to EMA weights
Inference: Restored training weights
Inference: Switched to EMA weights
Inference: Restored training weights
Inference: Switched to EMA weights
Inference: Restored training weights
Inference: Switched to EMA weights
Inference: Restored training weights
val: {'epoch': 9, 'time_epoch': 35.17213, 'loss': 0.72961789, 'lr': 0, 'params': 1823862, 'time_iter': 2.19826, 'mae': 0.72962, 'r2': 0.52934, 'spearmanr': 0.90287, 'mse': 1.85383, 'rmse': 1.36155}
Inference: Switched to EMA weights
Inference: Restored training weights
Inference: Switched to EMA weights
Inference: Restored training weights
Inference: Switched to EMA weights
Inference: Restored training weights
Inference: Switched to EMA weights
Inference: Restored training weights
Inference: Switched to EMA weights
Inference: Restored training weights
Inference: Switched to EMA weights
Inference: Restored training weights
Inference: Switched to EMA weights
Inference: Restored training weights
Inference: Switched to EMA weights
Inference: Restored training weights
Inference: Switched to EMA weights
Inference: Restored training weights
Inference: Switched to EMA weights
Inference: Restored training weights
Inference: Switched to EMA weights
Inference: Restored training weights
Inference: Switched to EMA weights
Inference: Restored training weights
Inference: Switched to EMA weights
Inference: Restored training weights
Inference: Switched to EMA weights
Inference: Restored training weights
Inference: Switched to EMA weights
Inference: Restored training weights
Inference: Switched to EMA weights
Inference: Restored training weights
test: {'epoch': 9, 'time_epoch': 35.25907, 'loss': 0.76288859, 'lr': 0, 'params': 1823862, 'time_iter': 2.20369, 'mae': 0.76289, 'r2': 0.56044, 'spearmanr': 0.90156, 'mse': 1.78826, 'rmse': 1.33726}
> Epoch 9: took 121.5s (avg 65.8s) | Best so far: epoch 9	train_loss: 27.0543 train_mae: 0.6619	val_loss: 0.7296 val_mae: 0.7296	test_loss: 0.7629 test_mae: 0.7629
train: {'epoch': 10, 'time_epoch': 51.66916, 'eta': 20104.11476, 'eta_hours': 5.58448, 'loss': 24.166271, 'lr': 5e-05, 'params': 1823862, 'time_iter': 0.3291, 'mae': 0.59572, 'r2': 0.661, 'spearmanr': 0.93058, 'mse': 1.37071, 'rmse': 1.17077, 'loss_node': 6.747848099517822, 'loss_edge': 2.1010094186782835, 'loss_graph': 14.721692988967895, 'loss_task': 0.5957207480430603, 'loss_encoder': 0.0}
train: {'epoch': 11, 'time_epoch': 51.43945, 'eta': 20044.60586, 'eta_hours': 5.56795, 'loss': 21.68521854, 'lr': 5.5e-05, 'params': 1823862, 'time_iter': 0.32764, 'mae': 0.55483, 'r2': 0.69708, 'spearmanr': 0.93681, 'mse': 1.22484, 'rmse': 1.10673, 'loss_node': 6.686004263305664, 'loss_edge': 2.1048562448501587, 'loss_graph': 12.33952635421753, 'loss_task': 0.5548317091464996, 'loss_encoder': 0.0}
train: {'epoch': 12, 'time_epoch': 51.29068, 'eta': 19981.90967, 'eta_hours': 5.55053, 'loss': 20.1585826, 'lr': 6e-05, 'params': 1823862, 'time_iter': 0.32669, 'mae': 0.52837, 'r2': 0.72922, 'spearmanr': 0.94234, 'mse': 1.09489, 'rmse': 1.04637, 'loss_node': 6.623697192382813, 'loss_edge': 2.093882999420166, 'loss_graph': 10.912637390518189, 'loss_task': 0.5283649836540222, 'loss_encoder': 0.0}
train: {'epoch': 13, 'time_epoch': 51.22547, 'eta': 19919.04493, 'eta_hours': 5.53307, 'loss': 18.9098205, 'lr': 6.5e-05, 'params': 1823862, 'time_iter': 0.32628, 'mae': 0.51262, 'r2': 0.74942, 'spearmanr': 0.94053, 'mse': 1.01318, 'rmse': 1.00657, 'loss_node': 6.587740830230713, 'loss_edge': 2.0825250036239624, 'loss_graph': 9.726934991645813, 'loss_task': 0.5126198705673217, 'loss_encoder': 0.0}
train: {'epoch': 14, 'time_epoch': 50.94681, 'eta': 19850.57985, 'eta_hours': 5.51405, 'loss': 17.95748535, 'lr': 7e-05, 'params': 1823862, 'time_iter': 0.3245, 'mae': 0.49772, 'r2': 0.76379, 'spearmanr': 0.94317, 'mse': 0.95509, 'rmse': 0.97729, 'loss_node': 6.532191873168945, 'loss_edge': 2.085626374053955, 'loss_graph': 8.841948709106445, 'loss_task': 0.4977182107925415, 'loss_encoder': 0.0}
train: {'epoch': 15, 'time_epoch': 51.14864, 'eta': 19789.14863, 'eta_hours': 5.49699, 'loss': 17.26644946, 'lr': 7.5e-05, 'params': 1823862, 'time_iter': 0.32579, 'mae': 0.49053, 'r2': 0.7777, 'spearmanr': 0.94039, 'mse': 0.89887, 'rmse': 0.94809, 'loss_node': 6.501542277526855, 'loss_edge': 2.0754799348831177, 'loss_graph': 8.198896550369263, 'loss_task': 0.49053052124977115, 'loss_encoder': 0.0}
train: {'epoch': 16, 'time_epoch': 51.1067, 'eta': 19727.98208, 'eta_hours': 5.48, 'loss': 16.78954045, 'lr': 8e-05, 'params': 1823862, 'time_iter': 0.32552, 'mae': 0.47009, 'r2': 0.79654, 'spearmanr': 0.94692, 'mse': 0.82268, 'rmse': 0.90701, 'loss_node': 6.462264791107177, 'loss_edge': 2.070030079841614, 'loss_graph': 7.7871531402587895, 'loss_task': 0.4700927070617676, 'loss_encoder': 0.0}
train: {'epoch': 17, 'time_epoch': 51.08935, 'eta': 19667.56509, 'eta_hours': 5.46321, 'loss': 16.49870875, 'lr': 8.5e-05, 'params': 1823862, 'time_iter': 0.32541, 'mae': 0.47069, 'r2': 0.80002, 'spearmanr': 0.94612, 'mse': 0.80859, 'rmse': 0.89922, 'loss_node': 6.424489054107666, 'loss_edge': 2.0763521228790283, 'loss_graph': 7.527180634307861, 'loss_task': 0.4706868404388428, 'loss_encoder': 0.0}
train: {'epoch': 18, 'time_epoch': 51.10783, 'eta': 19608.50061, 'eta_hours': 5.44681, 'loss': 15.84443292, 'lr': 9e-05, 'params': 1823862, 'time_iter': 0.32553, 'mae': 0.45105, 'r2': 0.80988, 'spearmanr': 0.94855, 'mse': 0.76872, 'rmse': 0.87677, 'loss_node': 6.378536071777344, 'loss_edge': 2.0596310298919676, 'loss_graph': 6.955210887908936, 'loss_task': 0.4510549216270447, 'loss_encoder': 0.0}
train: {'epoch': 19, 'time_epoch': 51.12244, 'eta': 19550.50942, 'eta_hours': 5.4307, 'loss': 15.66527623, 'lr': 9.5e-05, 'params': 1823862, 'time_iter': 0.32562, 'mae': 0.45833, 'r2': 0.80922, 'spearmanr': 0.94771, 'mse': 0.77138, 'rmse': 0.87828, 'loss_node': 6.33941717376709, 'loss_edge': 2.036477713394165, 'loss_graph': 6.831053813934326, 'loss_task': 0.458327491569519, 'loss_encoder': 0.0}
Inference: Switched to EMA weights
Inference: Restored training weights
Inference: Switched to EMA weights
Inference: Restored training weights
Inference: Switched to EMA weights
Inference: Restored training weights
Inference: Switched to EMA weights
Inference: Restored training weights
Inference: Switched to EMA weights
Inference: Restored training weights
Inference: Switched to EMA weights
Inference: Restored training weights
Inference: Switched to EMA weights
Inference: Restored training weights
Inference: Switched to EMA weights
Inference: Restored training weights
Inference: Switched to EMA weights
Inference: Restored training weights
Inference: Switched to EMA weights
Inference: Restored training weights
Inference: Switched to EMA weights
Inference: Restored training weights
Inference: Switched to EMA weights
Inference: Restored training weights
Inference: Switched to EMA weights
Inference: Restored training weights
Inference: Switched to EMA weights
Inference: Restored training weights
Inference: Switched to EMA weights
Inference: Restored training weights
Inference: Switched to EMA weights
Inference: Restored training weights
val: {'epoch': 19, 'time_epoch': 35.01015, 'loss': 0.45983269, 'lr': 0, 'params': 1823862, 'time_iter': 2.18813, 'mae': 0.45983, 'r2': 0.7963, 'spearmanr': 0.9564, 'mse': 0.80234, 'rmse': 0.89574}
Inference: Switched to EMA weights
Inference: Restored training weights
Inference: Switched to EMA weights
Inference: Restored training weights
Inference: Switched to EMA weights
Inference: Restored training weights
Inference: Switched to EMA weights
Inference: Restored training weights
Inference: Switched to EMA weights
Inference: Restored training weights
Inference: Switched to EMA weights
Inference: Restored training weights
Inference: Switched to EMA weights
Inference: Restored training weights
Inference: Switched to EMA weights
Inference: Restored training weights
Inference: Switched to EMA weights
Inference: Restored training weights
Inference: Switched to EMA weights
Inference: Restored training weights
Inference: Switched to EMA weights
Inference: Restored training weights
Inference: Switched to EMA weights
Inference: Restored training weights
Inference: Switched to EMA weights
Inference: Restored training weights
Inference: Switched to EMA weights
Inference: Restored training weights
Inference: Switched to EMA weights
Inference: Restored training weights
Inference: Switched to EMA weights
Inference: Restored training weights
test: {'epoch': 19, 'time_epoch': 35.083, 'loss': 0.46164093, 'lr': 0, 'params': 1823862, 'time_iter': 2.19269, 'mae': 0.46164, 'r2': 0.90659, 'spearmanr': 0.95495, 'mse': 0.38, 'rmse': 0.61644}
> Epoch 19: took 121.2s (avg 62.0s) | Best so far: epoch 19	train_loss: 15.6653 train_mae: 0.4583	val_loss: 0.4598 val_mae: 0.4598	test_loss: 0.4616 test_mae: 0.4616
train: {'epoch': 20, 'time_epoch': 51.09699, 'eta': 19492.7131, 'eta_hours': 5.41464, 'loss': 15.10645757, 'lr': 0.0001, 'params': 1823862, 'time_iter': 0.32546, 'mae': 0.44255, 'r2': 0.81903, 'spearmanr': 0.94976, 'mse': 0.73175, 'rmse': 0.85542, 'loss_node': 6.282753342437744, 'loss_edge': 2.0345948848724364, 'loss_graph': 6.3465546026229855, 'loss_task': 0.4425549331665039, 'loss_encoder': 0.0}
train: {'epoch': 21, 'time_epoch': 51.07645, 'eta': 19435.17273, 'eta_hours': 5.39866, 'loss': 14.71138213, 'lr': 0.0001, 'params': 1823862, 'time_iter': 0.32533, 'mae': 0.43917, 'r2': 0.82325, 'spearmanr': 0.94982, 'mse': 0.71469, 'rmse': 0.84539, 'loss_node': 6.216384469604492, 'loss_edge': 2.039589703941345, 'loss_graph': 6.0162373020172115, 'loss_task': 0.439170947265625, 'loss_encoder': 0.0}
train: {'epoch': 22, 'time_epoch': 51.04012, 'eta': 19377.59898, 'eta_hours': 5.38267, 'loss': 14.37228038, 'lr': 9.999e-05, 'params': 1823862, 'time_iter': 0.3251, 'mae': 0.4298, 'r2': 0.83172, 'spearmanr': 0.95085, 'mse': 0.68044, 'rmse': 0.82489, 'loss_node': 6.129831702423096, 'loss_edge': 2.032747434616089, 'loss_graph': 5.779899861717224, 'loss_task': 0.42980130138397216, 'loss_encoder': 0.0}
train: {'epoch': 23, 'time_epoch': 51.06713, 'eta': 19320.99297, 'eta_hours': 5.36694, 'loss': 13.89321531, 'lr': 9.998e-05, 'params': 1823862, 'time_iter': 0.32527, 'mae': 0.41749, 'r2': 0.85189, 'spearmanr': 0.95077, 'mse': 0.59888, 'rmse': 0.77387, 'loss_node': 6.047101287078857, 'loss_edge': 2.0167007093429565, 'loss_graph': 5.411918986129761, 'loss_task': 0.41749431438446044, 'loss_encoder': 0.0}
train: {'epoch': 24, 'time_epoch': 51.06114, 'eta': 19264.74012, 'eta_hours': 5.35132, 'loss': 13.60456003, 'lr': 9.997e-05, 'params': 1823862, 'time_iter': 0.32523, 'mae': 0.41343, 'r2': 0.8475, 'spearmanr': 0.95202, 'mse': 0.61662, 'rmse': 0.78525, 'loss_node': 5.95705888748169, 'loss_edge': 2.016666445541382, 'loss_graph': 5.217402544403076, 'loss_task': 0.41343209943771364, 'loss_encoder': 0.0}
train: {'epoch': 25, 'time_epoch': 51.06042, 'eta': 19208.87625, 'eta_hours': 5.3358, 'loss': 13.346912, 'lr': 9.996e-05, 'params': 1823862, 'time_iter': 0.32523, 'mae': 0.42805, 'r2': 0.85305, 'spearmanr': 0.94643, 'mse': 0.59418, 'rmse': 0.77083, 'loss_node': 5.87703152999878, 'loss_edge': 2.001710760498047, 'loss_graph': 5.0401228992462155, 'loss_task': 0.4280469320297241, 'loss_encoder': 0.0}
train: {'epoch': 26, 'time_epoch': 51.05131, 'eta': 19153.24243, 'eta_hours': 5.32035, 'loss': 12.9826975, 'lr': 9.994e-05, 'params': 1823862, 'time_iter': 0.32517, 'mae': 0.41108, 'r2': 0.8646, 'spearmanr': 0.95294, 'mse': 0.54746, 'rmse': 0.73991, 'loss_node': 5.793909999847412, 'loss_edge': 1.9843002643585206, 'loss_graph': 4.7934089855194095, 'loss_task': 0.41107824754714967, 'loss_encoder': 0.0}
train: {'epoch': 27, 'time_epoch': 51.04809, 'eta': 19097.89309, 'eta_hours': 5.30497, 'loss': 12.76756203, 'lr': 9.992e-05, 'params': 1823862, 'time_iter': 0.32515, 'mae': 0.42301, 'r2': 0.86865, 'spearmanr': 0.94976, 'mse': 0.5311, 'rmse': 0.72876, 'loss_node': 5.5858573081970215, 'loss_edge': 1.972142128944397, 'loss_graph': 4.786549625015259, 'loss_task': 0.42301287240982055, 'loss_encoder': 0.0}
train: {'epoch': 28, 'time_epoch': 51.04267, 'eta': 19042.77106, 'eta_hours': 5.28966, 'loss': 11.99537802, 'lr': 9.989e-05, 'params': 1823862, 'time_iter': 0.32511, 'mae': 0.39051, 'r2': 0.8845, 'spearmanr': 0.95732, 'mse': 0.46702, 'rmse': 0.68339, 'loss_node': 5.2402933349609375, 'loss_edge': 1.9773096624374389, 'loss_graph': 4.387267828369141, 'loss_task': 0.39050723872184756, 'loss_encoder': 0.0}
train: {'epoch': 29, 'time_epoch': 51.01457, 'eta': 18987.57447, 'eta_hours': 5.27433, 'loss': 11.59742304, 'lr': 9.986e-05, 'params': 1823862, 'time_iter': 0.32493, 'mae': 0.40637, 'r2': 0.8804, 'spearmanr': 0.9529, 'mse': 0.4836, 'rmse': 0.69541, 'loss_node': 4.935556002807617, 'loss_edge': 1.9581226486206054, 'loss_graph': 4.297373678398133, 'loss_task': 0.4063706871032715, 'loss_encoder': 0.0}
Inference: Switched to EMA weights
Inference: Restored training weights
Inference: Switched to EMA weights
Inference: Restored training weights
Inference: Switched to EMA weights
Inference: Restored training weights
Inference: Switched to EMA weights
Inference: Restored training weights
Inference: Switched to EMA weights
Inference: Restored training weights
Inference: Switched to EMA weights
Inference: Restored training weights
Inference: Switched to EMA weights
Inference: Restored training weights
Inference: Switched to EMA weights
Inference: Restored training weights
Inference: Switched to EMA weights
Inference: Restored training weights
Inference: Switched to EMA weights
Inference: Restored training weights
Inference: Switched to EMA weights
Inference: Restored training weights
Inference: Switched to EMA weights
Inference: Restored training weights
Inference: Switched to EMA weights
Inference: Restored training weights
Inference: Switched to EMA weights
Inference: Restored training weights
Inference: Switched to EMA weights
Inference: Restored training weights
Inference: Switched to EMA weights
Inference: Restored training weights
val: {'epoch': 29, 'time_epoch': 34.92747, 'loss': 0.40337923, 'lr': 0, 'params': 1823862, 'time_iter': 2.18297, 'mae': 0.40338, 'r2': 0.88071, 'spearmanr': 0.95367, 'mse': 0.46987, 'rmse': 0.68547}
Inference: Switched to EMA weights
Inference: Restored training weights
Inference: Switched to EMA weights
Inference: Restored training weights
Inference: Switched to EMA weights
Inference: Restored training weights
Inference: Switched to EMA weights
Inference: Restored training weights
Inference: Switched to EMA weights
Inference: Restored training weights
Inference: Switched to EMA weights
Inference: Restored training weights
Inference: Switched to EMA weights
Inference: Restored training weights
Inference: Switched to EMA weights
Inference: Restored training weights
Inference: Switched to EMA weights
Inference: Restored training weights
Inference: Switched to EMA weights
Inference: Restored training weights
Inference: Switched to EMA weights
Inference: Restored training weights
Inference: Switched to EMA weights
Inference: Restored training weights
Inference: Switched to EMA weights
Inference: Restored training weights
Inference: Switched to EMA weights
Inference: Restored training weights
Inference: Switched to EMA weights
Inference: Restored training weights
Inference: Switched to EMA weights
Inference: Restored training weights
test: {'epoch': 29, 'time_epoch': 35.02043, 'loss': 0.39620835, 'lr': 0, 'params': 1823862, 'time_iter': 2.18878, 'mae': 0.39621, 'r2': 0.9387, 'spearmanr': 0.95818, 'mse': 0.2494, 'rmse': 0.4994}
> Epoch 29: took 121.0s (avg 60.7s) | Best so far: epoch 29	train_loss: 11.5974 train_mae: 0.4064	val_loss: 0.4034 val_mae: 0.4034	test_loss: 0.3962 test_mae: 0.3962
train: {'epoch': 30, 'time_epoch': 51.0286, 'eta': 18932.81463, 'eta_hours': 5.25912, 'loss': 11.19052875, 'lr': 9.983e-05, 'params': 1823862, 'time_iter': 0.32502, 'mae': 0.40578, 'r2': 0.88385, 'spearmanr': 0.9546, 'mse': 0.46963, 'rmse': 0.68529, 'loss_node': 4.69125728149414, 'loss_edge': 1.9482205883026122, 'loss_graph': 4.1452754158020015, 'loss_task': 0.4057754912376404, 'loss_encoder': 0.0}
train: {'epoch': 31, 'time_epoch': 50.78867, 'eta': 18875.5288, 'eta_hours': 5.2432, 'loss': 10.90380081, 'lr': 9.979e-05, 'params': 1823862, 'time_iter': 0.32349, 'mae': 0.41875, 'r2': 0.88277, 'spearmanr': 0.95073, 'mse': 0.47399, 'rmse': 0.68847, 'loss_node': 4.422667658233642, 'loss_edge': 1.9246586172103881, 'loss_graph': 4.137725828170776, 'loss_task': 0.41874889860153197, 'loss_encoder': 0.0}
train: {'epoch': 32, 'time_epoch': 50.98199, 'eta': 18820.78676, 'eta_hours': 5.228, 'loss': 10.16472812, 'lr': 9.975e-05, 'params': 1823862, 'time_iter': 0.32473, 'mae': 0.40541, 'r2': 0.89235, 'spearmanr': 0.95234, 'mse': 0.43529, 'rmse': 0.65977, 'loss_node': 4.084710771942139, 'loss_edge': 1.9096727188110352, 'loss_graph': 3.764937865447998, 'loss_task': 0.4054066719532013, 'loss_encoder': 0.0}
train: {'epoch': 33, 'time_epoch': 50.98892, 'eta': 18766.34046, 'eta_hours': 5.21287, 'loss': 10.09996102, 'lr': 9.971e-05, 'params': 1823862, 'time_iter': 0.32477, 'mae': 0.42279, 'r2': 0.8853, 'spearmanr': 0.94975, 'mse': 0.46378, 'rmse': 0.68101, 'loss_node': 3.8233823074340823, 'loss_edge': 1.9231070308685303, 'loss_graph': 3.930682898712158, 'loss_task': 0.42278883028030395, 'loss_encoder': 0.0}
train: {'epoch': 34, 'time_epoch': 50.97759, 'eta': 18711.97361, 'eta_hours': 5.19777, 'loss': 9.49485232, 'lr': 9.967e-05, 'params': 1823862, 'time_iter': 0.3247, 'mae': 0.39815, 'r2': 0.89807, 'spearmanr': 0.95471, 'mse': 0.41214, 'rmse': 0.64198, 'loss_node': 3.5821867877960205, 'loss_edge': 1.894930721282959, 'loss_graph': 3.6195849145889283, 'loss_task': 0.3981500534057617, 'loss_encoder': 0.0}
train: {'epoch': 35, 'time_epoch': 50.84001, 'eta': 18656.40389, 'eta_hours': 5.18233, 'loss': 9.17323583, 'lr': 9.962e-05, 'params': 1823862, 'time_iter': 0.32382, 'mae': 0.39737, 'r2': 0.8952, 'spearmanr': 0.95577, 'mse': 0.42376, 'rmse': 0.65097, 'loss_node': 3.3978932651519775, 'loss_edge': 1.887469570350647, 'loss_graph': 3.490505707550049, 'loss_task': 0.3973673684120178, 'loss_encoder': 0.0}
train: {'epoch': 36, 'time_epoch': 50.82273, 'eta': 18600.92037, 'eta_hours': 5.16692, 'loss': 8.87815183, 'lr': 9.956e-05, 'params': 1823862, 'time_iter': 0.32371, 'mae': 0.40133, 'r2': 0.90209, 'spearmanr': 0.95493, 'mse': 0.39589, 'rmse': 0.6292, 'loss_node': 3.219275040817261, 'loss_edge': 1.869097274017334, 'loss_graph': 3.3884474279403687, 'loss_task': 0.40133206062316895, 'loss_encoder': 0.0}
train: {'epoch': 37, 'time_epoch': 50.83368, 'eta': 18545.78644, 'eta_hours': 5.15161, 'loss': 8.64779244, 'lr': 9.951e-05, 'params': 1823862, 'time_iter': 0.32378, 'mae': 0.38545, 'r2': 0.90656, 'spearmanr': 0.958, 'mse': 0.3778, 'rmse': 0.61465, 'loss_node': 3.1010430324554443, 'loss_edge': 1.8731262001037599, 'loss_graph': 3.288176445770264, 'loss_task': 0.3854467330932617, 'loss_encoder': 0.0}
train: {'epoch': 38, 'time_epoch': 50.81807, 'eta': 18490.7285, 'eta_hours': 5.13631, 'loss': 8.35037574, 'lr': 9.945e-05, 'params': 1823862, 'time_iter': 0.32368, 'mae': 0.39614, 'r2': 0.91308, 'spearmanr': 0.95538, 'mse': 0.35144, 'rmse': 0.59283, 'loss_node': 2.988208927154541, 'loss_edge': 1.8725793140411378, 'loss_graph': 3.09345068397522, 'loss_task': 0.39613679122924805, 'loss_encoder': 0.0}
train: {'epoch': 39, 'time_epoch': 50.64267, 'eta': 18434.304, 'eta_hours': 5.12064, 'loss': 8.11296002, 'lr': 9.938e-05, 'params': 1823862, 'time_iter': 0.32256, 'mae': 0.37916, 'r2': 0.91376, 'spearmanr': 0.95789, 'mse': 0.34869, 'rmse': 0.5905, 'loss_node': 2.8850970405578615, 'loss_edge': 1.8517308345794679, 'loss_graph': 2.996970110321045, 'loss_task': 0.3791620330810547, 'loss_encoder': 0.0}
Inference: Switched to EMA weights
Inference: Restored training weights
Inference: Switched to EMA weights
Inference: Restored training weights
Inference: Switched to EMA weights
Inference: Restored training weights
Inference: Switched to EMA weights
Inference: Restored training weights
Inference: Switched to EMA weights
Inference: Restored training weights
Inference: Switched to EMA weights
Inference: Restored training weights
Inference: Switched to EMA weights
Inference: Restored training weights
Inference: Switched to EMA weights
Inference: Restored training weights
Inference: Switched to EMA weights
Inference: Restored training weights
Inference: Switched to EMA weights
Inference: Restored training weights
Inference: Switched to EMA weights
Inference: Restored training weights
Inference: Switched to EMA weights
Inference: Restored training weights
Inference: Switched to EMA weights
Inference: Restored training weights
Inference: Switched to EMA weights
Inference: Restored training weights
Inference: Switched to EMA weights
Inference: Restored training weights
Inference: Switched to EMA weights
Inference: Restored training weights
val: {'epoch': 39, 'time_epoch': 34.69245, 'loss': 0.37148531, 'lr': 0, 'params': 1823862, 'time_iter': 2.16828, 'mae': 0.37149, 'r2': 0.92888, 'spearmanr': 0.96118, 'mse': 0.28011, 'rmse': 0.52925}
Inference: Switched to EMA weights
Inference: Restored training weights
Inference: Switched to EMA weights
Inference: Restored training weights
Inference: Switched to EMA weights
Inference: Restored training weights
Inference: Switched to EMA weights
Inference: Restored training weights
Inference: Switched to EMA weights
Inference: Restored training weights
Inference: Switched to EMA weights
Inference: Restored training weights
Inference: Switched to EMA weights
Inference: Restored training weights
Inference: Switched to EMA weights
Inference: Restored training weights
Inference: Switched to EMA weights
Inference: Restored training weights
Inference: Switched to EMA weights
Inference: Restored training weights
Inference: Switched to EMA weights
Inference: Restored training weights
Inference: Switched to EMA weights
Inference: Restored training weights
Inference: Switched to EMA weights
Inference: Restored training weights
Inference: Switched to EMA weights
Inference: Restored training weights
Inference: Switched to EMA weights
Inference: Restored training weights
Inference: Switched to EMA weights
Inference: Restored training weights
test: {'epoch': 39, 'time_epoch': 34.77126, 'loss': 0.3734103, 'lr': 0, 'params': 1823862, 'time_iter': 2.1732, 'mae': 0.37341, 'r2': 0.94416, 'spearmanr': 0.96334, 'mse': 0.22717, 'rmse': 0.47662}
> Epoch 39: took 120.1s (avg 60.0s) | Best so far: epoch 39	train_loss: 8.1130 train_mae: 0.3792	val_loss: 0.3715 val_mae: 0.3715	test_loss: 0.3734 test_mae: 0.3734
train: {'epoch': 40, 'time_epoch': 50.20742, 'eta': 18374.35043, 'eta_hours': 5.10399, 'loss': 8.03721148, 'lr': 9.932e-05, 'params': 1823862, 'time_iter': 0.31979, 'mae': 0.39492, 'r2': 0.90777, 'spearmanr': 0.95328, 'mse': 0.37292, 'rmse': 0.61067, 'loss_node': 2.8064830455780028, 'loss_edge': 1.8330447296142578, 'loss_graph': 3.0027663063049315, 'loss_task': 0.39491746759414675, 'loss_encoder': 0.0}
train: {'epoch': 41, 'time_epoch': 50.16397, 'eta': 18314.49057, 'eta_hours': 5.08736, 'loss': 7.69434948, 'lr': 9.925e-05, 'params': 1823862, 'time_iter': 0.31952, 'mae': 0.38241, 'r2': 0.92472, 'spearmanr': 0.95811, 'mse': 0.30439, 'rmse': 0.55172, 'loss_node': 2.762679925918579, 'loss_edge': 1.823076281929016, 'loss_graph': 2.7261815729141237, 'loss_task': 0.38241177034378054, 'loss_encoder': 0.0}
train: {'epoch': 42, 'time_epoch': 50.16836, 'eta': 18255.1182, 'eta_hours': 5.07087, 'loss': 7.59692669, 'lr': 9.918e-05, 'params': 1823862, 'time_iter': 0.31954, 'mae': 0.3871, 'r2': 0.92128, 'spearmanr': 0.95687, 'mse': 0.3183, 'rmse': 0.56418, 'loss_node': 2.7086789321899416, 'loss_edge': 1.8176498668670655, 'loss_graph': 2.6834974506378173, 'loss_task': 0.38710045495033263, 'loss_encoder': 0.0}
train: {'epoch': 43, 'time_epoch': 50.15444, 'eta': 18196.05157, 'eta_hours': 5.05446, 'loss': 7.23561738, 'lr': 9.91e-05, 'params': 1823862, 'time_iter': 0.31946, 'mae': 0.37122, 'r2': 0.92847, 'spearmanr': 0.95984, 'mse': 0.28922, 'rmse': 0.53779, 'loss_node': 2.666238304901123, 'loss_edge': 1.8039154335975647, 'loss_graph': 2.394246475315094, 'loss_task': 0.37121716299057006, 'loss_encoder': 0.0}
train: {'epoch': 44, 'time_epoch': 50.18108, 'eta': 18137.59113, 'eta_hours': 5.03822, 'loss': 7.74546003, 'lr': 9.902e-05, 'params': 1823862, 'time_iter': 0.31962, 'mae': 0.37545, 'r2': 0.92865, 'spearmanr': 0.95975, 'mse': 0.28848, 'rmse': 0.5371, 'loss_node': 2.647349225997925, 'loss_edge': 1.7765318014144897, 'loss_graph': 2.9461265405654906, 'loss_task': 0.3754524627685547, 'loss_encoder': 0.0}
train: {'epoch': 45, 'time_epoch': 50.1657, 'eta': 18079.37235, 'eta_hours': 5.02205, 'loss': 7.05518557, 'lr': 9.894e-05, 'params': 1823862, 'time_iter': 0.31953, 'mae': 0.3773, 'r2': 0.93186, 'spearmanr': 0.95851, 'mse': 0.27553, 'rmse': 0.52491, 'loss_node': 2.5949733402252195, 'loss_edge': 1.7764608980178833, 'loss_graph': 2.3064511798858645, 'loss_task': 0.3773002019405365, 'loss_encoder': 0.0}
train: {'epoch': 46, 'time_epoch': 50.17727, 'eta': 18021.58316, 'eta_hours': 5.006, 'loss': 7.03224834, 'lr': 9.885e-05, 'params': 1823862, 'time_iter': 0.3196, 'mae': 0.37714, 'r2': 0.92952, 'spearmanr': 0.95957, 'mse': 0.28497, 'rmse': 0.53383, 'loss_node': 2.557569127655029, 'loss_edge': 1.7595434459686279, 'loss_graph': 2.337993986129761, 'loss_task': 0.37714179134368897, 'loss_encoder': 0.0}
train: {'epoch': 47, 'time_epoch': 50.20063, 'eta': 17964.28239, 'eta_hours': 4.99008, 'loss': 6.91664499, 'lr': 9.876e-05, 'params': 1823862, 'time_iter': 0.31975, 'mae': 0.38243, 'r2': 0.93194, 'spearmanr': 0.95797, 'mse': 0.27517, 'rmse': 0.52457, 'loss_node': 2.5132204208374023, 'loss_edge': 1.7558044198989868, 'loss_graph': 2.2651911375045777, 'loss_task': 0.3824289695739746, 'loss_encoder': 0.0}
train: {'epoch': 48, 'time_epoch': 49.97382, 'eta': 17905.64672, 'eta_hours': 4.97379, 'loss': 6.65163363, 'lr': 9.867e-05, 'params': 1823862, 'time_iter': 0.3183, 'mae': 0.38472, 'r2': 0.9285, 'spearmanr': 0.95779, 'mse': 0.2891, 'rmse': 0.53768, 'loss_node': 2.4561595989227296, 'loss_edge': 1.7400122661590576, 'loss_graph': 2.0707415048599245, 'loss_task': 0.3847202919006348, 'loss_encoder': 0.0}
train: {'epoch': 49, 'time_epoch': 50.15226, 'eta': 17848.60662, 'eta_hours': 4.95795, 'loss': 6.54351008, 'lr': 9.857e-05, 'params': 1823862, 'time_iter': 0.31944, 'mae': 0.3624, 'r2': 0.93822, 'spearmanr': 0.96061, 'mse': 0.24979, 'rmse': 0.49979, 'loss_node': 2.4008617084503174, 'loss_edge': 1.722498318862915, 'loss_graph': 2.0577471256256104, 'loss_task': 0.3624029217243195, 'loss_encoder': 0.0}
Inference: Switched to EMA weights
Inference: Restored training weights
Inference: Switched to EMA weights
Inference: Restored training weights
Inference: Switched to EMA weights
Inference: Restored training weights
Inference: Switched to EMA weights
Inference: Restored training weights
Inference: Switched to EMA weights
Inference: Restored training weights
Inference: Switched to EMA weights
Inference: Restored training weights
Inference: Switched to EMA weights
Inference: Restored training weights
Inference: Switched to EMA weights
Inference: Restored training weights
Inference: Switched to EMA weights
Inference: Restored training weights
Inference: Switched to EMA weights
Inference: Restored training weights
Inference: Switched to EMA weights
Inference: Restored training weights
Inference: Switched to EMA weights
Inference: Restored training weights
Inference: Switched to EMA weights
Inference: Restored training weights
Inference: Switched to EMA weights
Inference: Restored training weights
Inference: Switched to EMA weights
Inference: Restored training weights
Inference: Switched to EMA weights
Inference: Restored training weights
val: {'epoch': 49, 'time_epoch': 34.64348, 'loss': 0.38560541, 'lr': 0, 'params': 1823862, 'time_iter': 2.16522, 'mae': 0.38561, 'r2': 0.93111, 'spearmanr': 0.96285, 'mse': 0.27132, 'rmse': 0.52089}
Inference: Switched to EMA weights
Inference: Restored training weights
Inference: Switched to EMA weights
Inference: Restored training weights
Inference: Switched to EMA weights
Inference: Restored training weights
Inference: Switched to EMA weights
Inference: Restored training weights
Inference: Switched to EMA weights
Inference: Restored training weights
Inference: Switched to EMA weights
Inference: Restored training weights
Inference: Switched to EMA weights
Inference: Restored training weights
Inference: Switched to EMA weights
Inference: Restored training weights
Inference: Switched to EMA weights
Inference: Restored training weights
Inference: Switched to EMA weights
Inference: Restored training weights
Inference: Switched to EMA weights
Inference: Restored training weights
Inference: Switched to EMA weights
Inference: Restored training weights
Inference: Switched to EMA weights
Inference: Restored training weights
Inference: Switched to EMA weights
Inference: Restored training weights
Inference: Switched to EMA weights
Inference: Restored training weights
Inference: Switched to EMA weights
Inference: Restored training weights
test: {'epoch': 49, 'time_epoch': 34.76632, 'loss': 0.36670833, 'lr': 0, 'params': 1823862, 'time_iter': 2.17289, 'mae': 0.36671, 'r2': 0.94905, 'spearmanr': 0.97066, 'mse': 0.20726, 'rmse': 0.45526}
> Epoch 49: took 119.6s (avg 59.4s) | Best so far: epoch 39	train_loss: 8.1130 train_mae: 0.3792	val_loss: 0.3715 val_mae: 0.3715	test_loss: 0.3734 test_mae: 0.3734
train: {'epoch': 50, 'time_epoch': 50.1824, 'eta': 17792.04286, 'eta_hours': 4.94223, 'loss': 6.37862682, 'lr': 9.847e-05, 'params': 1823862, 'time_iter': 0.31963, 'mae': 0.37101, 'r2': 0.93661, 'spearmanr': 0.95864, 'mse': 0.25631, 'rmse': 0.50627, 'loss_node': 2.3475116203308106, 'loss_edge': 1.7059838375091552, 'loss_graph': 1.9541216457366943, 'loss_task': 0.37100973291397094, 'loss_encoder': 0.0}
train: {'epoch': 51, 'time_epoch': 50.17079, 'eta': 17735.64687, 'eta_hours': 4.92657, 'loss': 6.29327655, 'lr': 9.837e-05, 'params': 1823862, 'time_iter': 0.31956, 'mae': 0.35793, 'r2': 0.94125, 'spearmanr': 0.9604, 'mse': 0.23755, 'rmse': 0.48739, 'loss_node': 2.3045715782165526, 'loss_edge': 1.7091129487991332, 'loss_graph': 1.9216648372650147, 'loss_task': 0.3579271691799164, 'loss_encoder': 0.0}
train: {'epoch': 52, 'time_epoch': 50.18425, 'eta': 17679.57395, 'eta_hours': 4.91099, 'loss': 6.23643187, 'lr': 9.826e-05, 'params': 1823862, 'time_iter': 0.31964, 'mae': 0.36951, 'r2': 0.93919, 'spearmanr': 0.95949, 'mse': 0.24587, 'rmse': 0.49585, 'loss_node': 2.258481939315796, 'loss_edge': 1.7028040979385377, 'loss_graph': 1.905633795928955, 'loss_task': 0.3695120316505432, 'loss_encoder': 0.0}
train: {'epoch': 53, 'time_epoch': 50.16698, 'eta': 17623.60843, 'eta_hours': 4.89545, 'loss': 6.20200931, 'lr': 9.815e-05, 'params': 1823862, 'time_iter': 0.31953, 'mae': 0.37266, 'r2': 0.93196, 'spearmanr': 0.9587, 'mse': 0.27511, 'rmse': 0.52451, 'loss_node': 2.2075687240600588, 'loss_edge': 1.7001842965126037, 'loss_graph': 1.9215918471336364, 'loss_task': 0.37266448917388917, 'loss_encoder': 0.0}
train: {'epoch': 54, 'time_epoch': 50.08848, 'eta': 17567.36135, 'eta_hours': 4.87982, 'loss': 6.14779706, 'lr': 9.804e-05, 'params': 1823862, 'time_iter': 0.31903, 'mae': 0.36597, 'r2': 0.93282, 'spearmanr': 0.95908, 'mse': 0.27163, 'rmse': 0.52118, 'loss_node': 2.14772216796875, 'loss_edge': 1.6847789249420166, 'loss_graph': 1.94932707862854, 'loss_task': 0.365968856048584, 'loss_encoder': 0.0}
train: {'epoch': 55, 'time_epoch': 50.09618, 'eta': 17511.38153, 'eta_hours': 4.86427, 'loss': 6.27120357, 'lr': 9.792e-05, 'params': 1823862, 'time_iter': 0.31908, 'mae': 0.38586, 'r2': 0.93692, 'spearmanr': 0.95494, 'mse': 0.25504, 'rmse': 0.50501, 'loss_node': 2.115587094116211, 'loss_edge': 1.676976554107666, 'loss_graph': 2.0927844871520995, 'loss_task': 0.3858554494857788, 'loss_encoder': 0.0}
train: {'epoch': 56, 'time_epoch': 50.08792, 'eta': 17455.55844, 'eta_hours': 4.84877, 'loss': 5.98288352, 'lr': 9.78e-05, 'params': 1823862, 'time_iter': 0.31903, 'mae': 0.36666, 'r2': 0.93943, 'spearmanr': 0.96012, 'mse': 0.24489, 'rmse': 0.49486, 'loss_node': 2.083673849105835, 'loss_edge': 1.6683533096313476, 'loss_graph': 1.8641952199935914, 'loss_task': 0.3666611921310425, 'loss_encoder': 0.0}
train: {'epoch': 57, 'time_epoch': 50.05903, 'eta': 17399.76277, 'eta_hours': 4.83327, 'loss': 5.88430932, 'lr': 9.768e-05, 'params': 1823862, 'time_iter': 0.31885, 'mae': 0.37233, 'r2': 0.93378, 'spearmanr': 0.95996, 'mse': 0.26777, 'rmse': 0.51746, 'loss_node': 2.0500136499404906, 'loss_edge': 1.6606453107833863, 'loss_graph': 1.8013193857192993, 'loss_task': 0.37233098516464236, 'loss_encoder': 0.0}
train: {'epoch': 58, 'time_epoch': 50.12409, 'eta': 17344.53759, 'eta_hours': 4.81793, 'loss': 6.03131053, 'lr': 9.755e-05, 'params': 1823862, 'time_iter': 0.31926, 'mae': 0.36208, 'r2': 0.94391, 'spearmanr': 0.96012, 'mse': 0.22678, 'rmse': 0.47621, 'loss_node': 2.000249747657776, 'loss_edge': 1.6691415908813476, 'loss_graph': 1.9998381805419922, 'loss_task': 0.3620810496330261, 'loss_encoder': 0.0}
train: {'epoch': 59, 'time_epoch': 50.15116, 'eta': 17289.63584, 'eta_hours': 4.80268, 'loss': 5.73881651, 'lr': 9.742e-05, 'params': 1823862, 'time_iter': 0.31943, 'mae': 0.37227, 'r2': 0.93478, 'spearmanr': 0.9584, 'mse': 0.2637, 'rmse': 0.51351, 'loss_node': 1.9894649219512939, 'loss_edge': 1.6694091617584228, 'loss_graph': 1.707672441482544, 'loss_task': 0.3722699814796448, 'loss_encoder': 0.0}
Inference: Switched to EMA weights
Inference: Restored training weights
Inference: Switched to EMA weights
Inference: Restored training weights
Inference: Switched to EMA weights
Inference: Restored training weights
Inference: Switched to EMA weights
Inference: Restored training weights
Inference: Switched to EMA weights
Inference: Restored training weights
Inference: Switched to EMA weights
Inference: Restored training weights
Inference: Switched to EMA weights
Inference: Restored training weights
Inference: Switched to EMA weights
Inference: Restored training weights
Inference: Switched to EMA weights
Inference: Restored training weights
Inference: Switched to EMA weights
Inference: Restored training weights
Inference: Switched to EMA weights
Inference: Restored training weights
Inference: Switched to EMA weights
Inference: Restored training weights
Inference: Switched to EMA weights
Inference: Restored training weights
Inference: Switched to EMA weights
Inference: Restored training weights
Inference: Switched to EMA weights
Inference: Restored training weights
Inference: Switched to EMA weights
Inference: Restored training weights
val: {'epoch': 59, 'time_epoch': 34.66836, 'loss': 0.47929535, 'lr': 0, 'params': 1823862, 'time_iter': 2.16677, 'mae': 0.4793, 'r2': 0.91097, 'spearmanr': 0.96901, 'mse': 0.35068, 'rmse': 0.59218}
Inference: Switched to EMA weights
Inference: Restored training weights
Inference: Switched to EMA weights
Inference: Restored training weights
Inference: Switched to EMA weights
Inference: Restored training weights
Inference: Switched to EMA weights
Inference: Restored training weights
Inference: Switched to EMA weights
Inference: Restored training weights
Inference: Switched to EMA weights
Inference: Restored training weights
Inference: Switched to EMA weights
Inference: Restored training weights
Inference: Switched to EMA weights
Inference: Restored training weights
Inference: Switched to EMA weights
Inference: Restored training weights
Inference: Switched to EMA weights
Inference: Restored training weights
Inference: Switched to EMA weights
Inference: Restored training weights
Inference: Switched to EMA weights
Inference: Restored training weights
Inference: Switched to EMA weights
Inference: Restored training weights
Inference: Switched to EMA weights
Inference: Restored training weights
Inference: Switched to EMA weights
Inference: Restored training weights
Inference: Switched to EMA weights
Inference: Restored training weights
test: {'epoch': 59, 'time_epoch': 34.73544, 'loss': 0.45437994, 'lr': 0, 'params': 1823862, 'time_iter': 2.17097, 'mae': 0.45438, 'r2': 0.92306, 'spearmanr': 0.96991, 'mse': 0.31301, 'rmse': 0.55947}
> Epoch 59: took 119.6s (avg 59.0s) | Best so far: epoch 39	train_loss: 8.1130 train_mae: 0.3792	val_loss: 0.3715 val_mae: 0.3715	test_loss: 0.3734 test_mae: 0.3734
train: {'epoch': 60, 'time_epoch': 50.15974, 'eta': 17234.93757, 'eta_hours': 4.78748, 'loss': 5.74103549, 'lr': 9.729e-05, 'params': 1823862, 'time_iter': 0.31949, 'mae': 0.36037, 'r2': 0.94103, 'spearmanr': 0.96084, 'mse': 0.23843, 'rmse': 0.4883, 'loss_node': 1.9432433534622193, 'loss_edge': 1.6623314777374267, 'loss_graph': 1.7750867328643798, 'loss_task': 0.36037390174865724, 'loss_encoder': 0.0}
train: {'epoch': 61, 'time_epoch': 50.142, 'eta': 17180.28895, 'eta_hours': 4.7723, 'loss': 5.58898367, 'lr': 9.716e-05, 'params': 1823862, 'time_iter': 0.31938, 'mae': 0.36276, 'r2': 0.94294, 'spearmanr': 0.96092, 'mse': 0.23071, 'rmse': 0.48032, 'loss_node': 1.9113075510025024, 'loss_edge': 1.650893540096283, 'loss_graph': 1.6640181522369384, 'loss_task': 0.36276445066928864, 'loss_encoder': 0.0}
train: {'epoch': 62, 'time_epoch': 50.10797, 'eta': 17125.60136, 'eta_hours': 4.75711, 'loss': 5.44992278, 'lr': 9.702e-05, 'params': 1823862, 'time_iter': 0.31916, 'mae': 0.36301, 'r2': 0.94317, 'spearmanr': 0.96108, 'mse': 0.2298, 'rmse': 0.47938, 'loss_node': 1.8819903072357178, 'loss_edge': 1.6291290937423706, 'loss_graph': 1.575792601776123, 'loss_task': 0.36301079330444336, 'loss_encoder': 0.0}
train: {'epoch': 63, 'time_epoch': 49.90148, 'eta': 17069.97283, 'eta_hours': 4.74166, 'loss': 5.68102913, 'lr': 9.687e-05, 'params': 1823862, 'time_iter': 0.31784, 'mae': 0.36254, 'r2': 0.93381, 'spearmanr': 0.96096, 'mse': 0.26764, 'rmse': 0.51734, 'loss_node': 1.8415919540405274, 'loss_edge': 1.631974304485321, 'loss_graph': 1.8449199871063233, 'loss_task': 0.36254290585517884, 'loss_encoder': 0.0}
train: {'epoch': 64, 'time_epoch': 50.12119, 'eta': 17015.65286, 'eta_hours': 4.72657, 'loss': 5.55345748, 'lr': 9.673e-05, 'params': 1823862, 'time_iter': 0.31924, 'mae': 0.35882, 'r2': 0.94247, 'spearmanr': 0.9606, 'mse': 0.23263, 'rmse': 0.48231, 'loss_node': 1.806607935142517, 'loss_edge': 1.643212110710144, 'loss_graph': 1.744814259147644, 'loss_task': 0.3588232474327087, 'loss_encoder': 0.0}
train: {'epoch': 65, 'time_epoch': 50.10792, 'eta': 16961.39301, 'eta_hours': 4.7115, 'loss': 5.48134058, 'lr': 9.658e-05, 'params': 1823862, 'time_iter': 0.31916, 'mae': 0.36037, 'r2': 0.9428, 'spearmanr': 0.96063, 'mse': 0.23128, 'rmse': 0.48092, 'loss_node': 1.7978031116485595, 'loss_edge': 1.6195903323173524, 'loss_graph': 1.7035742057800294, 'loss_task': 0.360372912979126, 'loss_encoder': 0.0}
train: {'epoch': 66, 'time_epoch': 50.10801, 'eta': 16907.25751, 'eta_hours': 4.69646, 'loss': 5.45836381, 'lr': 9.643e-05, 'params': 1823862, 'time_iter': 0.31916, 'mae': 0.36801, 'r2': 0.94164, 'spearmanr': 0.96062, 'mse': 0.23596, 'rmse': 0.48576, 'loss_node': 1.7621436225891114, 'loss_edge': 1.6258959734916687, 'loss_graph': 1.7023161346435547, 'loss_task': 0.3680080821990967, 'loss_encoder': 0.0}
train: {'epoch': 67, 'time_epoch': 50.10117, 'eta': 16853.20705, 'eta_hours': 4.68145, 'loss': 5.2736379, 'lr': 9.627e-05, 'params': 1823862, 'time_iter': 0.31912, 'mae': 0.35779, 'r2': 0.94496, 'spearmanr': 0.96212, 'mse': 0.22253, 'rmse': 0.47173, 'loss_node': 1.739630118560791, 'loss_edge': 1.6195492528915405, 'loss_graph': 1.556672375869751, 'loss_task': 0.35778614330291747, 'loss_encoder': 0.0}
train: {'epoch': 68, 'time_epoch': 50.09994, 'eta': 16799.2652, 'eta_hours': 4.66646, 'loss': 5.18684925, 'lr': 9.611e-05, 'params': 1823862, 'time_iter': 0.31911, 'mae': 0.35595, 'r2': 0.94111, 'spearmanr': 0.96321, 'mse': 0.23812, 'rmse': 0.48797, 'loss_node': 1.7100753902435302, 'loss_edge': 1.5895583808898925, 'loss_graph': 1.5312676033020018, 'loss_task': 0.35594787549972534, 'loss_encoder': 0.0}
train: {'epoch': 69, 'time_epoch': 50.10504, 'eta': 16745.45713, 'eta_hours': 4.65152, 'loss': 5.13313719, 'lr': 9.595e-05, 'params': 1823862, 'time_iter': 0.31914, 'mae': 0.35814, 'r2': 0.94239, 'spearmanr': 0.962, 'mse': 0.23293, 'rmse': 0.48263, 'loss_node': 1.6743980388641357, 'loss_edge': 1.5875594425201416, 'loss_graph': 1.5130439853668214, 'loss_task': 0.358135741519928, 'loss_encoder': 0.0}
Inference: Switched to EMA weights
Inference: Restored training weights
Inference: Switched to EMA weights
Inference: Restored training weights
Inference: Switched to EMA weights
Inference: Restored training weights
Inference: Switched to EMA weights
Inference: Restored training weights
Inference: Switched to EMA weights
Inference: Restored training weights
Inference: Switched to EMA weights
Inference: Restored training weights
Inference: Switched to EMA weights
Inference: Restored training weights
Inference: Switched to EMA weights
Inference: Restored training weights
Inference: Switched to EMA weights
Inference: Restored training weights
Inference: Switched to EMA weights
Inference: Restored training weights
Inference: Switched to EMA weights
Inference: Restored training weights
Inference: Switched to EMA weights
Inference: Restored training weights
Inference: Switched to EMA weights
Inference: Restored training weights
Inference: Switched to EMA weights
Inference: Restored training weights
Inference: Switched to EMA weights
Inference: Restored training weights
Inference: Switched to EMA weights
Inference: Restored training weights
val: {'epoch': 69, 'time_epoch': 34.6328, 'loss': 0.38074778, 'lr': 0, 'params': 1823862, 'time_iter': 2.16455, 'mae': 0.38075, 'r2': 0.94314, 'spearmanr': 0.96625, 'mse': 0.22397, 'rmse': 0.47325}
Inference: Switched to EMA weights
Inference: Restored training weights
Inference: Switched to EMA weights
Inference: Restored training weights
Inference: Switched to EMA weights
Inference: Restored training weights
Inference: Switched to EMA weights
Inference: Restored training weights
Inference: Switched to EMA weights
Inference: Restored training weights
Inference: Switched to EMA weights
Inference: Restored training weights
Inference: Switched to EMA weights
Inference: Restored training weights
Inference: Switched to EMA weights
Inference: Restored training weights
Inference: Switched to EMA weights
Inference: Restored training weights
Inference: Switched to EMA weights
Inference: Restored training weights
Inference: Switched to EMA weights
Inference: Restored training weights
Inference: Switched to EMA weights
Inference: Restored training weights
Inference: Switched to EMA weights
Inference: Restored training weights
Inference: Switched to EMA weights
Inference: Restored training weights
Inference: Switched to EMA weights
Inference: Restored training weights
Inference: Switched to EMA weights
Inference: Restored training weights
test: {'epoch': 69, 'time_epoch': 34.73131, 'loss': 0.37641489, 'lr': 0, 'params': 1823862, 'time_iter': 2.17071, 'mae': 0.37641, 'r2': 0.94545, 'spearmanr': 0.97022, 'mse': 0.22191, 'rmse': 0.47108}
> Epoch 69: took 119.5s (avg 58.7s) | Best so far: epoch 39	train_loss: 8.1130 train_mae: 0.3792	val_loss: 0.3715 val_mae: 0.3715	test_loss: 0.3734 test_mae: 0.3734
train: {'epoch': 70, 'time_epoch': 50.11103, 'eta': 16691.78112, 'eta_hours': 4.63661, 'loss': 5.07426581, 'lr': 9.579e-05, 'params': 1823862, 'time_iter': 0.31918, 'mae': 0.35341, 'r2': 0.94906, 'spearmanr': 0.96371, 'mse': 0.20596, 'rmse': 0.45383, 'loss_node': 1.6581180713653565, 'loss_edge': 1.5811729791641236, 'loss_graph': 1.4815664766311645, 'loss_task': 0.35340828223228454, 'loss_encoder': 0.0}
train: {'epoch': 71, 'time_epoch': 50.11881, 'eta': 16638.23963, 'eta_hours': 4.62173, 'loss': 5.0313249, 'lr': 9.562e-05, 'params': 1823862, 'time_iter': 0.31923, 'mae': 0.36377, 'r2': 0.9426, 'spearmanr': 0.9628, 'mse': 0.2321, 'rmse': 0.48176, 'loss_node': 1.6240923746109008, 'loss_edge': 1.577181476211548, 'loss_graph': 1.4662793104171752, 'loss_task': 0.3637716914176941, 'loss_encoder': 0.0}
train: {'epoch': 72, 'time_epoch': 50.13924, 'eta': 16584.8834, 'eta_hours': 4.60691, 'loss': 5.17044149, 'lr': 9.545e-05, 'params': 1823862, 'time_iter': 0.31936, 'mae': 0.35458, 'r2': 0.94473, 'spearmanr': 0.96449, 'mse': 0.22347, 'rmse': 0.47273, 'loss_node': 1.6090807762145996, 'loss_edge': 1.5913014454841614, 'loss_graph': 1.6154750144958496, 'loss_task': 0.3545842308998108, 'loss_encoder': 0.0}
train: {'epoch': 73, 'time_epoch': 50.11214, 'eta': 16531.49474, 'eta_hours': 4.59208, 'loss': 4.99359125, 'lr': 9.528e-05, 'params': 1823862, 'time_iter': 0.31919, 'mae': 0.36056, 'r2': 0.94617, 'spearmanr': 0.96511, 'mse': 0.21766, 'rmse': 0.46654, 'loss_node': 1.5746049890518188, 'loss_edge': 1.5592166437149049, 'loss_graph': 1.4992090246200562, 'loss_task': 0.36056060819625857, 'loss_encoder': 0.0}
train: {'epoch': 74, 'time_epoch': 50.11429, 'eta': 16478.20276, 'eta_hours': 4.57728, 'loss': 5.22602845, 'lr': 9.51e-05, 'params': 1823862, 'time_iter': 0.3192, 'mae': 0.37236, 'r2': 0.93274, 'spearmanr': 0.96166, 'mse': 0.27194, 'rmse': 0.52148, 'loss_node': 1.5658620599746704, 'loss_edge': 1.5657132844924926, 'loss_graph': 1.722088119506836, 'loss_task': 0.37236495156288146, 'loss_encoder': 0.0}
train: {'epoch': 75, 'time_epoch': 50.14217, 'eta': 16425.11328, 'eta_hours': 4.56253, 'loss': 4.84545263, 'lr': 9.492e-05, 'params': 1823862, 'time_iter': 0.31938, 'mae': 0.36124, 'r2': 0.94368, 'spearmanr': 0.9629, 'mse': 0.22774, 'rmse': 0.47722, 'loss_node': 1.527279321861267, 'loss_edge': 1.5714739687919617, 'loss_graph': 1.3854634996414184, 'loss_task': 0.3612358564376831, 'loss_encoder': 0.0}
train: {'epoch': 76, 'time_epoch': 50.11926, 'eta': 16372.00423, 'eta_hours': 4.54778, 'loss': 5.11949169, 'lr': 9.474e-05, 'params': 1823862, 'time_iter': 0.31923, 'mae': 0.36535, 'r2': 0.93871, 'spearmanr': 0.96232, 'mse': 0.2478, 'rmse': 0.4978, 'loss_node': 1.4869375114440917, 'loss_edge': 1.5576222900390626, 'loss_graph': 1.7095864715576172, 'loss_task': 0.36534538831710817, 'loss_encoder': 0.0}
train: {'epoch': 77, 'time_epoch': 50.43832, 'eta': 16320.289, 'eta_hours': 4.53341, 'loss': 4.94679388, 'lr': 9.455e-05, 'params': 1823862, 'time_iter': 0.32126, 'mae': 0.36129, 'r2': 0.9464, 'spearmanr': 0.96263, 'mse': 0.21674, 'rmse': 0.46555, 'loss_node': 1.4753445978164672, 'loss_edge': 1.5606884514808654, 'loss_graph': 1.5494735570907592, 'loss_task': 0.36128725051879884, 'loss_encoder': 0.0}
train: {'epoch': 78, 'time_epoch': 49.94763, 'eta': 16266.61227, 'eta_hours': 4.5185, 'loss': 4.82465065, 'lr': 9.436e-05, 'params': 1823862, 'time_iter': 0.31814, 'mae': 0.36716, 'r2': 0.93617, 'spearmanr': 0.96336, 'mse': 0.25809, 'rmse': 0.50803, 'loss_node': 1.4707293481826782, 'loss_edge': 1.5477391350746155, 'loss_graph': 1.439018586730957, 'loss_task': 0.3671635454177856, 'loss_encoder': 0.0}
train: {'epoch': 79, 'time_epoch': 50.13895, 'eta': 16213.79407, 'eta_hours': 4.50383, 'loss': 4.84889161, 'lr': 9.417e-05, 'params': 1823862, 'time_iter': 0.31936, 'mae': 0.35429, 'r2': 0.94557, 'spearmanr': 0.96374, 'mse': 0.2201, 'rmse': 0.46914, 'loss_node': 1.4365511667251587, 'loss_edge': 1.5427066886901855, 'loss_graph': 1.5153438844680787, 'loss_task': 0.35428983731269836, 'loss_encoder': 0.0}
Inference: Switched to EMA weights
Inference: Restored training weights
Inference: Switched to EMA weights
Inference: Restored training weights
Inference: Switched to EMA weights
Inference: Restored training weights
Inference: Switched to EMA weights
Inference: Restored training weights
Inference: Switched to EMA weights
Inference: Restored training weights
Inference: Switched to EMA weights
Inference: Restored training weights
Inference: Switched to EMA weights
Inference: Restored training weights
Inference: Switched to EMA weights
Inference: Restored training weights
Inference: Switched to EMA weights
Inference: Restored training weights
Inference: Switched to EMA weights
Inference: Restored training weights
Inference: Switched to EMA weights
Inference: Restored training weights
Inference: Switched to EMA weights
Inference: Restored training weights
Inference: Switched to EMA weights
Inference: Restored training weights
Inference: Switched to EMA weights
Inference: Restored training weights
Inference: Switched to EMA weights
Inference: Restored training weights
Inference: Switched to EMA weights
Inference: Restored training weights
val: {'epoch': 79, 'time_epoch': 34.48769, 'loss': 0.35839276, 'lr': 0, 'params': 1823862, 'time_iter': 2.15548, 'mae': 0.35839, 'r2': 0.94824, 'spearmanr': 0.96397, 'mse': 0.20387, 'rmse': 0.45152}
Inference: Switched to EMA weights
Inference: Restored training weights
Inference: Switched to EMA weights
Inference: Restored training weights
Inference: Switched to EMA weights
Inference: Restored training weights
Inference: Switched to EMA weights
Inference: Restored training weights
Inference: Switched to EMA weights
Inference: Restored training weights
Inference: Switched to EMA weights
Inference: Restored training weights
Inference: Switched to EMA weights
Inference: Restored training weights
Inference: Switched to EMA weights
Inference: Restored training weights
Inference: Switched to EMA weights
Inference: Restored training weights
Inference: Switched to EMA weights
Inference: Restored training weights
Inference: Switched to EMA weights
Inference: Restored training weights
Inference: Switched to EMA weights
Inference: Restored training weights
Inference: Switched to EMA weights
Inference: Restored training weights
Inference: Switched to EMA weights
Inference: Restored training weights
Inference: Switched to EMA weights
Inference: Restored training weights
Inference: Switched to EMA weights
Inference: Restored training weights
test: {'epoch': 79, 'time_epoch': 34.64184, 'loss': 0.35329655, 'lr': 0, 'params': 1823862, 'time_iter': 2.16512, 'mae': 0.3533, 'r2': 0.95163, 'spearmanr': 0.96933, 'mse': 0.19676, 'rmse': 0.44358}
> Epoch 79: took 119.3s (avg 58.5s) | Best so far: epoch 79	train_loss: 4.8489 train_mae: 0.3543	val_loss: 0.3584 val_mae: 0.3584	test_loss: 0.3533 test_mae: 0.3533
train: {'epoch': 80, 'time_epoch': 49.96715, 'eta': 16160.3654, 'eta_hours': 4.48899, 'loss': 4.72863388, 'lr': 9.397e-05, 'params': 1823862, 'time_iter': 0.31826, 'mae': 0.3652, 'r2': 0.9412, 'spearmanr': 0.9642, 'mse': 0.23777, 'rmse': 0.48761, 'loss_node': 1.4251145637512208, 'loss_edge': 1.5384226070404052, 'loss_graph': 1.3998948560714721, 'loss_task': 0.36520184888839724, 'loss_encoder': 0.0}
train: {'epoch': 81, 'time_epoch': 50.185, 'eta': 16107.86601, 'eta_hours': 4.47441, 'loss': 5.40326766, 'lr': 9.378e-05, 'params': 1823862, 'time_iter': 0.31965, 'mae': 0.36472, 'r2': 0.93139, 'spearmanr': 0.96308, 'mse': 0.27744, 'rmse': 0.52672, 'loss_node': 1.4068643098831177, 'loss_edge': 1.5450853754043579, 'loss_graph': 2.086596645927429, 'loss_task': 0.36472128772735596, 'loss_encoder': 0.0}
train: {'epoch': 82, 'time_epoch': 50.15349, 'eta': 16055.30203, 'eta_hours': 4.45981, 'loss': 4.74267476, 'lr': 9.357e-05, 'params': 1823862, 'time_iter': 0.31945, 'mae': 0.36124, 'r2': 0.93, 'spearmanr': 0.96345, 'mse': 0.28305, 'rmse': 0.53202, 'loss_node': 1.4066250354766845, 'loss_edge': 1.5229121408462525, 'loss_graph': 1.451897857093811, 'loss_task': 0.3612397258758545, 'loss_encoder': 0.0}
train: {'epoch': 83, 'time_epoch': 50.14852, 'eta': 16002.77674, 'eta_hours': 4.44522, 'loss': 5.185053, 'lr': 9.337e-05, 'params': 1823862, 'time_iter': 0.31942, 'mae': 0.34809, 'r2': 0.95003, 'spearmanr': 0.9645, 'mse': 0.20206, 'rmse': 0.44951, 'loss_node': 1.3695850587844849, 'loss_edge': 1.5306870113372804, 'loss_graph': 1.9366867959976197, 'loss_task': 0.3480941048145294, 'loss_encoder': 0.0}
train: {'epoch': 84, 'time_epoch': 50.15285, 'eta': 15950.32341, 'eta_hours': 4.43065, 'loss': 4.6899834, 'lr': 9.316e-05, 'params': 1823862, 'time_iter': 0.31944, 'mae': 0.358, 'r2': 0.9471, 'spearmanr': 0.96246, 'mse': 0.2139, 'rmse': 0.46249, 'loss_node': 1.3741588455200195, 'loss_edge': 1.524639130783081, 'loss_graph': 1.4331854213714599, 'loss_task': 0.35799999594688414, 'loss_encoder': 0.0}
train: {'epoch': 85, 'time_epoch': 50.16254, 'eta': 15897.95897, 'eta_hours': 4.4161, 'loss': 4.65666453, 'lr': 9.295e-05, 'params': 1823862, 'time_iter': 0.31951, 'mae': 0.35763, 'r2': 0.93695, 'spearmanr': 0.96394, 'mse': 0.25495, 'rmse': 0.50493, 'loss_node': 1.3672257440567017, 'loss_edge': 1.5038081853866576, 'loss_graph': 1.4279957471847535, 'loss_task': 0.3576348769187927, 'loss_encoder': 0.0}
train: {'epoch': 86, 'time_epoch': 50.15623, 'eta': 15845.62245, 'eta_hours': 4.40156, 'loss': 4.58901801, 'lr': 9.274e-05, 'params': 1823862, 'time_iter': 0.31947, 'mae': 0.3533, 'r2': 0.93985, 'spearmanr': 0.96506, 'mse': 0.24322, 'rmse': 0.49318, 'loss_node': 1.348168021965027, 'loss_edge': 1.5072657865524293, 'loss_graph': 1.38028879737854, 'loss_task': 0.35329539709091184, 'loss_encoder': 0.0}
train: {'epoch': 87, 'time_epoch': 50.2356, 'eta': 15793.61687, 'eta_hours': 4.38712, 'loss': 4.51021228, 'lr': 9.252e-05, 'params': 1823862, 'time_iter': 0.31997, 'mae': 0.34991, 'r2': 0.94641, 'spearmanr': 0.96592, 'mse': 0.21669, 'rmse': 0.4655, 'loss_node': 1.346768759918213, 'loss_edge': 1.4961392976760863, 'loss_graph': 1.3173973054885864, 'loss_task': 0.34990693187713623, 'loss_encoder': 0.0}
train: {'epoch': 88, 'time_epoch': 50.16944, 'eta': 15741.41989, 'eta_hours': 4.37262, 'loss': 4.50909802, 'lr': 9.23e-05, 'params': 1823862, 'time_iter': 0.31955, 'mae': 0.34987, 'r2': 0.94883, 'spearmanr': 0.96494, 'mse': 0.20691, 'rmse': 0.45488, 'loss_node': 1.338480659866333, 'loss_edge': 1.4887466411590575, 'loss_graph': 1.332003750038147, 'loss_task': 0.34986695342063906, 'loss_encoder': 0.0}
train: {'epoch': 89, 'time_epoch': 50.17991, 'eta': 15689.30402, 'eta_hours': 4.35814, 'loss': 4.58476138, 'lr': 9.208e-05, 'params': 1823862, 'time_iter': 0.31962, 'mae': 0.35615, 'r2': 0.94691, 'spearmanr': 0.96357, 'mse': 0.21466, 'rmse': 0.46332, 'loss_node': 1.322698700904846, 'loss_edge': 1.4826143065452575, 'loss_graph': 1.4232935905456543, 'loss_task': 0.35615480341911315, 'loss_encoder': 0.0}
Inference: Switched to EMA weights
Inference: Restored training weights
Inference: Switched to EMA weights
Inference: Restored training weights
Inference: Switched to EMA weights
Inference: Restored training weights
Inference: Switched to EMA weights
Inference: Restored training weights
Inference: Switched to EMA weights
Inference: Restored training weights
Inference: Switched to EMA weights
Inference: Restored training weights
Inference: Switched to EMA weights
Inference: Restored training weights
Inference: Switched to EMA weights
Inference: Restored training weights
Inference: Switched to EMA weights
Inference: Restored training weights
Inference: Switched to EMA weights
Inference: Restored training weights
Inference: Switched to EMA weights
Inference: Restored training weights
Inference: Switched to EMA weights
Inference: Restored training weights
Inference: Switched to EMA weights
Inference: Restored training weights
Inference: Switched to EMA weights
Inference: Restored training weights
Inference: Switched to EMA weights
Inference: Restored training weights
Inference: Switched to EMA weights
Inference: Restored training weights
val: {'epoch': 89, 'time_epoch': 34.54293, 'loss': 0.33979822, 'lr': 0, 'params': 1823862, 'time_iter': 2.15893, 'mae': 0.3398, 'r2': 0.95289, 'spearmanr': 0.9648, 'mse': 0.18555, 'rmse': 0.43076}
Inference: Switched to EMA weights
Inference: Restored training weights
Inference: Switched to EMA weights
Inference: Restored training weights
Inference: Switched to EMA weights
Inference: Restored training weights
Inference: Switched to EMA weights
Inference: Restored training weights
Inference: Switched to EMA weights
Inference: Restored training weights
Inference: Switched to EMA weights
Inference: Restored training weights
Inference: Switched to EMA weights
Inference: Restored training weights
Inference: Switched to EMA weights
Inference: Restored training weights
Inference: Switched to EMA weights
Inference: Restored training weights
Inference: Switched to EMA weights
Inference: Restored training weights
Inference: Switched to EMA weights
Inference: Restored training weights
Inference: Switched to EMA weights
Inference: Restored training weights
Inference: Switched to EMA weights
Inference: Restored training weights
Inference: Switched to EMA weights
Inference: Restored training weights
Inference: Switched to EMA weights
Inference: Restored training weights
Inference: Switched to EMA weights
Inference: Restored training weights
test: {'epoch': 89, 'time_epoch': 34.66194, 'loss': 0.33746294, 'lr': 0, 'params': 1823862, 'time_iter': 2.16637, 'mae': 0.33746, 'r2': 0.95647, 'spearmanr': 0.97243, 'mse': 0.1771, 'rmse': 0.42084}
> Epoch 89: took 119.4s (avg 58.4s) | Best so far: epoch 89	train_loss: 4.5848 train_mae: 0.3562	val_loss: 0.3398 val_mae: 0.3398	test_loss: 0.3375 test_mae: 0.3375
train: {'epoch': 90, 'time_epoch': 50.26903, 'eta': 15637.53332, 'eta_hours': 4.34376, 'loss': 4.49829497, 'lr': 9.186e-05, 'params': 1823862, 'time_iter': 0.32018, 'mae': 0.3536, 'r2': 0.94673, 'spearmanr': 0.96309, 'mse': 0.21539, 'rmse': 0.4641, 'loss_node': 1.310579559135437, 'loss_edge': 1.4837371443748475, 'loss_graph': 1.3503799743652343, 'loss_task': 0.3535982783317566, 'loss_encoder': 0.0}
train: {'epoch': 91, 'time_epoch': 50.26983, 'eta': 15585.79796, 'eta_hours': 4.32939, 'loss': 4.52111944, 'lr': 9.163e-05, 'params': 1823862, 'time_iter': 0.32019, 'mae': 0.34791, 'r2': 0.94824, 'spearmanr': 0.9662, 'mse': 0.20928, 'rmse': 0.45747, 'loss_node': 1.3104176296234131, 'loss_edge': 1.471355798149109, 'loss_graph': 1.3914366493225097, 'loss_task': 0.3479093313217163, 'loss_encoder': 0.0}
train: {'epoch': 92, 'time_epoch': 50.27745, 'eta': 15534.11927, 'eta_hours': 4.31503, 'loss': 4.52973282, 'lr': 9.14e-05, 'params': 1823862, 'time_iter': 0.32024, 'mae': 0.3446, 'r2': 0.9504, 'spearmanr': 0.96575, 'mse': 0.20054, 'rmse': 0.44782, 'loss_node': 1.293137842941284, 'loss_edge': 1.4743113542556763, 'loss_graph': 1.417688463973999, 'loss_task': 0.3445951406955719, 'loss_encoder': 0.0}
train: {'epoch': 93, 'time_epoch': 50.272, 'eta': 15482.45265, 'eta_hours': 4.30068, 'loss': 4.45055993, 'lr': 9.117e-05, 'params': 1823862, 'time_iter': 0.3202, 'mae': 0.35806, 'r2': 0.94396, 'spearmanr': 0.96426, 'mse': 0.22659, 'rmse': 0.47602, 'loss_node': 1.2971490674972534, 'loss_edge': 1.4715640609741212, 'loss_graph': 1.3237839023590088, 'loss_task': 0.35806293148994445, 'loss_encoder': 0.0}
train: {'epoch': 94, 'time_epoch': 50.26257, 'eta': 15430.7851, 'eta_hours': 4.28633, 'loss': 4.38873478, 'lr': 9.093e-05, 'params': 1823862, 'time_iter': 0.32014, 'mae': 0.34171, 'r2': 0.9524, 'spearmanr': 0.96611, 'mse': 0.19246, 'rmse': 0.43871, 'loss_node': 1.2762825345993043, 'loss_edge': 1.4613459212303161, 'loss_graph': 1.309401271057129, 'loss_task': 0.3417050775527954, 'loss_encoder': 0.0}
train: {'epoch': 95, 'time_epoch': 50.04584, 'eta': 15378.46051, 'eta_hours': 4.27179, 'loss': 4.52954083, 'lr': 9.069e-05, 'params': 1823862, 'time_iter': 0.31876, 'mae': 0.36212, 'r2': 0.93705, 'spearmanr': 0.96369, 'mse': 0.25453, 'rmse': 0.50451, 'loss_node': 1.2785926317214966, 'loss_edge': 1.4661737644195556, 'loss_graph': 1.422650599861145, 'loss_task': 0.3621238322257996, 'loss_encoder': 0.0}
train: {'epoch': 96, 'time_epoch': 50.27824, 'eta': 15326.90886, 'eta_hours': 4.25747, 'loss': 4.50512462, 'lr': 9.045e-05, 'params': 1823862, 'time_iter': 0.32024, 'mae': 0.35007, 'r2': 0.94897, 'spearmanr': 0.96464, 'mse': 0.20633, 'rmse': 0.45424, 'loss_node': 1.2534147926330566, 'loss_edge': 1.4477244062423706, 'loss_graph': 1.4539126680374146, 'loss_task': 0.35007272367477416, 'loss_encoder': 0.0}
train: {'epoch': 97, 'time_epoch': 50.27334, 'eta': 15275.36812, 'eta_hours': 4.24316, 'loss': 4.46527519, 'lr': 9.021e-05, 'params': 1823862, 'time_iter': 0.32021, 'mae': 0.34918, 'r2': 0.95013, 'spearmanr': 0.96536, 'mse': 0.20164, 'rmse': 0.44904, 'loss_node': 1.2541406609535217, 'loss_edge': 1.4462539085388184, 'loss_graph': 1.4156986135482788, 'loss_task': 0.34918201427459716, 'loss_encoder': 0.0}
train: {'epoch': 98, 'time_epoch': 50.27087, 'eta': 15223.84545, 'eta_hours': 4.22885, 'loss': 4.35427587, 'lr': 8.996e-05, 'params': 1823862, 'time_iter': 0.3202, 'mae': 0.34942, 'r2': 0.94473, 'spearmanr': 0.96543, 'mse': 0.22349, 'rmse': 0.47274, 'loss_node': 1.2451114616394043, 'loss_edge': 1.446862997341156, 'loss_graph': 1.3128854541778565, 'loss_task': 0.34941595902442935, 'loss_encoder': 0.0}
train: {'epoch': 99, 'time_epoch': 50.27963, 'eta': 15172.37409, 'eta_hours': 4.21455, 'loss': 4.33613208, 'lr': 8.971e-05, 'params': 1823862, 'time_iter': 0.32025, 'mae': 0.34991, 'r2': 0.9498, 'spearmanr': 0.96475, 'mse': 0.20297, 'rmse': 0.45052, 'loss_node': 1.2339882057189941, 'loss_edge': 1.4186427802085877, 'loss_graph': 1.3335940837860107, 'loss_task': 0.3499070291996002, 'loss_encoder': 0.0}
Inference: Switched to EMA weights
Inference: Restored training weights
Inference: Switched to EMA weights
Inference: Restored training weights
Inference: Switched to EMA weights
Inference: Restored training weights
Inference: Switched to EMA weights
Inference: Restored training weights
Inference: Switched to EMA weights
Inference: Restored training weights
Inference: Switched to EMA weights
Inference: Restored training weights
Inference: Switched to EMA weights
Inference: Restored training weights
Inference: Switched to EMA weights
Inference: Restored training weights
Inference: Switched to EMA weights
Inference: Restored training weights
Inference: Switched to EMA weights
Inference: Restored training weights
Inference: Switched to EMA weights
Inference: Restored training weights
Inference: Switched to EMA weights
Inference: Restored training weights
Inference: Switched to EMA weights
Inference: Restored training weights
Inference: Switched to EMA weights
Inference: Restored training weights
Inference: Switched to EMA weights
Inference: Restored training weights
Inference: Switched to EMA weights
Inference: Restored training weights
val: {'epoch': 99, 'time_epoch': 34.53431, 'loss': 0.3444048, 'lr': 0, 'params': 1823862, 'time_iter': 2.15839, 'mae': 0.3444, 'r2': 0.94994, 'spearmanr': 0.96726, 'mse': 0.19716, 'rmse': 0.44402}
Inference: Switched to EMA weights
Inference: Restored training weights
Inference: Switched to EMA weights
Inference: Restored training weights
Inference: Switched to EMA weights
Inference: Restored training weights
Inference: Switched to EMA weights
Inference: Restored training weights
Inference: Switched to EMA weights
Inference: Restored training weights
Inference: Switched to EMA weights
Inference: Restored training weights
Inference: Switched to EMA weights
Inference: Restored training weights
Inference: Switched to EMA weights
Inference: Restored training weights
Inference: Switched to EMA weights
Inference: Restored training weights
Inference: Switched to EMA weights
Inference: Restored training weights
Inference: Switched to EMA weights
Inference: Restored training weights
Inference: Switched to EMA weights
Inference: Restored training weights
Inference: Switched to EMA weights
Inference: Restored training weights
Inference: Switched to EMA weights
Inference: Restored training weights
Inference: Switched to EMA weights
Inference: Restored training weights
Inference: Switched to EMA weights
Inference: Restored training weights
test: {'epoch': 99, 'time_epoch': 34.64569, 'loss': 0.33093834, 'lr': 0, 'params': 1823862, 'time_iter': 2.16536, 'mae': 0.33094, 'r2': 0.95869, 'spearmanr': 0.97275, 'mse': 0.16808, 'rmse': 0.40997}
> Epoch 99: took 119.5s (avg 58.2s) | Best so far: epoch 89	train_loss: 4.5848 train_mae: 0.3562	val_loss: 0.3398 val_mae: 0.3398	test_loss: 0.3375 test_mae: 0.3375
train: {'epoch': 100, 'time_epoch': 50.37997, 'eta': 15121.22339, 'eta_hours': 4.20034, 'loss': 4.39831058, 'lr': 8.946e-05, 'params': 1823862, 'time_iter': 0.32089, 'mae': 0.34668, 'r2': 0.95174, 'spearmanr': 0.96427, 'mse': 0.19512, 'rmse': 0.44172, 'loss_node': 1.2127758947372436, 'loss_edge': 1.421632204055786, 'loss_graph': 1.4172178314208985, 'loss_task': 0.34668467869758607, 'loss_encoder': 0.0}
train: {'epoch': 101, 'time_epoch': 50.40973, 'eta': 15070.17474, 'eta_hours': 4.18616, 'loss': 4.54745896, 'lr': 8.92e-05, 'params': 1823862, 'time_iter': 0.32108, 'mae': 0.35128, 'r2': 0.9479, 'spearmanr': 0.96474, 'mse': 0.21068, 'rmse': 0.45899, 'loss_node': 1.1987733020782472, 'loss_edge': 1.4388800729751587, 'loss_graph': 1.5585223358154296, 'loss_task': 0.35128326454162595, 'loss_encoder': 0.0}
train: {'epoch': 102, 'time_epoch': 50.4284, 'eta': 15019.19232, 'eta_hours': 4.172, 'loss': 4.29674896, 'lr': 8.894e-05, 'params': 1823862, 'time_iter': 0.3212, 'mae': 0.3442, 'r2': 0.94883, 'spearmanr': 0.96686, 'mse': 0.20691, 'rmse': 0.45487, 'loss_node': 1.2067969680786133, 'loss_edge': 1.4379776779174804, 'loss_graph': 1.3077759281158448, 'loss_task': 0.34419841794967654, 'loss_encoder': 0.0}
train: {'epoch': 103, 'time_epoch': 50.41943, 'eta': 14968.19505, 'eta_hours': 4.15783, 'loss': 4.32844248, 'lr': 8.868e-05, 'params': 1823862, 'time_iter': 0.32114, 'mae': 0.34564, 'r2': 0.94804, 'spearmanr': 0.96643, 'mse': 0.21008, 'rmse': 0.45834, 'loss_node': 1.1983014081954957, 'loss_edge': 1.427277000808716, 'loss_graph': 1.3572199365615845, 'loss_task': 0.34564414510726926, 'loss_encoder': 0.0}
train: {'epoch': 104, 'time_epoch': 50.42024, 'eta': 14917.21104, 'eta_hours': 4.14367, 'loss': 4.22395013, 'lr': 8.842e-05, 'params': 1823862, 'time_iter': 0.32115, 'mae': 0.348, 'r2': 0.95197, 'spearmanr': 0.96452, 'mse': 0.19418, 'rmse': 0.44066, 'loss_node': 1.1783754426956177, 'loss_edge': 1.4143632410049438, 'loss_graph': 1.2832065273284912, 'loss_task': 0.34800489912033084, 'loss_encoder': 0.0}
train: {'epoch': 105, 'time_epoch': 50.40857, 'eta': 14866.20531, 'eta_hours': 4.1295, 'loss': 4.17186603, 'lr': 8.815e-05, 'params': 1823862, 'time_iter': 0.32107, 'mae': 0.34939, 'r2': 0.94824, 'spearmanr': 0.96534, 'mse': 0.20928, 'rmse': 0.45747, 'loss_node': 1.1008945348739625, 'loss_edge': 1.427861720275879, 'loss_graph': 1.2937191667556762, 'loss_task': 0.3493905906200409, 'loss_encoder': 0.0}
train: {'epoch': 106, 'time_epoch': 50.4206, 'eta': 14815.2437, 'eta_hours': 4.11535, 'loss': 4.16477657, 'lr': 8.789e-05, 'params': 1823862, 'time_iter': 0.32115, 'mae': 0.34564, 'r2': 0.95256, 'spearmanr': 0.96634, 'mse': 0.19182, 'rmse': 0.43798, 'loss_node': 1.060698024749756, 'loss_edge': 1.4191331939697265, 'loss_graph': 1.339309464263916, 'loss_task': 0.34563589663505556, 'loss_encoder': 0.0}
train: {'epoch': 107, 'time_epoch': 50.40946, 'eta': 14764.26198, 'eta_hours': 4.10118, 'loss': 4.09626107, 'lr': 8.761e-05, 'params': 1823862, 'time_iter': 0.32108, 'mae': 0.35329, 'r2': 0.94696, 'spearmanr': 0.96629, 'mse': 0.21445, 'rmse': 0.46309, 'loss_node': 1.0500405544281006, 'loss_edge': 1.4230009888648987, 'loss_graph': 1.2699283596038817, 'loss_task': 0.35329116802215577, 'loss_encoder': 0.0}
train: {'epoch': 108, 'time_epoch': 50.38191, 'eta': 14713.2172, 'eta_hours': 4.087, 'loss': 4.13696489, 'lr': 8.734e-05, 'params': 1823862, 'time_iter': 0.3209, 'mae': 0.35636, 'r2': 0.94737, 'spearmanr': 0.96594, 'mse': 0.21281, 'rmse': 0.46131, 'loss_node': 1.0171547887802124, 'loss_edge': 1.4099223852157592, 'loss_graph': 1.3535230779647827, 'loss_task': 0.35636463680267333, 'loss_encoder': 0.0}
train: {'epoch': 109, 'time_epoch': 50.19897, 'eta': 14661.70218, 'eta_hours': 4.0727, 'loss': 4.06541307, 'lr': 8.706e-05, 'params': 1823862, 'time_iter': 0.31974, 'mae': 0.35292, 'r2': 0.94702, 'spearmanr': 0.96591, 'mse': 0.21422, 'rmse': 0.46284, 'loss_node': 1.0090596000671386, 'loss_edge': 1.416466065454483, 'loss_graph': 1.2869682567596437, 'loss_task': 0.35291915545463565, 'loss_encoder': 0.0}
Inference: Switched to EMA weights
Inference: Restored training weights
Inference: Switched to EMA weights
Inference: Restored training weights
Inference: Switched to EMA weights
Inference: Restored training weights
Inference: Switched to EMA weights
Inference: Restored training weights
Inference: Switched to EMA weights
Inference: Restored training weights
Inference: Switched to EMA weights
Inference: Restored training weights
Inference: Switched to EMA weights
Inference: Restored training weights
Inference: Switched to EMA weights
Inference: Restored training weights
Inference: Switched to EMA weights
Inference: Restored training weights
Inference: Switched to EMA weights
Inference: Restored training weights
Inference: Switched to EMA weights
Inference: Restored training weights
Inference: Switched to EMA weights
Inference: Restored training weights
Inference: Switched to EMA weights
Inference: Restored training weights
Inference: Switched to EMA weights
Inference: Restored training weights
Inference: Switched to EMA weights
Inference: Restored training weights
Inference: Switched to EMA weights
Inference: Restored training weights
val: {'epoch': 109, 'time_epoch': 34.63259, 'loss': 0.34514715, 'lr': 0, 'params': 1823862, 'time_iter': 2.16454, 'mae': 0.34515, 'r2': 0.95244, 'spearmanr': 0.96505, 'mse': 0.18734, 'rmse': 0.43282}
Inference: Switched to EMA weights
Inference: Restored training weights
Inference: Switched to EMA weights
Inference: Restored training weights
Inference: Switched to EMA weights
Inference: Restored training weights
Inference: Switched to EMA weights
Inference: Restored training weights
Inference: Switched to EMA weights
Inference: Restored training weights
Inference: Switched to EMA weights
Inference: Restored training weights
Inference: Switched to EMA weights
Inference: Restored training weights
Inference: Switched to EMA weights
Inference: Restored training weights
Inference: Switched to EMA weights
Inference: Restored training weights
Inference: Switched to EMA weights
Inference: Restored training weights
Inference: Switched to EMA weights
Inference: Restored training weights
Inference: Switched to EMA weights
Inference: Restored training weights
Inference: Switched to EMA weights
Inference: Restored training weights
Inference: Switched to EMA weights
Inference: Restored training weights
Inference: Switched to EMA weights
Inference: Restored training weights
Inference: Switched to EMA weights
Inference: Restored training weights
test: {'epoch': 109, 'time_epoch': 34.74254, 'loss': 0.34074716, 'lr': 0, 'params': 1823862, 'time_iter': 2.17141, 'mae': 0.34075, 'r2': 0.95524, 'spearmanr': 0.97058, 'mse': 0.18211, 'rmse': 0.42674}
> Epoch 109: took 119.6s (avg 58.2s) | Best so far: epoch 89	train_loss: 4.5848 train_mae: 0.3562	val_loss: 0.3398 val_mae: 0.3398	test_loss: 0.3375 test_mae: 0.3375
train: {'epoch': 110, 'time_epoch': 50.40649, 'eta': 14610.75117, 'eta_hours': 4.05854, 'loss': 4.09023741, 'lr': 8.679e-05, 'params': 1823862, 'time_iter': 0.32106, 'mae': 0.35168, 'r2': 0.95048, 'spearmanr': 0.96577, 'mse': 0.20021, 'rmse': 0.44745, 'loss_node': 0.987405233001709, 'loss_edge': 1.400550634098053, 'loss_graph': 1.3505989446640014, 'loss_task': 0.3516826018333435, 'loss_encoder': 0.0}
train: {'epoch': 111, 'time_epoch': 50.38874, 'eta': 14559.76423, 'eta_hours': 4.04438, 'loss': 3.99392632, 'lr': 8.65e-05, 'params': 1823862, 'time_iter': 0.32095, 'mae': 0.35186, 'r2': 0.94904, 'spearmanr': 0.96692, 'mse': 0.20606, 'rmse': 0.45393, 'loss_node': 0.9838422992706298, 'loss_edge': 1.4027441184043885, 'loss_graph': 1.2554765724182129, 'loss_task': 0.3518633378982544, 'loss_encoder': 0.0}
train: {'epoch': 112, 'time_epoch': 50.387, 'eta': 14508.78346, 'eta_hours': 4.03022, 'loss': 4.04441673, 'lr': 8.622e-05, 'params': 1823862, 'time_iter': 0.32094, 'mae': 0.35607, 'r2': 0.93985, 'spearmanr': 0.96647, 'mse': 0.24323, 'rmse': 0.49318, 'loss_node': 0.9734392150878907, 'loss_edge': 1.4010873843193055, 'loss_graph': 1.3138232414245605, 'loss_task': 0.3560668918132782, 'loss_encoder': 0.0}
train: {'epoch': 113, 'time_epoch': 50.39468, 'eta': 14457.83239, 'eta_hours': 4.01606, 'loss': 3.96813371, 'lr': 8.594e-05, 'params': 1823862, 'time_iter': 0.32099, 'mae': 0.35032, 'r2': 0.95162, 'spearmanr': 0.96638, 'mse': 0.19561, 'rmse': 0.44228, 'loss_node': 0.9491539344787597, 'loss_edge': 1.3737838671684266, 'loss_graph': 1.2948805141448974, 'loss_task': 0.3503153915405273, 'loss_encoder': 0.0}
train: {'epoch': 114, 'time_epoch': 50.39122, 'eta': 14406.88242, 'eta_hours': 4.00191, 'loss': 3.98232422, 'lr': 8.565e-05, 'params': 1823862, 'time_iter': 0.32096, 'mae': 0.35513, 'r2': 0.93991, 'spearmanr': 0.96581, 'mse': 0.24297, 'rmse': 0.49292, 'loss_node': 0.936873460483551, 'loss_edge': 1.389093552303314, 'loss_graph': 1.3012259019851684, 'loss_task': 0.355131293964386, 'loss_encoder': 0.0}
train: {'epoch': 115, 'time_epoch': 50.401, 'eta': 14355.96602, 'eta_hours': 3.98777, 'loss': 3.9814678, 'lr': 8.536e-05, 'params': 1823862, 'time_iter': 0.32103, 'mae': 0.35144, 'r2': 0.94598, 'spearmanr': 0.96608, 'mse': 0.21844, 'rmse': 0.46738, 'loss_node': 0.9319988225936889, 'loss_edge': 1.3757929166793823, 'loss_graph': 1.3222388765335082, 'loss_task': 0.3514371886253357, 'loss_encoder': 0.0}
train: {'epoch': 116, 'time_epoch': 50.41735, 'eta': 14305.09798, 'eta_hours': 3.97364, 'loss': 3.94689893, 'lr': 8.506e-05, 'params': 1823862, 'time_iter': 0.32113, 'mae': 0.35516, 'r2': 0.94678, 'spearmanr': 0.96679, 'mse': 0.2152, 'rmse': 0.4639, 'loss_node': 0.9315449602127075, 'loss_edge': 1.3809583892822266, 'loss_graph': 1.2792313022613526, 'loss_task': 0.3551642774105072, 'loss_encoder': 0.0}
train: {'epoch': 117, 'time_epoch': 50.39374, 'eta': 14254.18116, 'eta_hours': 3.95949, 'loss': 4.00376166, 'lr': 8.477e-05, 'params': 1823862, 'time_iter': 0.32098, 'mae': 0.34768, 'r2': 0.95234, 'spearmanr': 0.9668, 'mse': 0.1927, 'rmse': 0.43898, 'loss_node': 0.9149164638519287, 'loss_edge': 1.39226881275177, 'loss_graph': 1.3488934511184691, 'loss_task': 0.34768292741775514, 'loss_encoder': 0.0}
train: {'epoch': 118, 'time_epoch': 50.42054, 'eta': 14203.33642, 'eta_hours': 3.94537, 'loss': 3.90012878, 'lr': 8.447e-05, 'params': 1823862, 'time_iter': 0.32115, 'mae': 0.35616, 'r2': 0.94578, 'spearmanr': 0.96608, 'mse': 0.21924, 'rmse': 0.46823, 'loss_node': 0.9041872712135315, 'loss_edge': 1.3785866857528686, 'loss_graph': 1.2611954043388367, 'loss_task': 0.3561594131946564, 'loss_encoder': 0.0}
train: {'epoch': 119, 'time_epoch': 50.41689, 'eta': 14152.49022, 'eta_hours': 3.93125, 'loss': 3.93882129, 'lr': 8.417e-05, 'params': 1823862, 'time_iter': 0.32113, 'mae': 0.35289, 'r2': 0.94983, 'spearmanr': 0.96662, 'mse': 0.20286, 'rmse': 0.4504, 'loss_node': 0.8868337588310242, 'loss_edge': 1.3775835090637207, 'loss_graph': 1.3215142665863038, 'loss_task': 0.3528897850990295, 'loss_encoder': 0.0}
Inference: Switched to EMA weights
Inference: Restored training weights
Inference: Switched to EMA weights
Inference: Restored training weights
Inference: Switched to EMA weights
Inference: Restored training weights
Inference: Switched to EMA weights
Inference: Restored training weights
Inference: Switched to EMA weights
Inference: Restored training weights
Inference: Switched to EMA weights
Inference: Restored training weights
Inference: Switched to EMA weights
Inference: Restored training weights
Inference: Switched to EMA weights
Inference: Restored training weights
Inference: Switched to EMA weights
Inference: Restored training weights
Inference: Switched to EMA weights
Inference: Restored training weights
Inference: Switched to EMA weights
Inference: Restored training weights
Inference: Switched to EMA weights
Inference: Restored training weights
Inference: Switched to EMA weights
Inference: Restored training weights
Inference: Switched to EMA weights
Inference: Restored training weights
Inference: Switched to EMA weights
Inference: Restored training weights
Inference: Switched to EMA weights
Inference: Restored training weights
val: {'epoch': 119, 'time_epoch': 34.65972, 'loss': 0.33838115, 'lr': 0, 'params': 1823862, 'time_iter': 2.16623, 'mae': 0.33838, 'r2': 0.95378, 'spearmanr': 0.96652, 'mse': 0.18207, 'rmse': 0.42669}
Inference: Switched to EMA weights
Inference: Restored training weights
Inference: Switched to EMA weights
Inference: Restored training weights
Inference: Switched to EMA weights
Inference: Restored training weights
Inference: Switched to EMA weights
Inference: Restored training weights
Inference: Switched to EMA weights
Inference: Restored training weights
Inference: Switched to EMA weights
Inference: Restored training weights
Inference: Switched to EMA weights
Inference: Restored training weights
Inference: Switched to EMA weights
Inference: Restored training weights
Inference: Switched to EMA weights
Inference: Restored training weights
Inference: Switched to EMA weights
Inference: Restored training weights
Inference: Switched to EMA weights
Inference: Restored training weights
Inference: Switched to EMA weights
Inference: Restored training weights
Inference: Switched to EMA weights
Inference: Restored training weights
Inference: Switched to EMA weights
Inference: Restored training weights
Inference: Switched to EMA weights
Inference: Restored training weights
Inference: Switched to EMA weights
Inference: Restored training weights
test: {'epoch': 119, 'time_epoch': 34.70988, 'loss': 0.34312035, 'lr': 0, 'params': 1823862, 'time_iter': 2.16937, 'mae': 0.34312, 'r2': 0.9561, 'spearmanr': 0.9712, 'mse': 0.17861, 'rmse': 0.42262}
> Epoch 119: took 119.8s (avg 58.1s) | Best so far: epoch 119	train_loss: 3.9388 train_mae: 0.3529	val_loss: 0.3384 val_mae: 0.3384	test_loss: 0.3431 test_mae: 0.3431
train: {'epoch': 120, 'time_epoch': 50.39258, 'eta': 14101.59508, 'eta_hours': 3.91711, 'loss': 3.8765884, 'lr': 8.386e-05, 'params': 1823862, 'time_iter': 0.32097, 'mae': 0.35551, 'r2': 0.94742, 'spearmanr': 0.96565, 'mse': 0.21262, 'rmse': 0.4611, 'loss_node': 0.8869163749694824, 'loss_edge': 1.3678424978256225, 'loss_graph': 1.2663244492530823, 'loss_task': 0.35550507307052615, 'loss_encoder': 0.0}
train: {'epoch': 121, 'time_epoch': 50.30031, 'eta': 14050.49791, 'eta_hours': 3.90292, 'loss': 3.89566776, 'lr': 8.356e-05, 'params': 1823862, 'time_iter': 0.32038, 'mae': 0.35281, 'r2': 0.94777, 'spearmanr': 0.96676, 'mse': 0.2112, 'rmse': 0.45957, 'loss_node': 0.8764120309829712, 'loss_edge': 1.3669493901252747, 'loss_graph': 1.2994942317962646, 'loss_task': 0.3528121246337891, 'loss_encoder': 0.0}
train: {'epoch': 122, 'time_epoch': 50.28785, 'eta': 13999.38563, 'eta_hours': 3.88872, 'loss': 3.92590299, 'lr': 8.325e-05, 'params': 1823862, 'time_iter': 0.3203, 'mae': 0.36357, 'r2': 0.94395, 'spearmanr': 0.96786, 'mse': 0.22663, 'rmse': 0.47606, 'loss_node': 0.8709288799285889, 'loss_edge': 1.3583663124084473, 'loss_graph': 1.3330351778030396, 'loss_task': 0.3635726207733154, 'loss_encoder': 0.0}
