[wisteria] ROOT=/work/gp15/q25030
[wisteria] CODE=/work/gp15/q25030/LatentGraphDiffusion
[wisteria] DATA=/work/gp15/q25030/LatentGraphDiffusion/data
[wisteria] RUNS=/work/gp15/q25030/LatentGraphDiffusion/runs
[wisteria] RESULTS=/work/gp15/q25030/LatentGraphDiffusion/runs (unified with RUNS)
=== LGD Wisteria Job ===
Dataset     : zinc
Mode        : flow
Config      : cfg/zinc-flow_gcfm.yaml
Checkpoint  : runs/zinc_encoder_20250930_004610/my_zinc-encoder_baseline/0/ckpt/399.ckpt
Repeat      : 1
Max Epoch   : 200
Experiment  : zinc_flow_20251103_175518
Out Dir     : /work/gp15/q25030/LatentGraphDiffusion/runs/zinc_flow_20251103_175518
W&B Name    : zinc_flow_zinc_flow_20251103_175518
Start time  : Mon Nov  3 17:55:18 JST 2025
[wandb] entity='shokuno-the-university-of-tokyo', mode='online'
Env check:
PyTorch: 2.0.1
CUDA available: True
CUDA device count: 8
PyG: 2.3.1
Using encoder checkpoint: runs/zinc_encoder_20250930_004610/my_zinc-encoder_baseline/0/ckpt/399.ckpt
Starting ZINC flow matching training...
Config: cfg/zinc-flow_gcfm.yaml
Max Epoch: 200
Out dir: /workspace/runs/zinc_flow_20251103_175518
/opt/conda/lib/python3.10/site-packages/lightning_fabric/__init__.py:40: pkg_resources is deprecated as an API. See https://setuptools.pypa.io/en/latest/pkg_resources.html. The pkg_resources package is slated for removal as early as 2025-11-30. Refrain from using this package or pin to Setuptools<81.
Warning: Could not import san2_layer: cannot import name 'negate_edge_index' from 'lgd.utils' (/workspace/lgd/utils/__init__.py)
Warning: Could not import grit_layer: No module named 'opt_einsum'
Warning: Could not import san_layer: cannot import name 'negate_edge_index' from 'lgd.utils' (/workspace/lgd/utils/__init__.py)
./datasets/ZINC
[*] Loaded dataset 'subset' from 'PyG-ZINC':
/opt/conda/lib/python3.10/site-packages/torch_geometric/data/in_memory_dataset.py:157: UserWarning: It is not recommended to directly access the internal storage format `data` of an 'InMemoryDataset'. If you are absolutely certain what you are doing, access the internal storage via `InMemoryDataset._data` instead to suppress this warning. Alternatively, you can access stacked individual attributes of every graph via `dataset.{attr_name}`.
  warnings.warn(msg)
  Data(x=[277864, 1], edge_index=[2, 597970], edge_attr=[597970], y=[12000])
  undirected: True
  num graphs: 12000
/opt/conda/lib/python3.10/site-packages/torch_geometric/data/in_memory_dataset.py:157: UserWarning: It is not recommended to directly access the internal storage format `data` of an 'InMemoryDataset'. The data of the dataset is already cached, so any modifications to `data` will not be reflected when accessing its elements. Clearing the cache now by removing all elements in `dataset._data_list`. If you are absolutely certain what you are doing, access the internal storage via `InMemoryDataset._data` instead to suppress this warning. Alternatively, you can access stacked individual attributes of every graph via `dataset.{attr_name}`.
  warnings.warn(msg)
  avg num_nodes/graph: 23
  num node features: 1
  num edge features: 1
  num classes: (appears to be a regression task)
Precomputing Positional Encoding statistics: ['RRWP'] for all graphs...
  ...estimated to be undirected: True
  0%|          | 0/12000 [00:00<?, ?it/s]100%|██████████| 12000/12000 [00:07<00:00, 1535.38it/s]
Done! Took 00:00:08.50
Adding virtual node and edges
  0%|          | 0/12000 [00:00<?, ?it/s]100%|██████████| 12000/12000 [00:07<00:00, 1705.32it/s]
Preprocessing PE
  0%|          | 0/12000 [00:00<?, ?it/s]100%|██████████| 12000/12000 [00:03<00:00, 3634.00it/s]
[*] Run ID 0: seed=0, split_index=0
    Starting now: 2025-11-03 17:56:08.263787
/opt/conda/lib/python3.10/site-packages/torch/nn/init.py:405: UserWarning: Initializing zero-element tensors is a no-op
  warnings.warn("Initializing zero-element tensors is a no-op")
Restored encoder from runs/zinc_encoder_20250930_004610/my_zinc-encoder_baseline/0/ckpt/399.ckpt
Missing Keys: 0, Unexpected Keys: 0
Using first stage also as cond stage.
VelocityWrapper has 0.93 M params.
Keeping EMAs of 434.
LatentFlow(
  (first_stage_model): GraphTransformerEncoder(
    (act): ReLU()
    (node_emb): TypeDictNodeEncoder(
      (encoder): Embedding(27, 36, padding_idx=0)
    )
    (edge_emb): TypeDictEdgeEncoder(
      (encoder): Embedding(14, 36, padding_idx=0)
    )
    (prefix_emb): Embedding(1, 64, padding_idx=0)
    (label_embed_regression): Sequential(
      (0): Linear(in_features=1, out_features=128, bias=True)
      (1): ReLU()
      (2): Linear(in_features=128, out_features=64, bias=True)
      (3): Identity()
      (4): ReLU()
    )
    (label_embed_classification): Embedding(3, 64)
    (posenc_emb): Sequential(
      (0): Identity()
      (1): Linear(in_features=20, out_features=28, bias=True)
    )
    (posenc_emb_edge): Sequential(
      (0): Identity()
      (1): Linear(in_features=20, out_features=28, bias=True)
    )
    (node_in_mlp): Sequential(
      (0): Linear(in_features=64, out_features=128, bias=True)
      (1): ReLU()
      (2): Linear(in_features=128, out_features=64, bias=True)
    )
    (edge_in_mlp): Sequential(
      (0): Linear(in_features=64, out_features=128, bias=True)
      (1): ReLU()
      (2): Linear(in_features=128, out_features=64, bias=True)
    )
    (batch_norm_in_h): BatchNorm1d(64, eps=1e-05, momentum=0.1, affine=True, track_running_stats=True)
    (batch_norm_in_e): BatchNorm1d(64, eps=1e-05, momentum=0.1, affine=True, track_running_stats=True)
    (GTE_layers): ModuleList(
      (0-9): 10 x GraphTransformerEncoderLayer(in_channels=64, out_channels=64, heads=4, residual=True)
      [GraphTransformerEncoderLayer(
        (act): ReLU()
        (attention): GTE_Attention(
          (dropout): Dropout(p=0.5, inplace=False)
          (Q): Linear(in_features=64, out_features=64, bias=True)
          (K): Linear(in_features=64, out_features=64, bias=False)
          (E): Linear(in_features=64, out_features=128, bias=True)
          (V): Linear(in_features=64, out_features=64, bias=False)
          (act): ReLU()
        )
        (mpnn): GINE(
          (dropout): Dropout(p=0.0, inplace=False)
          (act): ReLU()
          (lin_edge): Linear(in_features=64, out_features=64, bias=True)
          (mlp): Sequential(
            (0): Linear(in_features=64, out_features=128, bias=True)
            (1): ReLU()
            (2): Linear(in_features=128, out_features=64, bias=True)
          )
        )
        (temb_proj_h): Linear(in_features=0, out_features=64, bias=True)
        (temb_proj_e): Linear(in_features=0, out_features=64, bias=True)
        (O_h): Linear(in_features=64, out_features=64, bias=True)
        (O_e): Linear(in_features=64, out_features=64, bias=True)
        (batch_norm1_h): BatchNorm1d(64, eps=1e-05, momentum=0.1, affine=True, track_running_stats=True)
        (batch_norm1_e): BatchNorm1d(64, eps=1e-05, momentum=0.1, affine=True, track_running_stats=True)
        (FFN_h_layer1): Linear(in_features=64, out_features=128, bias=True)
        (FFN_h_layer2): Linear(in_features=128, out_features=64, bias=True)
        (FFN_e_layer1): Linear(in_features=64, out_features=128, bias=True)
        (FFN_e_layer2): Linear(in_features=128, out_features=64, bias=True)
        (batch_norm2_h): BatchNorm1d(64, eps=1e-05, momentum=0.1, affine=True, track_running_stats=True)
        (batch_norm2_e): BatchNorm1d(64, eps=1e-05, momentum=0.1, affine=True, track_running_stats=True)
      )]
    )
    (final_layer_node): Sequential(
      (0): Linear(in_features=64, out_features=8, bias=True)
      (1): ReLU()
      (2): Linear(in_features=8, out_features=4, bias=True)
    )
    (final_layer_edge): Sequential(
      (0): Linear(in_features=64, out_features=8, bias=True)
      (1): ReLU()
      (2): Linear(in_features=8, out_features=4, bias=True)
    )
    (graph_out_mlp): Sequential(
      (0): Linear(in_features=4, out_features=8, bias=True)
      (1): ReLU()
      (2): Linear(in_features=8, out_features=4, bias=True)
    )
    (graph_out_mlp_2): Sequential(
      (0): Linear(in_features=4, out_features=8, bias=True)
      (1): ReLU()
      (2): Linear(in_features=8, out_features=4, bias=True)
    )
    (decode_node): Linear(in_features=4, out_features=31, bias=True)
    (decode_edge): Linear(in_features=4, out_features=14, bias=True)
    (decode_graph): Linear(in_features=4, out_features=1, bias=True)
  )
  (cond_stage_model): GraphTransformerEncoder(
    (act): ReLU()
    (node_emb): TypeDictNodeEncoder(
      (encoder): Embedding(27, 36, padding_idx=0)
    )
    (edge_emb): TypeDictEdgeEncoder(
      (encoder): Embedding(14, 36, padding_idx=0)
    )
    (prefix_emb): Embedding(1, 64, padding_idx=0)
    (label_embed_regression): Sequential(
      (0): Linear(in_features=1, out_features=128, bias=True)
      (1): ReLU()
      (2): Linear(in_features=128, out_features=64, bias=True)
      (3): Identity()
      (4): ReLU()
    )
    (label_embed_classification): Embedding(3, 64)
    (posenc_emb): Sequential(
      (0): Identity()
      (1): Linear(in_features=20, out_features=28, bias=True)
    )
    (posenc_emb_edge): Sequential(
      (0): Identity()
      (1): Linear(in_features=20, out_features=28, bias=True)
    )
    (node_in_mlp): Sequential(
      (0): Linear(in_features=64, out_features=128, bias=True)
      (1): ReLU()
      (2): Linear(in_features=128, out_features=64, bias=True)
    )
    (edge_in_mlp): Sequential(
      (0): Linear(in_features=64, out_features=128, bias=True)
      (1): ReLU()
      (2): Linear(in_features=128, out_features=64, bias=True)
    )
    (batch_norm_in_h): BatchNorm1d(64, eps=1e-05, momentum=0.1, affine=True, track_running_stats=True)
    (batch_norm_in_e): BatchNorm1d(64, eps=1e-05, momentum=0.1, affine=True, track_running_stats=True)
    (GTE_layers): ModuleList(
      (0-9): 10 x GraphTransformerEncoderLayer(in_channels=64, out_channels=64, heads=4, residual=True)
      [GraphTransformerEncoderLayer(
        (act): ReLU()
        (attention): GTE_Attention(
          (dropout): Dropout(p=0.5, inplace=False)
          (Q): Linear(in_features=64, out_features=64, bias=True)
          (K): Linear(in_features=64, out_features=64, bias=False)
          (E): Linear(in_features=64, out_features=128, bias=True)
          (V): Linear(in_features=64, out_features=64, bias=False)
          (act): ReLU()
        )
        (mpnn): GINE(
          (dropout): Dropout(p=0.0, inplace=False)
          (act): ReLU()
          (lin_edge): Linear(in_features=64, out_features=64, bias=True)
          (mlp): Sequential(
            (0): Linear(in_features=64, out_features=128, bias=True)
            (1): ReLU()
            (2): Linear(in_features=128, out_features=64, bias=True)
          )
        )
        (temb_proj_h): Linear(in_features=0, out_features=64, bias=True)
        (temb_proj_e): Linear(in_features=0, out_features=64, bias=True)
        (O_h): Linear(in_features=64, out_features=64, bias=True)
        (O_e): Linear(in_features=64, out_features=64, bias=True)
        (batch_norm1_h): BatchNorm1d(64, eps=1e-05, momentum=0.1, affine=True, track_running_stats=True)
        (batch_norm1_e): BatchNorm1d(64, eps=1e-05, momentum=0.1, affine=True, track_running_stats=True)
        (FFN_h_layer1): Linear(in_features=64, out_features=128, bias=True)
        (FFN_h_layer2): Linear(in_features=128, out_features=64, bias=True)
        (FFN_e_layer1): Linear(in_features=64, out_features=128, bias=True)
        (FFN_e_layer2): Linear(in_features=128, out_features=64, bias=True)
        (batch_norm2_h): BatchNorm1d(64, eps=1e-05, momentum=0.1, affine=True, track_running_stats=True)
        (batch_norm2_e): BatchNorm1d(64, eps=1e-05, momentum=0.1, affine=True, track_running_stats=True)
      )]
    )
    (final_layer_node): Sequential(
      (0): Linear(in_features=64, out_features=8, bias=True)
      (1): ReLU()
      (2): Linear(in_features=8, out_features=4, bias=True)
    )
    (final_layer_edge): Sequential(
      (0): Linear(in_features=64, out_features=8, bias=True)
      (1): ReLU()
      (2): Linear(in_features=8, out_features=4, bias=True)
    )
    (graph_out_mlp): Sequential(
      (0): Linear(in_features=4, out_features=8, bias=True)
      (1): ReLU()
      (2): Linear(in_features=8, out_features=4, bias=True)
    )
    (graph_out_mlp_2): Sequential(
      (0): Linear(in_features=4, out_features=8, bias=True)
      (1): ReLU()
      (2): Linear(in_features=8, out_features=4, bias=True)
    )
    (decode_node): Linear(in_features=4, out_features=31, bias=True)
    (decode_edge): Linear(in_features=4, out_features=14, bias=True)
    (decode_graph): Linear(in_features=4, out_features=1, bias=True)
  )
  (model): VelocityWrapper(
    (denoiser): DenoisingTransformer(
      (act): ReLU()
      (node_in_mlp): Sequential(
        (0): Linear(in_features=4, out_features=128, bias=True)
        (1): ReLU()
        (2): Linear(in_features=128, out_features=64, bias=True)
      )
      (edge_in_mlp): Sequential(
        (0): Linear(in_features=4, out_features=128, bias=True)
        (1): ReLU()
        (2): Linear(in_features=128, out_features=64, bias=True)
      )
      (cond_in_mlp): Sequential(
        (0): Linear(in_features=4, out_features=128, bias=True)
        (1): ReLU()
        (2): Linear(in_features=128, out_features=64, bias=True)
        (3): LayerNorm((64,), eps=1e-05, elementwise_affine=True)
        (4): ReLU()
      )
      (cond_in_mlp_2): Sequential(
        (0): Linear(in_features=4, out_features=128, bias=True)
        (1): ReLU()
        (2): Linear(in_features=128, out_features=64, bias=True)
        (3): LayerNorm((64,), eps=1e-05, elementwise_affine=True)
        (4): ReLU()
      )
      (cond_in_mlp_3): Sequential(
        (0): Linear(in_features=4, out_features=128, bias=True)
        (1): ReLU()
        (2): Linear(in_features=128, out_features=64, bias=True)
        (3): LayerNorm((64,), eps=1e-05, elementwise_affine=True)
        (4): ReLU()
      )
      (cond_res_mlp): Sequential(
        (0): Linear(in_features=4, out_features=8, bias=True)
        (1): ReLU()
        (2): Linear(in_features=8, out_features=4, bias=True)
        (3): LayerNorm((4,), eps=1e-05, elementwise_affine=True)
        (4): ReLU()
      )
      (layer_norm_in_h): LayerNorm((64,), eps=1e-05, elementwise_affine=True)
      (layer_norm_in_e): LayerNorm((64,), eps=1e-05, elementwise_affine=True)
      (temb_layer): Sequential(
        (0): Linear(in_features=64, out_features=128, bias=True)
        (1): ReLU()
        (2): Linear(in_features=128, out_features=64, bias=True)
      )
      (denoising_layers): ModuleList(
        (0-3): 4 x DenoisingTransformerLayer(in_channels=64, out_channels=64, heads=8, residual=True)
        [DenoisingTransformerLayer(
          (act): ReLU()
          (cross_attention): Cross_Attention(
            (dropout): Dropout(p=0.25, inplace=False)
            (Q): Linear(in_features=64, out_features=64, bias=True)
            (K): Linear(in_features=64, out_features=64, bias=False)
            (E1): Linear(in_features=64, out_features=64, bias=True)
            (E2): Linear(in_features=64, out_features=64, bias=True)
            (V): Linear(in_features=64, out_features=64, bias=False)
            (H): Linear(in_features=64, out_features=64, bias=True)
            (G1): Linear(in_features=64, out_features=64, bias=True)
            (G2): Linear(in_features=64, out_features=64, bias=True)
            (act): ReLU()
          )
          (attention): GTE_Attention(
            (dropout): Dropout(p=0.25, inplace=False)
            (Q): Linear(in_features=64, out_features=64, bias=True)
            (K): Linear(in_features=64, out_features=64, bias=False)
            (E): Linear(in_features=64, out_features=128, bias=True)
            (V): Linear(in_features=64, out_features=64, bias=False)
            (act): ReLU()
          )
          (temb_proj_h): Linear(in_features=64, out_features=64, bias=True)
          (temb_proj_e): Linear(in_features=64, out_features=64, bias=True)
          (O_h): Linear(in_features=64, out_features=64, bias=True)
          (O_e): Linear(in_features=64, out_features=64, bias=True)
          (O_h2): Linear(in_features=64, out_features=64, bias=True)
          (O_e2): Linear(in_features=64, out_features=64, bias=True)
          (FFN_h_layer1): Linear(in_features=64, out_features=128, bias=True)
          (FFN_h_layer2): Linear(in_features=128, out_features=64, bias=True)
          (FFN_h_layer3): Linear(in_features=64, out_features=128, bias=True)
          (FFN_h_layer4): Linear(in_features=128, out_features=64, bias=True)
          (FFN_e_layer1): Linear(in_features=64, out_features=128, bias=True)
          (FFN_e_layer2): Linear(in_features=128, out_features=64, bias=True)
          (FFN_e_layer3): Linear(in_features=64, out_features=128, bias=True)
          (FFN_e_layer4): Linear(in_features=128, out_features=64, bias=True)
          (layer_norm1_h): LayerNorm((64,), eps=1e-05, elementwise_affine=True)
          (layer_norm1_e): LayerNorm((64,), eps=1e-05, elementwise_affine=True)
          (layer_norm2_h): LayerNorm((64,), eps=1e-05, elementwise_affine=True)
          (layer_norm2_e): LayerNorm((64,), eps=1e-05, elementwise_affine=True)
          (layer_norm3_h): LayerNorm((64,), eps=1e-05, elementwise_affine=True)
          (layer_norm3_e): LayerNorm((64,), eps=1e-05, elementwise_affine=True)
          (layer_norm4_h): LayerNorm((64,), eps=1e-05, elementwise_affine=True)
          (layer_norm4_e): LayerNorm((64,), eps=1e-05, elementwise_affine=True)
        )]
      )
      (self_attn_layers): ModuleList(
        (0-3): 4 x GraphTransformerEncoderLayer(in_channels=64, out_channels=64, heads=8, residual=True)
        [GraphTransformerEncoderLayer(
          (act): ReLU()
          (attention): GTE_Attention(
            (dropout): Dropout(p=0.25, inplace=False)
            (Q): Linear(in_features=64, out_features=64, bias=True)
            (K): Linear(in_features=64, out_features=64, bias=False)
            (E): Linear(in_features=64, out_features=128, bias=True)
            (V): Linear(in_features=64, out_features=64, bias=False)
            (act): ReLU()
          )
          (temb_proj_h): Linear(in_features=64, out_features=64, bias=True)
          (temb_proj_e): Linear(in_features=64, out_features=64, bias=True)
          (O_h): Linear(in_features=64, out_features=64, bias=True)
          (O_e): Linear(in_features=64, out_features=64, bias=True)
          (layer_norm1_h): LayerNorm((64,), eps=1e-05, elementwise_affine=True)
          (layer_norm1_e): LayerNorm((64,), eps=1e-05, elementwise_affine=True)
          (FFN_h_layer1): Linear(in_features=64, out_features=128, bias=True)
          (FFN_h_layer2): Linear(in_features=128, out_features=64, bias=True)
          (FFN_e_layer1): Linear(in_features=64, out_features=128, bias=True)
          (FFN_e_layer2): Linear(in_features=128, out_features=64, bias=True)
          (layer_norm2_h): LayerNorm((64,), eps=1e-05, elementwise_affine=True)
          (layer_norm2_e): LayerNorm((64,), eps=1e-05, elementwise_affine=True)
        )]
      )
      (final_layer_node): Sequential(
        (0): Linear(in_features=64, out_features=8, bias=True)
        (1): ReLU()
        (2): Linear(in_features=8, out_features=4, bias=True)
      )
      (final_layer_edge): Sequential(
        (0): Linear(in_features=64, out_features=8, bias=True)
        (1): ReLU()
        (2): Linear(in_features=8, out_features=4, bias=True)
      )
      (graph_out_mlp): Sequential(
        (0): Linear(in_features=4, out_features=8, bias=True)
        (1): ReLU()
        (2): Linear(in_features=8, out_features=4, bias=True)
      )
      (graph_out_mlp_2): Sequential(
        (0): Linear(in_features=4, out_features=8, bias=True)
        (1): ReLU()
        (2): Linear(in_features=8, out_features=4, bias=True)
      )
    )
  )
  (model_ema): LitEma()
)
accelerator: cuda:0
benchmark: False
bn:
  eps: 1e-05
  mom: 0.1
cfg_dest: config.yaml
cond:
  attn:
    O_e: True
    act: relu
    attn_dropout: 0.0
    batch_norm: True
    bn_momentum: 0.1
    bn_no_runner: False
    clamp: 5.0
    deg_scaler: False
    edge_enhance: True
    full_attn: True
    layer_norm: False
    norm_e: True
    sparse: False
    use: True
    use_bias: False
  batch_norm: True
  bn_momentum: 0.1
  bn_no_runner: False
  edge_encoder_name: TypeDictEdge
  layer_norm: False
  node_encoder_name: TypeDictNode
custom_metrics: []
dataset:
  add_virtual_node_edge: True
  cache_load: False
  cache_save: False
  dir: ./datasets
  edge_dim: 128
  edge_encoder: True
  edge_encoder_bn: False
  edge_encoder_name: TypeDictEdge
  edge_encoder_num_types: 4
  edge_message_ratio: 0.8
  edge_negative_sampling_ratio: 1.0
  edge_train_mode: all
  encoder: True
  encoder_bn: True
  encoder_dim: 128
  encoder_name: db
  format: PyG-ZINC
  label_column: none
  label_table: none
  location: local
  name: subset
  node_encoder: True
  node_encoder_bn: False
  node_encoder_name: TypeDictNode
  node_encoder_num_types: 21
  num_hop: 0
  num_tasks: 1
  remove_feature: False
  resample_disjoint: False
  resample_negative: False
  shuffle_split: True
  slic_compactness: 10
  split: [0.8, 0.1, 0.1]
  split_dir: ./splits
  split_index: 0
  split_mode: standard
  subgraph: False
  task: graph
  task_type: regression
  to_undirected: False
  transductive: False
  transform: none
  tu_simple: True
devices: 1
diffusion:
  cond_stage_config: __is_first_stage__
  cond_stage_key: masked_graph
  conditioning_key: crossattn
  edge_factor: 1.0
  first_stage_config: runs/zinc_encoder_20250930_004610/my_zinc-encoder_baseline/0/ckpt/399.ckpt
  graph_factor: 1.0
  hid_dim: 4
  node_factor: 1.0
  task_factor: 1.0
dt:
  O_e: True
  act: relu
  attn:
    O_e: True
    act: relu
    attn_dropout: 0.0
    attn_product: mul
    attn_reweight: False
    batch_norm: True
    bn_momentum: 0.1
    bn_no_runner: False
    clamp: 5.0
    deg_scaler: False
    edge_enhance: True
    edge_reweight: False
    full_attn: True
    fwl: False
    layer_norm: False
    norm_e: True
    score_act: True
    signed_sqrt: True
    sparse: False
    use: True
    use_bias: False
  attn_dropout: 0.25
  batch_norm: False
  bn_momentum: 0.1
  bn_no_runner: False
  cond_dim: 4
  condition_list: ['masked_graph']
  dropout: 0.05
  ff_e: False
  ff_e_ca: True
  ff_e_sa: False
  hid_dim: 64
  in_dim: 4
  layer_norm: True
  norm_e: True
  num_heads: 8
  num_layers: 4
  out_dim: 4
  pool: add
  pool_edge: True
  pool_vn: False
  post_pool: True
  residual: True
  self_attn: True
  temb_dim: 64
  use_time: True
encoder:
  O_e: True
  act: relu
  attn:
    O_e: True
    act: relu
    attn_dropout: 0.0
    attn_product: mul
    attn_reweight: True
    batch_norm: True
    bn_momentum: 0.1
    bn_no_runner: False
    clamp: 5.0
    deg_scaler: False
    edge_enhance: True
    edge_reweight: True
    full_attn: True
    fwl: False
    layer_norm: False
    norm_e: True
    score_act: True
    signed_sqrt: True
    sparse: False
    use: True
    use_bias: False
  attn_dropout: 0.5
  batch_norm: True
  bn_momentum: 0.1
  bn_no_runner: False
  dropout: 0.0
  edge_encoder: True
  edge_encoder_bn: False
  edge_encoder_name: TypeDictEdge
  edge_encoder_num_types: 4
  ff_e: False
  hid_dim: 64
  in_dim: 36
  label_embed_type: add_virtual
  layer_norm: False
  mpnn:
    act: relu
    dropout: 0.0
    edge_enhance: True
    enable: True
    project_edge: True
  node_encoder: True
  node_encoder_bn: False
  node_encoder_name: TypeDictNode
  node_encoder_num_types: 21
  norm_e: True
  num_heads: 4
  num_layers: 10
  num_task: 1
  out_dim: 4
  pe_raw_norm: None
  pool: add
  pool_edge: True
  pool_vn: False
  posenc_dim: 28
  posenc_in_dim: 20
  posenc_in_dim_edge: 20
  post_pool: True
  prefix_dim: 64
  prefix_type: add_virtual
  residual: True
  task_type: regression
  temb_dim: 0
  type: GraphTransformerEncoder
  update_e: True
  use_time: False
example_arg: example
example_group:
  example_arg: example
flow:
  alpha_fn: linear
  cond_stage_config: __is_first_stage__
  cond_stage_key: masked_graph
  cond_stage_trainable: False
  conditioning_key: crossattn
  edge_factor: 1.0
  ema: True
  first_stage_config: runs/zinc_encoder_20250930_004610/my_zinc-encoder_baseline/0/ckpt/399.ckpt
  first_stage_trainable: False
  force_undirected: False
  graph_factor: 1.0
  hid_dim: 4
  nfe: 50
  node_factor: 1.0
  objective: gaussian_cfm
  sigma_fn: constant
  sigma_max: 1.0
  sigma_min: 0.01
  solver: heun
  t_weight: none
  task_decode:
    method: ode
    method_eval: ode
    method_train: ode
    ode_method: euler
    ode_method_eval: heun
    ode_method_train: euler
    ode_steps: 2
    ode_steps_eval: 16
    ode_steps_train: 2
  task_factor: 1.0
  use_graph_latent: True
gnn:
  act: relu
  agg: mean
  att_final_linear: False
  att_final_linear_bn: False
  att_heads: 1
  batchnorm: True
  clear_feature: True
  dim_inner: 64
  dropout: 0.0
  head: san_graph
  keep_edge: 0.5
  l2norm: True
  layer_type: generalconv
  layers_mp: 2
  layers_post_mp: 3
  layers_pre_mp: 0
  msg_direction: single
  normalize_adj: False
  residual: False
  self_msg: concat
  skip_every: 1
  stage_type: stack
gpu_mem: False
gt:
  attn:
    O_e: True
    act: relu
    clamp: 5.0
    deg_scaler: True
    edge_enhance: True
    full_attn: True
    fwl: False
    norm_e: True
    sparse: False
    use: True
    use_bias: False
  attn_dropout: 0.2
  batch_norm: True
  bigbird:
    add_cross_attention: False
    attention_type: block_sparse
    block_size: 3
    chunk_size_feed_forward: 0
    hidden_act: relu
    is_decoder: False
    layer_norm_eps: 1e-06
    max_position_embeddings: 128
    num_random_blocks: 3
    use_bias: False
  bn_momentum: 0.1
  bn_no_runner: False
  dim_hidden: 64
  dropout: 0.0
  full_graph: True
  gamma: 1e-05
  layer_norm: False
  layer_type: GritTransformer
  layers: 10
  n_heads: 8
  pna_degrees: []
  residual: True
  update_e: True
mem:
  inplace: False
metric_agg: argmin
metric_best: mae
mlflow:
  name: zinc-GRIT-RRWP
  project: Exp
  use: False
model:
  edge_decoding: dot
  graph_pooling: add
  loss_fun: l1
  match_upper: True
  size_average: mean
  thresh: 0.5
  type: LatentFlow
name_tag: 
num_threads: 6
num_workers: 0
optim:
  base_lr: 0.0001
  batch_accumulation: 1
  clip_grad_norm: True
  lr_decay: 0.1
  max_epoch: 200
  min_lr: 1e-06
  momentum: 0.9
  num_warmup_epochs: 50
  optimizer: adamW
  reduce_factor: 0.1
  schedule_patience: 10
  scheduler: cosine_with_warmup
  steps: [30, 60, 90]
  weight_decay: 1e-05
out_dir: /workspace/runs/zinc_flow_20251103_175518/zinc-flow_gcfm
posenc_ERE:
  accuracy: 0.1
  dim_pe: 16
  enable: False
  layers: 3
  local: False
  model: none
  n_heads: 4
  pass_as_var: False
  post_layers: 0
  raw_norm_type: none
posenc_ERN:
  accuracy: 0.1
  dim_pe: 16
  enable: False
  er_dim: none
  layers: 3
  local: False
  model: none
  n_heads: 4
  pass_as_var: False
  post_layers: 0
  raw_norm_type: none
posenc_EdgeRWSE:
  dim_pe: 16
  enable: False
  kernel:
    times: []
    times_func: 
  layers: 3
  local: False
  model: none
  n_heads: 4
  pass_as_var: False
  post_layers: 0
  raw_norm_type: none
posenc_ElstaticSE:
  dim_pe: 16
  enable: False
  kernel:
    times: []
    times_func: range(10)
  layers: 3
  local: False
  model: none
  n_heads: 4
  pass_as_var: False
  post_layers: 0
  raw_norm_type: none
posenc_EquivStableLapPE:
  eigen:
    eigvec_norm: L2
    laplacian_norm: sym
    max_freqs: 10
  enable: False
  raw_norm_type: none
posenc_HKdiagSE:
  dim_pe: 16
  enable: False
  kernel:
    times: []
    times_func: 
  layers: 3
  local: False
  model: none
  n_heads: 4
  pass_as_var: False
  post_layers: 0
  raw_norm_type: none
posenc_HodgeLap1PE:
  dim_pe: 16
  eigen:
    eigvec_norm: L2
    laplacian_norm: sym
    max_freqs: 10
  enable: False
  layers: 3
  local: False
  model: none
  n_heads: 4
  pass_as_var: False
  post_layers: 0
  raw_norm_type: none
posenc_InterRWSE:
  dim_pe: 16
  enable: False
  kernel:
    times: []
    times_func: 
  layers: 3
  local: False
  model: none
  n_heads: 4
  pass_as_var: False
  post_layers: 0
  raw_norm_type: none
posenc_LapPE:
  dim_pe: 16
  eigen:
    eigvec_norm: L2
    laplacian_norm: sym
    max_freqs: 10
  enable: False
  layers: 3
  local: False
  model: none
  n_heads: 4
  pass_as_var: False
  post_layers: 0
  raw_norm_type: none
posenc_RD:
  dim_pe: 16
  enable: False
  layers: 3
  local: False
  model: none
  n_heads: 4
  pass_as_var: False
  post_layers: 0
  raw_norm_type: none
posenc_RRWP:
  add_identity: True
  dim_pe: 16
  enable: True
  ksteps: 20
  layers: 3
  local: False
  model: none
  n_heads: 4
  pass_as_var: False
  post_layers: 0
  raw_norm_type: none
  real_emb: True
  spd: False
posenc_RWSE:
  dim_pe: 16
  enable: False
  kernel:
    times: []
    times_func: 
  layers: 3
  local: False
  model: none
  n_heads: 4
  pass_as_var: False
  post_layers: 0
  raw_norm_type: none
posenc_SignNet:
  dim_pe: 16
  eigen:
    eigvec_norm: L2
    laplacian_norm: sym
    max_freqs: 10
  enable: False
  layers: 3
  local: False
  model: none
  n_heads: 4
  pass_as_var: False
  phi_hidden_dim: 64
  phi_out_dim: 4
  post_layers: 0
  raw_norm_type: none
prep:
  add_edge_index: True
  add_reverse_edges: True
  add_self_loops: False
  dist_cutoff: 510
  dist_enable: False
  exp: False
  exp_algorithm: Random-d
  exp_count: 1
  exp_deg: 5
  exp_max_num_iters: 100
  layer_edge_indices_dir: None
  num_virt_node: 0
  train_percent: 0.6
  use_exp_edges: True
pretrained:
  dir: 
  freeze_main: False
  reset_prediction_head: True
print: both
regression_model:
  encoder:
    attn:
      O_e: True
      act: relu
      attn_dropout: 0.0
      batch_norm: True
      bn_momentum: 0.1
      bn_no_runner: False
      clamp: 5.0
      deg_scaler: False
      edge_enhance: True
      full_attn: True
      layer_norm: False
      norm_e: True
      sparse: False
      use: True
      use_bias: False
    batch_norm: True
    bn_momentum: 0.1
    bn_no_runner: False
    edge_encoder_name: TypeDictEdge
    layer_norm: False
    node_encoder_name: TypeDictNode
round: 5
run_dir: /workspace/runs/zinc_flow_20251103_175518/zinc-flow_gcfm/0
run_id: 0
run_multiple_splits: []
seed: 0
share:
  dim_in: 1
  dim_out: 1
  num_splits: 3
tensorboard_agg: True
tensorboard_each_run: False
train:
  auto_resume: False
  batch_size: 256
  ckpt_best: True
  ckpt_clean: True
  ckpt_period: 100
  enable_ckpt: True
  ensemble_mode: none
  ensemble_repeat: 1
  epoch_resume: -1
  eval_period: 10
  iter_per_epoch: 32
  mode: train_diffusion
  neighbor_sizes: [20, 15, 10, 5]
  node_per_graph: 32
  pretrain:
    atom_bond_only: True
    edge_factor: 0.0
    graph_factor: 1.0
    input_target: True
    mask_edge_prob: 0.0
    mask_label_prob: 0.5
    mask_node_prob: 0.0
    node_factor: 0.0
    original_task: True
    recon: none
  radius: extend
  sample_node: False
  sampler: full_batch
  skip_train_eval: False
  start_eval_epoch: -1
  walk_length: 4
train_flow:
  batch_accumulation: 1
  ema: True
  grad_clip: 1.0
val:
  node_per_graph: 32
  radius: extend
  sample_node: False
  sampler: full_batch
view_emb: False
wandb:
  entity: shokuno-the-university-of-tokyo
  name: zinc_flow_zinc_flow_20251103_175518
  project: LGFM-ZINC-Flow
  use: True
Num parameters: 1823862
Start from epoch 0
wandb: Using wandb-core as the SDK backend.  Please refer to https://wandb.me/wandb-core for more information.
wandb: Currently logged in as: shokuno (shokuno-the-university-of-tokyo). Use `wandb login --relogin` to force relogin
wandb: Tracking run with wandb version 0.18.7
wandb: Run data is saved locally in /workspace/wandb/run-20251103_175616-ykjgmy20
wandb: Run `wandb offline` to turn off syncing.
wandb: Syncing run zinc_flow_zinc_flow_20251103_175518
wandb: ⭐️ View project at https://wandb.ai/shokuno-the-university-of-tokyo/LGFM-ZINC-Flow
wandb: 🚀 View run at https://wandb.ai/shokuno-the-university-of-tokyo/LGFM-ZINC-Flow/runs/ykjgmy20
Key encoder.pe_raw_norm with value <class 'NoneType'> is not a valid type; valid types: {<class 'float'>, <class 'list'>, <class 'tuple'>, <class 'bool'>, <class 'int'>, <class 'str'>}
Key prep.layer_edge_indices_dir with value <class 'NoneType'> is not a valid type; valid types: {<class 'float'>, <class 'list'>, <class 'tuple'>, <class 'bool'>, <class 'int'>, <class 'str'>}
train: {'epoch': 0, 'time_epoch': 25.96472, 'eta': 5166.97904, 'eta_hours': 1.43527, 'loss': 2162.25048594, 'lr': 0.0, 'params': 1823862, 'time_iter': 0.64912, 'mae': 18.46568, 'r2': -94.59109, 'spearmanr': 0.31792, 'mse': 386.5127, 'rmse': 19.65993, 'loss_node': 5.5659673881530765, 'loss_edge': 1.1805530792236327, 'loss_graph': 2118.572634375, 'loss_task': 18.465678967285157, 'loss_encoder': 0.0}
...computing epoch stats took: 0.01s
Inference: Switched to EMA weights
Inference: Restored training weights
Inference: Switched to EMA weights
Inference: Restored training weights
Inference: Switched to EMA weights
Inference: Restored training weights
Inference: Switched to EMA weights
Inference: Restored training weights
val: {'epoch': 0, 'time_epoch': 28.8398, 'loss': 19.09524117, 'lr': 0, 'params': 1823862, 'time_iter': 7.20995, 'mae': 19.09524, 'r2': -103.68144, 'spearmanr': 0.35286, 'mse': 412.31458, 'rmse': 20.30553}
...computing epoch stats took: 0.00s
Inference: Switched to EMA weights
Inference: Restored training weights
Inference: Switched to EMA weights
Inference: Restored training weights
Inference: Switched to EMA weights
Inference: Restored training weights
Inference: Switched to EMA weights
Inference: Restored training weights
test: {'epoch': 0, 'time_epoch': 28.92505, 'loss': 19.23794862, 'lr': 0, 'params': 1823862, 'time_iter': 7.23126, 'mae': 19.23795, 'r2': -101.58125, 'spearmanr': 0.37455, 'mse': 417.33124, 'rmse': 20.42869}
...computing epoch stats took: 0.00s
> Epoch 0: took 83.8s (avg 83.8s) | Best so far: epoch 0	train_loss: 2162.2505 train_mae: 18.4657	val_loss: 19.0952 val_mae: 19.0952	test_loss: 19.2379 test_mae: 19.2380
train: {'epoch': 1, 'time_epoch': 18.91052, 'eta': 4442.64882, 'eta_hours': 1.23407, 'loss': 1366.27882227, 'lr': 2e-06, 'params': 1823862, 'time_iter': 0.47276, 'mae': 14.77022, 'r2': -61.63007, 'spearmanr': 0.31352, 'mse': 253.2382, 'rmse': 15.91346, 'loss_node': 5.546493309020996, 'loss_edge': 1.1545335968017578, 'loss_graph': 1330.0373580078126, 'loss_task': 14.770220109558105, 'loss_encoder': 0.0}
...computing epoch stats took: 0.00s
train: {'epoch': 2, 'time_epoch': 19.09622, 'eta': 4200.79227, 'eta_hours': 1.16689, 'loss': 198.60771666, 'lr': 4e-06, 'params': 1823862, 'time_iter': 0.47741, 'mae': 4.68725, 'r2': -8.37458, 'spearmanr': 0.26074, 'mse': 37.90516, 'rmse': 6.15672, 'loss_node': 5.520310791778565, 'loss_edge': 1.077451933145523, 'loss_graph': 182.63545150146484, 'loss_task': 4.687250166130066, 'loss_encoder': 0.0}
...computing epoch stats took: 0.00s
train: {'epoch': 3, 'time_epoch': 18.898, 'eta': 4060.60318, 'eta_hours': 1.12795, 'loss': 81.72343063, 'lr': 6e-06, 'params': 1823862, 'time_iter': 0.47245, 'mae': 1.36243, 'r2': -0.11321, 'spearmanr': 0.64851, 'mse': 4.50116, 'rmse': 2.12159, 'loss_node': 5.535898594665527, 'loss_edge': 1.0748521037578582, 'loss_graph': 72.38781622314453, 'loss_task': 1.3624321100234986, 'loss_encoder': 0.0}
train: {'epoch': 4, 'time_epoch': 18.88626, 'eta': 3968.47269, 'eta_hours': 1.10235, 'loss': 72.10949774, 'lr': 8e-06, 'params': 1823862, 'time_iter': 0.47216, 'mae': 1.57051, 'r2': -0.31794, 'spearmanr': 0.27409, 'mse': 5.32896, 'rmse': 2.30845, 'loss_node': 5.562438928985595, 'loss_edge': 1.065874426984787, 'loss_graph': 62.340161416625975, 'loss_task': 1.5705114849090576, 'loss_encoder': 0.0}
train: {'epoch': 5, 'time_epoch': 18.87226, 'eta': 3900.30428, 'eta_hours': 1.08342, 'loss': 67.39052872, 'lr': 1e-05, 'params': 1823862, 'time_iter': 0.47181, 'mae': 2.41418, 'r2': -1.07076, 'spearmanr': -0.5936, 'mse': 8.3729, 'rmse': 2.8936, 'loss_node': 5.584508016967773, 'loss_edge': 1.077492353439331, 'loss_graph': 55.90016435546875, 'loss_task': 2.414182251739502, 'loss_encoder': 0.0}
train: {'epoch': 6, 'time_epoch': 18.90711, 'eta': 3847.1815, 'eta_hours': 1.06866, 'loss': 62.57626769, 'lr': 1.2e-05, 'params': 1823862, 'time_iter': 0.47268, 'mae': 2.38746, 'r2': -1.04367, 'spearmanr': -0.68017, 'mse': 8.26338, 'rmse': 2.87461, 'loss_node': 5.626616085052491, 'loss_edge': 1.0825835661888124, 'loss_graph': 51.092142990875246, 'loss_task': 2.3874630126953127, 'loss_encoder': 0.0}
train: {'epoch': 7, 'time_epoch': 18.91799, 'eta': 3802.87378, 'eta_hours': 1.05635, 'loss': 57.49585387, 'lr': 1.4e-05, 'params': 1823862, 'time_iter': 0.47295, 'mae': 2.01136, 'r2': -0.51749, 'spearmanr': -0.24701, 'mse': 6.13579, 'rmse': 2.47705, 'loss_node': 5.729529312133789, 'loss_edge': 1.0889112060546875, 'loss_graph': 46.65469639282227, 'loss_task': 2.011358493041992, 'loss_encoder': 0.0}
train: {'epoch': 8, 'time_epoch': 19.41681, 'eta': 3774.79427, 'eta_hours': 1.04855, 'loss': 54.56686927, 'lr': 1.6e-05, 'params': 1823862, 'time_iter': 0.48542, 'mae': 1.94791, 'r2': -0.42177, 'spearmanr': -0.0105, 'mse': 5.74879, 'rmse': 2.39766, 'loss_node': 5.859558182525634, 'loss_edge': 1.0865641103744508, 'loss_graph': 43.72493344726563, 'loss_task': 1.9479063316345215, 'loss_encoder': 0.0}
train: {'epoch': 9, 'time_epoch': 18.85543, 'eta': 3737.78096, 'eta_hours': 1.03827, 'loss': 52.62180516, 'lr': 1.8e-05, 'params': 1823862, 'time_iter': 0.47139, 'mae': 1.94433, 'r2': -0.41308, 'spearmanr': 0.05526, 'mse': 5.71364, 'rmse': 2.39032, 'loss_node': 5.9676918739318845, 'loss_edge': 1.111683681678772, 'loss_graph': 41.65377608337403, 'loss_task': 1.944326581954956, 'loss_encoder': 0.0}
Inference: Switched to EMA weights
Inference: Restored training weights
Inference: Switched to EMA weights
Inference: Restored training weights
Inference: Switched to EMA weights
Inference: Restored training weights
Inference: Switched to EMA weights
Inference: Restored training weights
val: {'epoch': 9, 'time_epoch': 28.68343, 'loss': 1.45514331, 'lr': 0, 'params': 1823862, 'time_iter': 7.17086, 'mae': 1.45514, 'r2': 0.0505, 'spearmanr': 0.46375, 'mse': 3.73984, 'rmse': 1.93387}
Inference: Switched to EMA weights
Inference: Restored training weights
Inference: Switched to EMA weights
Inference: Restored training weights
Inference: Switched to EMA weights
Inference: Restored training weights
Inference: Switched to EMA weights
Inference: Restored training weights
test: {'epoch': 9, 'time_epoch': 28.7734, 'loss': 1.53613928, 'lr': 0, 'params': 1823862, 'time_iter': 7.19335, 'mae': 1.53614, 'r2': 0.06831, 'spearmanr': 0.47342, 'mse': 3.79038, 'rmse': 1.94689}
> Epoch 9: took 76.3s (avg 31.2s) | Best so far: epoch 9	train_loss: 52.6218 train_mae: 1.9443	val_loss: 1.4551 val_mae: 1.4551	test_loss: 1.5361 test_mae: 1.5361
train: {'epoch': 10, 'time_epoch': 18.89866, 'eta': 3704.81196, 'eta_hours': 1.02911, 'loss': 50.94559399, 'lr': 2e-05, 'params': 1823862, 'time_iter': 0.47247, 'mae': 1.90097, 'r2': -0.33763, 'spearmanr': 0.16683, 'mse': 5.40857, 'rmse': 2.32563, 'loss_node': 6.061585387420655, 'loss_edge': 1.1113010487556458, 'loss_graph': 39.97077735748291, 'loss_task': 1.900965058708191, 'loss_encoder': 0.0}
train: {'epoch': 11, 'time_epoch': 18.89142, 'eta': 3674.07458, 'eta_hours': 1.02058, 'loss': 49.61282706, 'lr': 2.2e-05, 'params': 1823862, 'time_iter': 0.47229, 'mae': 1.91699, 'r2': -0.33969, 'spearmanr': 0.14385, 'mse': 5.41691, 'rmse': 2.32743, 'loss_node': 6.158418753051758, 'loss_edge': 1.1231597670555116, 'loss_graph': 38.49727845153809, 'loss_task': 1.9169854486465454, 'loss_encoder': 0.0}
train: {'epoch': 12, 'time_epoch': 19.09549, 'eta': 3648.09512, 'eta_hours': 1.01336, 'loss': 48.34433426, 'lr': 2.4e-05, 'params': 1823862, 'time_iter': 0.47739, 'mae': 1.91145, 'r2': -0.31529, 'spearmanr': 0.17999, 'mse': 5.31822, 'rmse': 2.30613, 'loss_node': 6.233874611663818, 'loss_edge': 1.1315340733528136, 'loss_graph': 37.15602835998535, 'loss_task': 1.9114483627319336, 'loss_encoder': 0.0}
train: {'epoch': 13, 'time_epoch': 18.93738, 'eta': 3620.99841, 'eta_hours': 1.00583, 'loss': 47.05153545, 'lr': 2.6e-05, 'params': 1823862, 'time_iter': 0.47343, 'mae': 1.96535, 'r2': -0.36877, 'spearmanr': 0.14083, 'mse': 5.53447, 'rmse': 2.35255, 'loss_node': 6.282620805358887, 'loss_edge': 1.135959441614151, 'loss_graph': 35.702251658630374, 'loss_task': 1.9653515468597411, 'loss_encoder': 0.0}
train: {'epoch': 14, 'time_epoch': 18.92984, 'eta': 3594.89662, 'eta_hours': 0.99858, 'loss': 45.58689878, 'lr': 2.8e-05, 'params': 1823862, 'time_iter': 0.47325, 'mae': 2.03775, 'r2': -0.44253, 'spearmanr': 0.08185, 'mse': 5.83273, 'rmse': 2.41511, 'loss_node': 6.29732343673706, 'loss_edge': 1.142482388162613, 'loss_graph': 34.07159326019287, 'loss_task': 2.0377497608184814, 'loss_encoder': 0.0}
train: {'epoch': 15, 'time_epoch': 18.8828, 'eta': 3569.15041, 'eta_hours': 0.99143, 'loss': 44.28114038, 'lr': 3e-05, 'params': 1823862, 'time_iter': 0.47207, 'mae': 2.14616, 'r2': -0.58137, 'spearmanr': 0.00165, 'mse': 6.39409, 'rmse': 2.52865, 'loss_node': 6.2790713737487795, 'loss_edge': 1.1375198789596557, 'loss_graph': 32.57223661499023, 'loss_task': 2.146155894470215, 'loss_encoder': 0.0}
train: {'epoch': 16, 'time_epoch': 18.92278, 'eta': 3544.642, 'eta_hours': 0.98462, 'loss': 42.89161841, 'lr': 3.2e-05, 'params': 1823862, 'time_iter': 0.47307, 'mae': 2.20673, 'r2': -0.64445, 'spearmanr': -0.0442, 'mse': 6.64917, 'rmse': 2.5786, 'loss_node': 6.255143284606934, 'loss_edge': 1.1411844756126404, 'loss_graph': 31.08183930053711, 'loss_task': 2.2067256069183347, 'loss_encoder': 0.0}
train: {'epoch': 17, 'time_epoch': 18.90548, 'eta': 3520.5793, 'eta_hours': 0.97794, 'loss': 41.76145917, 'lr': 3.4e-05, 'params': 1823862, 'time_iter': 0.47264, 'mae': 2.3045, 'r2': -0.78019, 'spearmanr': -0.07489, 'mse': 7.19802, 'rmse': 2.68291, 'loss_node': 6.250994370269775, 'loss_edge': 1.1557932901382446, 'loss_graph': 29.74568074951172, 'loss_task': 2.3044952476501464, 'loss_encoder': 0.0}
train: {'epoch': 18, 'time_epoch': 19.1205, 'eta': 3499.10782, 'eta_hours': 0.97197, 'loss': 40.35936476, 'lr': 3.6e-05, 'params': 1823862, 'time_iter': 0.47801, 'mae': 2.39286, 'r2': -0.88886, 'spearmanr': -0.1203, 'mse': 7.63741, 'rmse': 2.76359, 'loss_node': 6.268795703125, 'loss_edge': 1.1485674364089966, 'loss_graph': 28.156277435302734, 'loss_task': 2.3928622383117677, 'loss_encoder': 0.0}
train: {'epoch': 19, 'time_epoch': 19.31492, 'eta': 3479.62125, 'eta_hours': 0.96656, 'loss': 38.81937986, 'lr': 3.8e-05, 'params': 1823862, 'time_iter': 0.48287, 'mae': 2.44687, 'r2': -0.98354, 'spearmanr': -0.16861, 'mse': 8.02025, 'rmse': 2.832, 'loss_node': 6.2605762268066405, 'loss_edge': 1.145712961101532, 'loss_graph': 26.51935465774536, 'loss_task': 2.4468676958084106, 'loss_encoder': 0.0}
Inference: Switched to EMA weights
Inference: Restored training weights
Inference: Switched to EMA weights
Inference: Restored training weights
Inference: Switched to EMA weights
Inference: Restored training weights
Inference: Switched to EMA weights
Inference: Restored training weights
val: {'epoch': 19, 'time_epoch': 28.7788, 'loss': 2.15331804, 'lr': 0, 'params': 1823862, 'time_iter': 7.1947, 'mae': 2.15332, 'r2': -0.60164, 'spearmanr': 0.01529, 'mse': 6.30845, 'rmse': 2.51166}
Inference: Switched to EMA weights
Inference: Restored training weights
Inference: Switched to EMA weights
Inference: Restored training weights
Inference: Switched to EMA weights
Inference: Restored training weights
Inference: Switched to EMA weights
Inference: Restored training weights
test: {'epoch': 19, 'time_epoch': 28.83163, 'loss': 2.22148838, 'lr': 0, 'params': 1823862, 'time_iter': 7.20791, 'mae': 2.22149, 'r2': -0.57346, 'spearmanr': -0.04076, 'mse': 6.40131, 'rmse': 2.53008}
> Epoch 19: took 76.9s (avg 28.0s) | Best so far: epoch 9	train_loss: 52.6218 train_mae: 1.9443	val_loss: 1.4551 val_mae: 1.4551	test_loss: 1.5361 test_mae: 1.5361
train: {'epoch': 20, 'time_epoch': 19.00819, 'eta': 3457.53646, 'eta_hours': 0.96043, 'loss': 37.65658258, 'lr': 4e-05, 'params': 1823862, 'time_iter': 0.4752, 'mae': 2.52825, 'r2': -1.10393, 'spearmanr': -0.14743, 'mse': 8.50703, 'rmse': 2.91668, 'loss_node': 6.262665065002442, 'loss_edge': 1.1494324461936951, 'loss_graph': 25.187988079833985, 'loss_task': 2.528248560333252, 'loss_encoder': 0.0}
train: {'epoch': 21, 'time_epoch': 18.88119, 'eta': 3434.70383, 'eta_hours': 0.95408, 'loss': 36.14593203, 'lr': 4.2e-05, 'params': 1823862, 'time_iter': 0.47203, 'mae': 2.48774, 'r2': -1.03905, 'spearmanr': -0.08388, 'mse': 8.24469, 'rmse': 2.87136, 'loss_node': 6.238546579742431, 'loss_edge': 1.148623978471756, 'loss_graph': 23.783273645782472, 'loss_task': 2.4877438934326173, 'loss_encoder': 0.0}
train: {'epoch': 22, 'time_epoch': 18.87838, 'eta': 3412.19319, 'eta_hours': 0.94783, 'loss': 34.85733271, 'lr': 4.4e-05, 'params': 1823862, 'time_iter': 0.47196, 'mae': 2.50965, 'r2': -1.08606, 'spearmanr': -0.0758, 'mse': 8.43478, 'rmse': 2.90427, 'loss_node': 6.205439807128906, 'loss_edge': 1.1532909388542176, 'loss_graph': 22.479294702148437, 'loss_task': 2.5096532691955566, 'loss_encoder': 0.0}
train: {'epoch': 23, 'time_epoch': 18.93047, 'eta': 3390.36722, 'eta_hours': 0.94177, 'loss': 33.28517097, 'lr': 4.6e-05, 'params': 1823862, 'time_iter': 0.47326, 'mae': 2.38943, 'r2': -0.90695, 'spearmanr': 0.05536, 'mse': 7.71054, 'rmse': 2.77679, 'loss_node': 6.1800619140625, 'loss_edge': 1.1509875896453858, 'loss_graph': 21.175259129333497, 'loss_task': 2.3894312084197997, 'loss_encoder': 0.0}
train: {'epoch': 24, 'time_epoch': 18.88585, 'eta': 3368.46055, 'eta_hours': 0.93568, 'loss': 32.18652354, 'lr': 4.8e-05, 'params': 1823862, 'time_iter': 0.47215, 'mae': 2.35291, 'r2': -0.86985, 'spearmanr': 0.10843, 'mse': 7.56054, 'rmse': 2.74964, 'loss_node': 6.167093392944336, 'loss_edge': 1.154486940574646, 'loss_graph': 20.159131483459472, 'loss_task': 2.3529058124542237, 'loss_encoder': 0.0}
train: {'epoch': 25, 'time_epoch': 18.87817, 'eta': 3346.7349, 'eta_hours': 0.92965, 'loss': 30.60687792, 'lr': 5e-05, 'params': 1823862, 'time_iter': 0.47195, 'mae': 2.25002, 'r2': -0.7536, 'spearmanr': 0.14426, 'mse': 7.09051, 'rmse': 2.6628, 'loss_node': 6.133085194396973, 'loss_edge': 1.1491210834503174, 'loss_graph': 18.824634494018554, 'loss_task': 2.2500187816619874, 'loss_encoder': 0.0}
train: {'epoch': 26, 'time_epoch': 18.90889, 'eta': 3325.41701, 'eta_hours': 0.92373, 'loss': 29.56769181, 'lr': 5.2e-05, 'params': 1823862, 'time_iter': 0.47272, 'mae': 2.1599, 'r2': -0.66921, 'spearmanr': 0.16241, 'mse': 6.74929, 'rmse': 2.59794, 'loss_node': 6.113773781585693, 'loss_edge': 1.1432536430358886, 'loss_graph': 17.99087222595215, 'loss_task': 2.1598961971282957, 'loss_encoder': 0.0}
train: {'epoch': 27, 'time_epoch': 18.93251, 'eta': 3304.41627, 'eta_hours': 0.91789, 'loss': 27.82900366, 'lr': 5.4e-05, 'params': 1823862, 'time_iter': 0.47331, 'mae': 2.00568, 'r2': -0.53978, 'spearmanr': 0.11052, 'mse': 6.22593, 'rmse': 2.49518, 'loss_node': 6.074609834289551, 'loss_edge': 1.1408664976119995, 'loss_graph': 16.602169931030275, 'loss_task': 2.0056788766860962, 'loss_encoder': 0.0}
train: {'epoch': 28, 'time_epoch': 18.89022, 'eta': 3283.30878, 'eta_hours': 0.91203, 'loss': 26.71889187, 'lr': 5.6e-05, 'params': 1823862, 'time_iter': 0.47226, 'mae': 1.94162, 'r2': -0.46391, 'spearmanr': 0.19323, 'mse': 5.91916, 'rmse': 2.43293, 'loss_node': 6.047503168487549, 'loss_edge': 1.1383518258094787, 'loss_graph': 15.649791861343385, 'loss_task': 1.9416224891662597, 'loss_encoder': 0.0}
train: {'epoch': 29, 'time_epoch': 19.07633, 'eta': 3263.40377, 'eta_hours': 0.9065, 'loss': 25.6620799, 'lr': 5.8e-05, 'params': 1823862, 'time_iter': 0.47691, 'mae': 1.85021, 'r2': -0.35027, 'spearmanr': 0.25933, 'mse': 5.45966, 'rmse': 2.33659, 'loss_node': 6.032910919952393, 'loss_edge': 1.1317124501228333, 'loss_graph': 14.797026516723633, 'loss_task': 1.8502149305343627, 'loss_encoder': 0.0}
Inference: Switched to EMA weights
Inference: Restored training weights
Inference: Switched to EMA weights
Inference: Restored training weights
Inference: Switched to EMA weights
Inference: Restored training weights
Inference: Switched to EMA weights
Inference: Restored training weights
val: {'epoch': 29, 'time_epoch': 28.73762, 'loss': 1.81916454, 'lr': 0, 'params': 1823862, 'time_iter': 7.1844, 'mae': 1.81916, 'r2': -0.28753, 'spearmanr': 0.40154, 'mse': 5.07126, 'rmse': 2.25194}
Inference: Switched to EMA weights
Inference: Restored training weights
Inference: Switched to EMA weights
Inference: Restored training weights
Inference: Switched to EMA weights
Inference: Restored training weights
Inference: Switched to EMA weights
Inference: Restored training weights
test: {'epoch': 29, 'time_epoch': 28.8176, 'loss': 1.8631328, 'lr': 0, 'params': 1823862, 'time_iter': 7.2044, 'mae': 1.86313, 'r2': -0.23348, 'spearmanr': 0.35545, 'mse': 5.01817, 'rmse': 2.24013}
> Epoch 29: took 76.6s (avg 26.9s) | Best so far: epoch 9	train_loss: 52.6218 train_mae: 1.9443	val_loss: 1.4551 val_mae: 1.4551	test_loss: 1.5361 test_mae: 1.5361
train: {'epoch': 30, 'time_epoch': 18.92321, 'eta': 3242.71746, 'eta_hours': 0.90075, 'loss': 24.15104056, 'lr': 6e-05, 'params': 1823862, 'time_iter': 0.47308, 'mae': 1.80805, 'r2': -0.28432, 'spearmanr': 0.31935, 'mse': 5.19302, 'rmse': 2.27882, 'loss_node': 6.001054228973389, 'loss_edge': 1.1327642749786377, 'loss_graph': 13.401129504776002, 'loss_task': 1.8080463893890382, 'loss_encoder': 0.0}
train: {'epoch': 31, 'time_epoch': 18.88978, 'eta': 3221.96583, 'eta_hours': 0.89499, 'loss': 23.14572433, 'lr': 6.2e-05, 'params': 1823862, 'time_iter': 0.47224, 'mae': 1.76388, 'r2': -0.25082, 'spearmanr': 0.27158, 'mse': 5.05758, 'rmse': 2.24891, 'loss_node': 5.9763018371582035, 'loss_edge': 1.1326113067626953, 'loss_graph': 12.509041642189025, 'loss_task': 1.7638846115112305, 'loss_encoder': 0.0}
train: {'epoch': 32, 'time_epoch': 18.88219, 'eta': 3201.28861, 'eta_hours': 0.88925, 'loss': 21.92810126, 'lr': 6.4e-05, 'params': 1823862, 'time_iter': 0.47205, 'mae': 1.64393, 'r2': -0.11022, 'spearmanr': 0.38443, 'mse': 4.48908, 'rmse': 2.11874, 'loss_node': 5.9542964126586915, 'loss_edge': 1.129377912902832, 'loss_graph': 11.556570837402344, 'loss_task': 1.6439279697418212, 'loss_encoder': 0.0}
train: {'epoch': 33, 'time_epoch': 18.91102, 'eta': 3180.85776, 'eta_hours': 0.88357, 'loss': 21.10697413, 'lr': 6.6e-05, 'params': 1823862, 'time_iter': 0.47278, 'mae': 1.59896, 'r2': -0.05485, 'spearmanr': 0.41099, 'mse': 4.26517, 'rmse': 2.06523, 'loss_node': 5.927968855667114, 'loss_edge': 1.1272463155269623, 'loss_graph': 10.853833168411255, 'loss_task': 1.5989630929946899, 'loss_encoder': 0.0}
train: {'epoch': 34, 'time_epoch': 18.9323, 'eta': 3160.61405, 'eta_hours': 0.87795, 'loss': 20.56700473, 'lr': 6.8e-05, 'params': 1823862, 'time_iter': 0.47331, 'mae': 1.57149, 'r2': -0.0358, 'spearmanr': 0.39161, 'mse': 4.18816, 'rmse': 2.0465, 'loss_node': 5.9080575119018555, 'loss_edge': 1.1321593225479125, 'loss_graph': 10.383801416778564, 'loss_task': 1.5714931423187255, 'loss_encoder': 0.0}
train: {'epoch': 35, 'time_epoch': 18.90589, 'eta': 3140.32292, 'eta_hours': 0.87231, 'loss': 19.66213546, 'lr': 7e-05, 'params': 1823862, 'time_iter': 0.47265, 'mae': 1.51006, 'r2': 0.01842, 'spearmanr': 0.4285, 'mse': 3.96893, 'rmse': 1.99222, 'loss_node': 5.889860773468017, 'loss_edge': 1.122950981593132, 'loss_graph': 9.629196367359162, 'loss_task': 1.5100635570526124, 'loss_encoder': 0.0}
train: {'epoch': 36, 'time_epoch': 19.16356, 'eta': 3121.24181, 'eta_hours': 0.86701, 'loss': 19.21710265, 'lr': 7.2e-05, 'params': 1823862, 'time_iter': 0.47909, 'mae': 1.49024, 'r2': 0.05173, 'spearmanr': 0.45482, 'mse': 3.83422, 'rmse': 1.95812, 'loss_node': 5.871959033203125, 'loss_edge': 1.1192919689178467, 'loss_graph': 9.24537650680542, 'loss_task': 1.4902371738433837, 'loss_encoder': 0.0}
train: {'epoch': 37, 'time_epoch': 19.57753, 'eta': 3103.92116, 'eta_hours': 0.8622, 'loss': 18.56223033, 'lr': 7.4e-05, 'params': 1823862, 'time_iter': 0.48944, 'mae': 1.46303, 'r2': 0.07791, 'spearmanr': 0.47675, 'mse': 3.72837, 'rmse': 1.9309, 'loss_node': 5.8521501808166505, 'loss_edge': 1.1203196842193603, 'loss_graph': 8.663699919700623, 'loss_task': 1.4630302057266236, 'loss_encoder': 0.0}
train: {'epoch': 38, 'time_epoch': 18.91029, 'eta': 3083.73029, 'eta_hours': 0.85659, 'loss': 17.95436885, 'lr': 7.6e-05, 'params': 1823862, 'time_iter': 0.47276, 'mae': 1.38258, 'r2': 0.1422, 'spearmanr': 0.47885, 'mse': 3.46843, 'rmse': 1.86237, 'loss_node': 5.8340690856933595, 'loss_edge': 1.1167653915405273, 'loss_graph': 8.238376628112793, 'loss_task': 1.3825787963867187, 'loss_encoder': 0.0}
train: {'epoch': 39, 'time_epoch': 18.90132, 'eta': 3063.56756, 'eta_hours': 0.85099, 'loss': 17.50867757, 'lr': 7.8e-05, 'params': 1823862, 'time_iter': 0.47253, 'mae': 1.30868, 'r2': 0.22832, 'spearmanr': 0.53875, 'mse': 3.12023, 'rmse': 1.76642, 'loss_node': 5.818836475372314, 'loss_edge': 1.110351691675186, 'loss_graph': 7.962125236415863, 'loss_task': 1.308682180404663, 'loss_encoder': 0.0}
Inference: Switched to EMA weights
Inference: Restored training weights
Inference: Switched to EMA weights
Inference: Restored training weights
Inference: Switched to EMA weights
Inference: Restored training weights
Inference: Switched to EMA weights
Inference: Restored training weights
val: {'epoch': 39, 'time_epoch': 28.72134, 'loss': 1.32787398, 'lr': 0, 'params': 1823862, 'time_iter': 7.18033, 'mae': 1.32787, 'r2': 0.19043, 'spearmanr': 0.45888, 'mse': 3.18868, 'rmse': 1.78569}
Inference: Switched to EMA weights
Inference: Restored training weights
Inference: Switched to EMA weights
Inference: Restored training weights
Inference: Switched to EMA weights
Inference: Restored training weights
Inference: Switched to EMA weights
Inference: Restored training weights
test: {'epoch': 39, 'time_epoch': 28.79832, 'loss': 1.35138873, 'lr': 0, 'params': 1823862, 'time_iter': 7.19958, 'mae': 1.35139, 'r2': 0.2585, 'spearmanr': 0.49558, 'mse': 3.01665, 'rmse': 1.73685}
> Epoch 39: took 76.4s (avg 26.4s) | Best so far: epoch 39	train_loss: 17.5087 train_mae: 1.3087	val_loss: 1.3279 val_mae: 1.3279	test_loss: 1.3514 test_mae: 1.3514
train: {'epoch': 40, 'time_epoch': 18.94924, 'eta': 3043.6522, 'eta_hours': 0.84546, 'loss': 16.90135315, 'lr': 8e-05, 'params': 1823862, 'time_iter': 0.47373, 'mae': 1.26605, 'r2': 0.25748, 'spearmanr': 0.52176, 'mse': 3.00232, 'rmse': 1.73272, 'loss_node': 5.79469510345459, 'loss_edge': 1.1144624507904053, 'loss_graph': 7.460087452888489, 'loss_task': 1.2660542896270752, 'loss_encoder': 0.0}
train: {'epoch': 41, 'time_epoch': 19.04448, 'eta': 3024.14113, 'eta_hours': 0.84004, 'loss': 16.98576081, 'lr': 8.2e-05, 'params': 1823862, 'time_iter': 0.47611, 'mae': 1.24047, 'r2': 0.24869, 'spearmanr': 0.5143, 'mse': 3.03784, 'rmse': 1.74294, 'loss_node': 5.785936270904541, 'loss_edge': 1.1099868169784546, 'loss_graph': 7.608904831981659, 'loss_task': 1.2404661756515503, 'loss_encoder': 0.0}
train: {'epoch': 42, 'time_epoch': 18.91267, 'eta': 3004.17048, 'eta_hours': 0.83449, 'loss': 16.3111983, 'lr': 8.4e-05, 'params': 1823862, 'time_iter': 0.47282, 'mae': 1.21996, 'r2': 0.27116, 'spearmanr': 0.51196, 'mse': 2.94701, 'rmse': 1.71668, 'loss_node': 5.7673945808410645, 'loss_edge': 1.1150641895294189, 'loss_graph': 6.988815529441833, 'loss_task': 1.219962013053894, 'loss_encoder': 0.0}
train: {'epoch': 43, 'time_epoch': 18.92861, 'eta': 2984.30443, 'eta_hours': 0.82897, 'loss': 16.26835751, 'lr': 8.6e-05, 'params': 1823862, 'time_iter': 0.47322, 'mae': 1.15973, 'r2': 0.28239, 'spearmanr': 0.53901, 'mse': 2.9016, 'rmse': 1.70341, 'loss_node': 5.755559480285645, 'loss_edge': 1.1160654490709305, 'loss_graph': 7.07727221558094, 'loss_task': 1.1597301921844483, 'loss_encoder': 0.0}
train: {'epoch': 44, 'time_epoch': 18.89755, 'eta': 2964.37309, 'eta_hours': 0.82344, 'loss': 15.84305715, 'lr': 8.8e-05, 'params': 1823862, 'time_iter': 0.47244, 'mae': 1.13768, 'r2': 0.32129, 'spearmanr': 0.57433, 'mse': 2.7443, 'rmse': 1.65659, 'loss_node': 5.742815228271485, 'loss_edge': 1.1123822185516357, 'loss_graph': 6.712505606079102, 'loss_task': 1.1376770072937012, 'loss_encoder': 0.0}
train: {'epoch': 45, 'time_epoch': 18.85513, 'eta': 2944.34466, 'eta_hours': 0.81787, 'loss': 15.50018376, 'lr': 9e-05, 'params': 1823862, 'time_iter': 0.47138, 'mae': 1.0419, 'r2': 0.39426, 'spearmanr': 0.6464, 'mse': 2.44927, 'rmse': 1.56501, 'loss_node': 5.724359058380127, 'loss_edge': 1.1076692543029785, 'loss_graph': 6.584349433708191, 'loss_task': 1.041903106689453, 'loss_encoder': 0.0}
train: {'epoch': 46, 'time_epoch': 18.88252, 'eta': 2924.45532, 'eta_hours': 0.81235, 'loss': 15.18882235, 'lr': 9.2e-05, 'params': 1823862, 'time_iter': 0.47206, 'mae': 1.04662, 'r2': 0.37173, 'spearmanr': 0.61703, 'mse': 2.54036, 'rmse': 1.59385, 'loss_node': 5.714461442565918, 'loss_edge': 1.104680465221405, 'loss_graph': 6.276436159896851, 'loss_task': 1.0466221083641052, 'loss_encoder': 0.0}
train: {'epoch': 47, 'time_epoch': 18.99474, 'eta': 2904.9633, 'eta_hours': 0.80693, 'loss': 15.17970328, 'lr': 9.4e-05, 'params': 1823862, 'time_iter': 0.47487, 'mae': 1.01376, 'r2': 0.36165, 'spearmanr': 0.63135, 'mse': 2.5811, 'rmse': 1.60658, 'loss_node': 5.707449843597412, 'loss_edge': 1.108577125644684, 'loss_graph': 6.336155395126343, 'loss_task': 1.0137605232238769, 'loss_encoder': 0.0}
train: {'epoch': 48, 'time_epoch': 18.85646, 'eta': 2885.06544, 'eta_hours': 0.80141, 'loss': 14.70378314, 'lr': 9.6e-05, 'params': 1823862, 'time_iter': 0.47141, 'mae': 0.99068, 'r2': 0.37167, 'spearmanr': 0.64159, 'mse': 2.54059, 'rmse': 1.59392, 'loss_node': 5.691095478820801, 'loss_edge': 1.1058808500289916, 'loss_graph': 5.925445112991333, 'loss_task': 0.9906811155319214, 'loss_encoder': 0.0}
train: {'epoch': 49, 'time_epoch': 18.874, 'eta': 2865.26186, 'eta_hours': 0.79591, 'loss': 14.50350276, 'lr': 9.8e-05, 'params': 1823862, 'time_iter': 0.47185, 'mae': 0.99791, 'r2': 0.33234, 'spearmanr': 0.63209, 'mse': 2.69962, 'rmse': 1.64305, 'loss_node': 5.67357473602295, 'loss_edge': 1.099055057144165, 'loss_graph': 5.73505330247879, 'loss_task': 0.9979097723960877, 'loss_encoder': 0.0}
Inference: Switched to EMA weights
Inference: Restored training weights
Inference: Switched to EMA weights
Inference: Restored training weights
Inference: Switched to EMA weights
Inference: Restored training weights
Inference: Switched to EMA weights
Inference: Restored training weights
val: {'epoch': 49, 'time_epoch': 28.66333, 'loss': 1.02208989, 'lr': 0, 'params': 1823862, 'time_iter': 7.16583, 'mae': 1.02209, 'r2': 0.28393, 'spearmanr': 0.58462, 'mse': 2.82043, 'rmse': 1.67941}
Inference: Switched to EMA weights
Inference: Restored training weights
Inference: Switched to EMA weights
Inference: Restored training weights
Inference: Switched to EMA weights
Inference: Restored training weights
Inference: Switched to EMA weights
Inference: Restored training weights
test: {'epoch': 49, 'time_epoch': 28.74378, 'loss': 1.036805, 'lr': 0, 'params': 1823862, 'time_iter': 7.18594, 'mae': 1.0368, 'r2': 0.38504, 'spearmanr': 0.61574, 'mse': 2.50183, 'rmse': 1.58172}
> Epoch 49: took 76.3s (avg 26.0s) | Best so far: epoch 49	train_loss: 14.5035 train_mae: 0.9979	val_loss: 1.0221 val_mae: 1.0221	test_loss: 1.0368 test_mae: 1.0368
train: {'epoch': 50, 'time_epoch': 18.84348, 'eta': 2845.40558, 'eta_hours': 0.79039, 'loss': 14.50812243, 'lr': 0.0001, 'params': 1823862, 'time_iter': 0.47109, 'mae': 1.04459, 'r2': 0.25341, 'spearmanr': 0.59539, 'mse': 3.01875, 'rmse': 1.73746, 'loss_node': 5.659697019195557, 'loss_edge': 1.1018154056549072, 'loss_graph': 5.657425846004486, 'loss_task': 1.0445920288085937, 'loss_encoder': 0.0}
train: {'epoch': 51, 'time_epoch': 18.81359, 'eta': 2825.50318, 'eta_hours': 0.78486, 'loss': 14.17113741, 'lr': 9.999e-05, 'params': 1823862, 'time_iter': 0.47034, 'mae': 0.9968, 'r2': 0.31429, 'spearmanr': 0.63325, 'mse': 2.77259, 'rmse': 1.66511, 'loss_node': 5.642899842834472, 'loss_edge': 1.1011409420967102, 'loss_graph': 5.433495137023926, 'loss_task': 0.9968008378982544, 'loss_encoder': 0.0}
train: {'epoch': 52, 'time_epoch': 18.82559, 'eta': 2805.67514, 'eta_hours': 0.77935, 'loss': 13.92331646, 'lr': 9.996e-05, 'params': 1823862, 'time_iter': 0.47064, 'mae': 0.97194, 'r2': 0.32043, 'spearmanr': 0.65031, 'mse': 2.74777, 'rmse': 1.65764, 'loss_node': 5.633439093780518, 'loss_edge': 1.0979145824432373, 'loss_graph': 5.248087663459778, 'loss_task': 0.971937511062622, 'loss_encoder': 0.0}
train: {'epoch': 53, 'time_epoch': 19.0439, 'eta': 2786.47448, 'eta_hours': 0.77402, 'loss': 13.78566245, 'lr': 9.99e-05, 'params': 1823862, 'time_iter': 0.4761, 'mae': 0.98744, 'r2': 0.25452, 'spearmanr': 0.64489, 'mse': 3.01429, 'rmse': 1.73617, 'loss_node': 5.618641338348389, 'loss_edge': 1.098210726094246, 'loss_graph': 5.093929696130752, 'loss_task': 0.9874403612136841, 'loss_encoder': 0.0}
train: {'epoch': 54, 'time_epoch': 18.8289, 'eta': 2766.7127, 'eta_hours': 0.76853, 'loss': 13.69855302, 'lr': 9.982e-05, 'params': 1823862, 'time_iter': 0.47072, 'mae': 0.99115, 'r2': 0.22975, 'spearmanr': 0.63934, 'mse': 3.11443, 'rmse': 1.76477, 'loss_node': 5.603012577056885, 'loss_edge': 1.0930193206787109, 'loss_graph': 5.0202259533882145, 'loss_task': 0.9911476984977722, 'loss_encoder': 0.0}
train: {'epoch': 55, 'time_epoch': 18.80719, 'eta': 2746.92841, 'eta_hours': 0.76304, 'loss': 13.54072667, 'lr': 9.973e-05, 'params': 1823862, 'time_iter': 0.47018, 'mae': 0.98195, 'r2': 0.25843, 'spearmanr': 0.64972, 'mse': 2.99846, 'rmse': 1.73161, 'loss_node': 5.597048668670654, 'loss_edge': 1.0927843647480011, 'loss_graph': 4.88699440946579, 'loss_task': 0.981949606513977, 'loss_encoder': 0.0}
train: {'epoch': 56, 'time_epoch': 18.84538, 'eta': 2727.27422, 'eta_hours': 0.75758, 'loss': 13.39504552, 'lr': 9.961e-05, 'params': 1823862, 'time_iter': 0.47113, 'mae': 1.02275, 'r2': 0.20186, 'spearmanr': 0.62904, 'mse': 3.22722, 'rmse': 1.79645, 'loss_node': 5.581719145202637, 'loss_edge': 1.0882712341308594, 'loss_graph': 4.679562399101258, 'loss_task': 1.0227463932037353, 'loss_encoder': 0.0}
train: {'epoch': 57, 'time_epoch': 18.84607, 'eta': 2707.6496, 'eta_hours': 0.75212, 'loss': 13.37360681, 'lr': 9.946e-05, 'params': 1823862, 'time_iter': 0.47115, 'mae': 1.01436, 'r2': 0.18745, 'spearmanr': 0.65977, 'mse': 3.28545, 'rmse': 1.81258, 'loss_node': 5.563873145294189, 'loss_edge': 1.087862535047531, 'loss_graph': 4.6931605730056765, 'loss_task': 1.0143551067352294, 'loss_encoder': 0.0}
train: {'epoch': 58, 'time_epoch': 18.84616, 'eta': 2688.0516, 'eta_hours': 0.74668, 'loss': 13.10967134, 'lr': 9.93e-05, 'params': 1823862, 'time_iter': 0.47115, 'mae': 0.97088, 'r2': 0.25168, 'spearmanr': 0.68782, 'mse': 3.02577, 'rmse': 1.73947, 'loss_node': 5.558519500732422, 'loss_edge': 1.0854545820236206, 'loss_graph': 4.523946591758728, 'loss_task': 0.9708754685401917, 'loss_encoder': 0.0}
train: {'epoch': 59, 'time_epoch': 18.84935, 'eta': 2668.4861, 'eta_hours': 0.74125, 'loss': 13.03548745, 'lr': 9.911e-05, 'params': 1823862, 'time_iter': 0.47123, 'mae': 0.99929, 'r2': 0.20003, 'spearmanr': 0.68712, 'mse': 3.2346, 'rmse': 1.7985, 'loss_node': 5.546060026550293, 'loss_edge': 1.0936726791381837, 'loss_graph': 4.397180958747864, 'loss_task': 0.9992869550704956, 'loss_encoder': 0.0}
Inference: Switched to EMA weights
Inference: Restored training weights
Inference: Switched to EMA weights
Inference: Restored training weights
Inference: Switched to EMA weights
Inference: Restored training weights
Inference: Switched to EMA weights
Inference: Restored training weights
val: {'epoch': 59, 'time_epoch': 28.65134, 'loss': 1.16150327, 'lr': 0, 'params': 1823862, 'time_iter': 7.16284, 'mae': 1.1615, 'r2': 0.022, 'spearmanr': 0.61109, 'mse': 3.85209, 'rmse': 1.96267}
Inference: Switched to EMA weights
Inference: Restored training weights
Inference: Switched to EMA weights
Inference: Restored training weights
Inference: Switched to EMA weights
Inference: Restored training weights
Inference: Switched to EMA weights
Inference: Restored training weights
test: {'epoch': 59, 'time_epoch': 28.74404, 'loss': 1.13360832, 'lr': 0, 'params': 1823862, 'time_iter': 7.18601, 'mae': 1.13361, 'r2': 0.19473, 'spearmanr': 0.64761, 'mse': 3.27607, 'rmse': 1.80999}
> Epoch 59: took 76.3s (avg 25.8s) | Best so far: epoch 49	train_loss: 14.5035 train_mae: 0.9979	val_loss: 1.0221 val_mae: 1.0221	test_loss: 1.0368 test_mae: 1.0368
train: {'epoch': 60, 'time_epoch': 18.8542, 'eta': 2648.95513, 'eta_hours': 0.73582, 'loss': 12.88660537, 'lr': 9.891e-05, 'params': 1823862, 'time_iter': 0.47136, 'mae': 0.99648, 'r2': 0.20156, 'spearmanr': 0.69829, 'mse': 3.2284, 'rmse': 1.79678, 'loss_node': 5.538906435394287, 'loss_edge': 1.09078316116333, 'loss_graph': 4.263956853866577, 'loss_task': 0.996479522895813, 'loss_encoder': 0.0}
train: {'epoch': 61, 'time_epoch': 18.8417, 'eta': 2629.41817, 'eta_hours': 0.73039, 'loss': 12.74230751, 'lr': 9.868e-05, 'params': 1823862, 'time_iter': 0.47104, 'mae': 0.98362, 'r2': 0.20798, 'spearmanr': 0.70168, 'mse': 3.20245, 'rmse': 1.78954, 'loss_node': 5.529892746543884, 'loss_edge': 1.0850781277179717, 'loss_graph': 4.1601012362241745, 'loss_task': 0.9836176663398742, 'loss_encoder': 0.0}
train: {'epoch': 62, 'time_epoch': 18.84225, 'eta': 2609.90449, 'eta_hours': 0.72497, 'loss': 12.73717652, 'lr': 9.843e-05, 'params': 1823862, 'time_iter': 0.47106, 'mae': 1.02388, 'r2': 0.15603, 'spearmanr': 0.6776, 'mse': 3.4125, 'rmse': 1.84729, 'loss_node': 5.514172679138183, 'loss_edge': 1.0818307673454284, 'loss_graph': 4.093420255947113, 'loss_task': 1.0238763830184936, 'loss_encoder': 0.0}
train: {'epoch': 63, 'time_epoch': 18.85067, 'eta': 2590.42966, 'eta_hours': 0.71956, 'loss': 12.63101676, 'lr': 9.816e-05, 'params': 1823862, 'time_iter': 0.47127, 'mae': 1.03659, 'r2': 0.09853, 'spearmanr': 0.67351, 'mse': 3.64501, 'rmse': 1.90919, 'loss_node': 5.50772349395752, 'loss_edge': 1.087724577629566, 'loss_graph': 3.962387469792366, 'loss_task': 1.0365905507564546, 'loss_encoder': 0.0}
train: {'epoch': 64, 'time_epoch': 19.04594, 'eta': 2571.3796, 'eta_hours': 0.71427, 'loss': 12.54322866, 'lr': 9.787e-05, 'params': 1823862, 'time_iter': 0.47615, 'mae': 1.03411, 'r2': 0.12933, 'spearmanr': 0.69033, 'mse': 3.52047, 'rmse': 1.87629, 'loss_node': 5.495867275238037, 'loss_edge': 1.0846118854522706, 'loss_graph': 3.8945232737541198, 'loss_task': 1.0341131625175477, 'loss_encoder': 0.0}
train: {'epoch': 65, 'time_epoch': 18.84598, 'eta': 2551.9237, 'eta_hours': 0.70887, 'loss': 12.43437669, 'lr': 9.755e-05, 'params': 1823862, 'time_iter': 0.47115, 'mae': 1.04683, 'r2': 0.12801, 'spearmanr': 0.70699, 'mse': 3.52581, 'rmse': 1.87771, 'loss_node': 5.486647780609131, 'loss_edge': 1.0780528361797332, 'loss_graph': 3.776018387508392, 'loss_task': 1.0468288927078246, 'loss_encoder': 0.0}
train: {'epoch': 66, 'time_epoch': 18.83518, 'eta': 2532.46455, 'eta_hours': 0.70346, 'loss': 12.3581847, 'lr': 9.722e-05, 'params': 1823862, 'time_iter': 0.47088, 'mae': 1.03979, 'r2': 0.12645, 'spearmanr': 0.70799, 'mse': 3.5321, 'rmse': 1.87939, 'loss_node': 5.47813844833374, 'loss_edge': 1.0799658085346222, 'loss_graph': 3.72050419216156, 'loss_task': 1.0397881477355957, 'loss_encoder': 0.0}
train: {'epoch': 67, 'time_epoch': 18.84189, 'eta': 2513.03679, 'eta_hours': 0.69807, 'loss': 12.12513161, 'lr': 9.686e-05, 'params': 1823862, 'time_iter': 0.47105, 'mae': 0.98945, 'r2': 0.18023, 'spearmanr': 0.72933, 'mse': 3.31467, 'rmse': 1.82062, 'loss_node': 5.46698119430542, 'loss_edge': 1.0804284832954407, 'loss_graph': 3.5988162186145782, 'loss_task': 0.9894529038429261, 'loss_encoder': 0.0}
train: {'epoch': 68, 'time_epoch': 18.85612, 'eta': 2493.65303, 'eta_hours': 0.69268, 'loss': 12.09641803, 'lr': 9.649e-05, 'params': 1823862, 'time_iter': 0.4714, 'mae': 1.02008, 'r2': 0.13351, 'spearmanr': 0.7076, 'mse': 3.50355, 'rmse': 1.87178, 'loss_node': 5.451702621078491, 'loss_edge': 1.0717086897253991, 'loss_graph': 3.532850139760971, 'loss_task': 1.0200781068325042, 'loss_encoder': 0.0}
train: {'epoch': 69, 'time_epoch': 18.85657, 'eta': 2474.28517, 'eta_hours': 0.6873, 'loss': 11.87363238, 'lr': 9.609e-05, 'params': 1823862, 'time_iter': 0.47141, 'mae': 0.9959, 'r2': 0.17131, 'spearmanr': 0.73682, 'mse': 3.35073, 'rmse': 1.8305, 'loss_node': 5.436329664611816, 'loss_edge': 1.0757047462463378, 'loss_graph': 3.369805784988403, 'loss_task': 0.9958961158752442, 'loss_encoder': 0.0}
Inference: Switched to EMA weights
Inference: Restored training weights
Inference: Switched to EMA weights
Inference: Restored training weights
Inference: Switched to EMA weights
Inference: Restored training weights
Inference: Switched to EMA weights
Inference: Restored training weights
val: {'epoch': 69, 'time_epoch': 28.67771, 'loss': 1.35396111, 'lr': 0, 'params': 1823862, 'time_iter': 7.16943, 'mae': 1.35396, 'r2': -0.16327, 'spearmanr': 0.61859, 'mse': 4.58183, 'rmse': 2.14052}
Inference: Switched to EMA weights
Inference: Restored training weights
Inference: Switched to EMA weights
Inference: Restored training weights
Inference: Switched to EMA weights
Inference: Restored training weights
Inference: Switched to EMA weights
Inference: Restored training weights
test: {'epoch': 69, 'time_epoch': 28.75895, 'loss': 1.36343046, 'lr': 0, 'params': 1823862, 'time_iter': 7.18974, 'mae': 1.36343, 'r2': -0.11481, 'spearmanr': 0.65183, 'mse': 4.53538, 'rmse': 2.12964}
> Epoch 69: took 76.3s (avg 25.6s) | Best so far: epoch 49	train_loss: 14.5035 train_mae: 0.9979	val_loss: 1.0221 val_mae: 1.0221	test_loss: 1.0368 test_mae: 1.0368
train: {'epoch': 70, 'time_epoch': 18.85972, 'eta': 2454.93743, 'eta_hours': 0.68193, 'loss': 11.86003247, 'lr': 9.568e-05, 'params': 1823862, 'time_iter': 0.47149, 'mae': 0.98161, 'r2': 0.19236, 'spearmanr': 0.75305, 'mse': 3.26561, 'rmse': 1.8071, 'loss_node': 5.4347706893920895, 'loss_edge': 1.077290531718731, 'loss_graph': 3.3847603052139283, 'loss_task': 0.9816055032730102, 'loss_encoder': 0.0}
train: {'epoch': 71, 'time_epoch': 18.84873, 'eta': 2435.58372, 'eta_hours': 0.67655, 'loss': 11.6997024, 'lr': 9.524e-05, 'params': 1823862, 'time_iter': 0.47122, 'mae': 0.98079, 'r2': 0.19648, 'spearmanr': 0.73319, 'mse': 3.24896, 'rmse': 1.80249, 'loss_node': 5.420719194030761, 'loss_edge': 1.075444010066986, 'loss_graph': 3.2419502574920656, 'loss_task': 0.9807945729255676, 'loss_encoder': 0.0}
train: {'epoch': 72, 'time_epoch': 18.86034, 'eta': 2416.26404, 'eta_hours': 0.67118, 'loss': 11.59900173, 'lr': 9.479e-05, 'params': 1823862, 'time_iter': 0.47151, 'mae': 0.97879, 'r2': 0.18455, 'spearmanr': 0.73063, 'mse': 3.29718, 'rmse': 1.81581, 'loss_node': 5.411498516082764, 'loss_edge': 1.081090995168686, 'loss_graph': 3.148825880718231, 'loss_task': 0.9787932327270508, 'loss_encoder': 0.0}
train: {'epoch': 73, 'time_epoch': 18.80114, 'eta': 2396.85599, 'eta_hours': 0.66579, 'loss': 11.4751134, 'lr': 9.431e-05, 'params': 1823862, 'time_iter': 0.47003, 'mae': 0.95083, 'r2': 0.2154, 'spearmanr': 0.75104, 'mse': 3.17244, 'rmse': 1.78113, 'loss_node': 5.400385184478759, 'loss_edge': 1.0724468543767929, 'loss_graph': 3.1006197479248048, 'loss_task': 0.9508307922363282, 'loss_encoder': 0.0}
train: {'epoch': 74, 'time_epoch': 18.87209, 'eta': 2377.58236, 'eta_hours': 0.66044, 'loss': 11.3830851, 'lr': 9.382e-05, 'params': 1823862, 'time_iter': 0.4718, 'mae': 0.92147, 'r2': 0.23054, 'spearmanr': 0.76829, 'mse': 3.11124, 'rmse': 1.76387, 'loss_node': 5.391044174194336, 'loss_edge': 1.078349179124832, 'loss_graph': 3.0707610543489454, 'loss_task': 0.9214651991844177, 'loss_encoder': 0.0}
train: {'epoch': 75, 'time_epoch': 19.00789, 'eta': 2358.54086, 'eta_hours': 0.65515, 'loss': 11.13411345, 'lr': 9.33e-05, 'params': 1823862, 'time_iter': 0.4752, 'mae': 0.8124, 'r2': 0.39142, 'spearmanr': 0.8011, 'mse': 2.46072, 'rmse': 1.56867, 'loss_node': 5.380587120819092, 'loss_edge': 1.0729191680431367, 'loss_graph': 3.0558082506656645, 'loss_task': 0.8123993728637695, 'loss_encoder': 0.0}
train: {'epoch': 76, 'time_epoch': 18.85925, 'eta': 2339.2628, 'eta_hours': 0.6498, 'loss': 10.90472897, 'lr': 9.277e-05, 'params': 1823862, 'time_iter': 0.47148, 'mae': 0.80472, 'r2': 0.39057, 'spearmanr': 0.80675, 'mse': 2.46417, 'rmse': 1.56977, 'loss_node': 5.370157664489746, 'loss_edge': 1.0760101168632508, 'loss_graph': 2.849128767299652, 'loss_task': 0.8047162092208863, 'loss_encoder': 0.0}
train: {'epoch': 77, 'time_epoch': 18.85059, 'eta': 2319.98193, 'eta_hours': 0.64444, 'loss': 11.16479003, 'lr': 9.222e-05, 'params': 1823862, 'time_iter': 0.47126, 'mae': 0.88785, 'r2': 0.2711, 'spearmanr': 0.75834, 'mse': 2.94723, 'rmse': 1.71675, 'loss_node': 5.361123297119141, 'loss_edge': 1.0787559448480606, 'loss_graph': 2.949219034934044, 'loss_task': 0.8878458495140076, 'loss_encoder': 0.0}
train: {'epoch': 78, 'time_epoch': 18.84637, 'eta': 2300.70549, 'eta_hours': 0.63908, 'loss': 10.89565685, 'lr': 9.165e-05, 'params': 1823862, 'time_iter': 0.47116, 'mae': 0.8457, 'r2': 0.34972, 'spearmanr': 0.7685, 'mse': 2.62934, 'rmse': 1.62152, 'loss_node': 5.349814715194702, 'loss_edge': 1.0790382128715514, 'loss_graph': 2.77541193857193, 'loss_task': 0.8456959734916687, 'loss_encoder': 0.0}
train: {'epoch': 79, 'time_epoch': 18.81689, 'eta': 2281.39558, 'eta_hours': 0.63372, 'loss': 10.91920113, 'lr': 9.106e-05, 'params': 1823862, 'time_iter': 0.47042, 'mae': 0.91842, 'r2': 0.28421, 'spearmanr': 0.73696, 'mse': 2.89421, 'rmse': 1.70124, 'loss_node': 5.341078497314453, 'loss_edge': 1.0735562915802002, 'loss_graph': 2.6677329339981077, 'loss_task': 0.9184166632652283, 'loss_encoder': 0.0}
Inference: Switched to EMA weights
Inference: Restored training weights
Inference: Switched to EMA weights
Inference: Restored training weights
Inference: Switched to EMA weights
Inference: Restored training weights
Inference: Switched to EMA weights
Inference: Restored training weights
val: {'epoch': 79, 'time_epoch': 28.67241, 'loss': 1.2456655, 'lr': 0, 'params': 1823862, 'time_iter': 7.1681, 'mae': 1.24567, 'r2': -0.14333, 'spearmanr': 0.65232, 'mse': 4.5033, 'rmse': 2.1221}
Inference: Switched to EMA weights
Inference: Restored training weights
Inference: Switched to EMA weights
Inference: Restored training weights
Inference: Switched to EMA weights
Inference: Restored training weights
Inference: Switched to EMA weights
Inference: Restored training weights
test: {'epoch': 79, 'time_epoch': 28.73984, 'loss': 1.22721728, 'lr': 0, 'params': 1823862, 'time_iter': 7.18496, 'mae': 1.22722, 'r2': -0.0193, 'spearmanr': 0.69528, 'mse': 4.14683, 'rmse': 2.03638}
> Epoch 79: took 76.2s (avg 25.5s) | Best so far: epoch 49	train_loss: 14.5035 train_mae: 0.9979	val_loss: 1.0221 val_mae: 1.0221	test_loss: 1.0368 test_mae: 1.0368
train: {'epoch': 80, 'time_epoch': 18.87204, 'eta': 2262.17887, 'eta_hours': 0.62838, 'loss': 10.96948374, 'lr': 9.045e-05, 'params': 1823862, 'time_iter': 0.4718, 'mae': 0.98188, 'r2': 0.18743, 'spearmanr': 0.70232, 'mse': 3.28553, 'rmse': 1.8126, 'loss_node': 5.328374708557129, 'loss_edge': 1.0744508042812349, 'loss_graph': 2.6029059904813767, 'loss_task': 0.9818759954452515, 'loss_encoder': 0.0}
train: {'epoch': 81, 'time_epoch': 18.84251, 'eta': 2242.92807, 'eta_hours': 0.62304, 'loss': 11.00400079, 'lr': 8.983e-05, 'params': 1823862, 'time_iter': 0.47106, 'mae': 0.95906, 'r2': 0.25735, 'spearmanr': 0.74249, 'mse': 3.00281, 'rmse': 1.73286, 'loss_node': 5.322246684265137, 'loss_edge': 1.0784633450508119, 'loss_graph': 2.685165926647186, 'loss_task': 0.9590624923706055, 'loss_encoder': 0.0}
train: {'epoch': 82, 'time_epoch': 18.85166, 'eta': 2223.70001, 'eta_hours': 0.61769, 'loss': 10.79171024, 'lr': 8.918e-05, 'params': 1823862, 'time_iter': 0.47129, 'mae': 0.9734, 'r2': 0.26605, 'spearmanr': 0.74778, 'mse': 2.96767, 'rmse': 1.72269, 'loss_node': 5.3090701717376705, 'loss_edge': 1.0734833749294281, 'loss_graph': 2.46235382912159, 'loss_task': 0.9734013061523438, 'loss_encoder': 0.0}
train: {'epoch': 83, 'time_epoch': 19.05797, 'eta': 2204.76581, 'eta_hours': 0.61243, 'loss': 11.34353391, 'lr': 8.853e-05, 'params': 1823862, 'time_iter': 0.47645, 'mae': 1.18544, 'r2': 0.14855, 'spearmanr': 0.68007, 'mse': 3.44276, 'rmse': 1.85547, 'loss_node': 5.304031415557861, 'loss_edge': 1.0748665210723878, 'loss_graph': 2.5937504397392273, 'loss_task': 1.1854428157806396, 'loss_encoder': 0.0}
train: {'epoch': 84, 'time_epoch': 18.87619, 'eta': 2185.58277, 'eta_hours': 0.60711, 'loss': 11.17545972, 'lr': 8.785e-05, 'params': 1823862, 'time_iter': 0.4719, 'mae': 1.21931, 'r2': 0.18912, 'spearmanr': 0.73238, 'mse': 3.27871, 'rmse': 1.81072, 'loss_node': 5.29131329612732, 'loss_edge': 1.0706264211177825, 'loss_graph': 2.3748973003387452, 'loss_task': 1.2193113989830018, 'loss_encoder': 0.0}
train: {'epoch': 85, 'time_epoch': 18.8539, 'eta': 2166.37733, 'eta_hours': 0.60177, 'loss': 11.29919012, 'lr': 8.716e-05, 'params': 1823862, 'time_iter': 0.47135, 'mae': 1.24066, 'r2': 0.21428, 'spearmanr': 0.74288, 'mse': 3.17697, 'rmse': 1.78241, 'loss_node': 5.281091491699219, 'loss_edge': 1.0740267835617066, 'loss_graph': 2.4627475393891336, 'loss_task': 1.240662176132202, 'loss_encoder': 0.0}
train: {'epoch': 86, 'time_epoch': 18.82914, 'eta': 2147.1478, 'eta_hours': 0.59643, 'loss': 11.16240395, 'lr': 8.645e-05, 'params': 1823862, 'time_iter': 0.47073, 'mae': 1.27063, 'r2': 0.2038, 'spearmanr': 0.7777, 'mse': 3.21936, 'rmse': 1.79426, 'loss_node': 5.273408596038818, 'loss_edge': 1.0658583165168762, 'loss_graph': 2.281880384492874, 'loss_task': 1.2706283208847047, 'loss_encoder': 0.0}
train: {'epoch': 87, 'time_epoch': 18.85253, 'eta': 2127.95714, 'eta_hours': 0.5911, 'loss': 11.24083386, 'lr': 8.572e-05, 'params': 1823862, 'time_iter': 0.47131, 'mae': 1.30667, 'r2': 0.19383, 'spearmanr': 0.77767, 'mse': 3.25968, 'rmse': 1.80546, 'loss_node': 5.264534440612793, 'loss_edge': 1.0665600866317748, 'loss_graph': 2.29639980134964, 'loss_task': 1.3066698043823242, 'loss_encoder': 0.0}
train: {'epoch': 88, 'time_epoch': 18.84582, 'eta': 2108.76571, 'eta_hours': 0.58577, 'loss': 11.26043085, 'lr': 8.498e-05, 'params': 1823862, 'time_iter': 0.47115, 'mae': 1.39157, 'r2': 0.17088, 'spearmanr': 0.81051, 'mse': 3.35244, 'rmse': 1.83097, 'loss_node': 5.258370735931397, 'loss_edge': 1.069564078140259, 'loss_graph': 2.149360513782501, 'loss_task': 1.3915677974700928, 'loss_encoder': 0.0}
train: {'epoch': 89, 'time_epoch': 18.86202, 'eta': 2089.60176, 'eta_hours': 0.58044, 'loss': 11.46757676, 'lr': 8.423e-05, 'params': 1823862, 'time_iter': 0.47155, 'mae': 1.50096, 'r2': 0.07277, 'spearmanr': 0.79343, 'mse': 3.74918, 'rmse': 1.93628, 'loss_node': 5.245735034942627, 'loss_edge': 1.0702253432273865, 'loss_graph': 2.149695844721794, 'loss_task': 1.5009603092193604, 'loss_encoder': 0.0}
Inference: Switched to EMA weights
Inference: Restored training weights
Inference: Switched to EMA weights
Inference: Restored training weights
Inference: Switched to EMA weights
Inference: Restored training weights
Inference: Switched to EMA weights
Inference: Restored training weights
val: {'epoch': 89, 'time_epoch': 28.6719, 'loss': 0.98909497, 'lr': 0, 'params': 1823862, 'time_iter': 7.16798, 'mae': 0.98909, 'r2': 0.04535, 'spearmanr': 0.6541, 'mse': 3.76014, 'rmse': 1.93911}
Inference: Switched to EMA weights
Inference: Restored training weights
Inference: Switched to EMA weights
Inference: Restored training weights
Inference: Switched to EMA weights
Inference: Restored training weights
Inference: Switched to EMA weights
Inference: Restored training weights
test: {'epoch': 89, 'time_epoch': 28.74422, 'loss': 0.98918973, 'lr': 0, 'params': 1823862, 'time_iter': 7.18605, 'mae': 0.98919, 'r2': 0.11423, 'spearmanr': 0.69086, 'mse': 3.60357, 'rmse': 1.89831}
> Epoch 89: took 76.3s (avg 25.4s) | Best so far: epoch 89	train_loss: 11.4676 train_mae: 1.5010	val_loss: 0.9891 val_mae: 0.9891	test_loss: 0.9892 test_mae: 0.9892
train: {'epoch': 90, 'time_epoch': 18.8307, 'eta': 2070.40693, 'eta_hours': 0.57511, 'loss': 11.71583717, 'lr': 8.346e-05, 'params': 1823862, 'time_iter': 0.47077, 'mae': 1.63925, 'r2': -0.03115, 'spearmanr': 0.77335, 'mse': 4.16934, 'rmse': 2.0419, 'loss_node': 5.237356293106079, 'loss_edge': 1.0668590607643127, 'loss_graph': 2.1331229296922682, 'loss_task': 1.6392493770599366, 'loss_encoder': 0.0}
train: {'epoch': 91, 'time_epoch': 18.84821, 'eta': 2051.24057, 'eta_hours': 0.56979, 'loss': 11.76855497, 'lr': 8.267e-05, 'params': 1823862, 'time_iter': 0.47121, 'mae': 1.65839, 'r2': -0.08835, 'spearmanr': 0.75877, 'mse': 4.40062, 'rmse': 2.09776, 'loss_node': 5.230303941345215, 'loss_edge': 1.063174286556244, 'loss_graph': 2.158294759273529, 'loss_task': 1.6583908699035645, 'loss_encoder': 0.0}
train: {'epoch': 92, 'time_epoch': 18.84002, 'eta': 2032.07163, 'eta_hours': 0.56446, 'loss': 11.77736275, 'lr': 8.187e-05, 'params': 1823862, 'time_iter': 0.471, 'mae': 1.68961, 'r2': -0.09976, 'spearmanr': 0.76309, 'mse': 4.44678, 'rmse': 2.10874, 'loss_node': 5.225835960388183, 'loss_edge': 1.0696687134742737, 'loss_graph': 2.102639619255066, 'loss_task': 1.6896092155456544, 'loss_encoder': 0.0}
train: {'epoch': 93, 'time_epoch': 19.0464, 'eta': 2013.14241, 'eta_hours': 0.55921, 'loss': 11.87728394, 'lr': 8.106e-05, 'params': 1823862, 'time_iter': 0.47616, 'mae': 1.76878, 'r2': -0.14078, 'spearmanr': 0.79352, 'mse': 4.61261, 'rmse': 2.1477, 'loss_node': 5.220237924194336, 'loss_edge': 1.066876600074768, 'loss_graph': 2.0526071475028993, 'loss_task': 1.7687811367034911, 'loss_encoder': 0.0}
train: {'epoch': 94, 'time_epoch': 18.84687, 'eta': 1993.9902, 'eta_hours': 0.55389, 'loss': 12.10973128, 'lr': 8.023e-05, 'params': 1823862, 'time_iter': 0.47117, 'mae': 1.95158, 'r2': -0.32484, 'spearmanr': 0.78257, 'mse': 5.35684, 'rmse': 2.31449, 'loss_node': 5.211334807968139, 'loss_edge': 1.0608074301362038, 'loss_graph': 1.9344314724206924, 'loss_task': 1.9515787006378174, 'loss_encoder': 0.0}
train: {'epoch': 95, 'time_epoch': 18.85399, 'eta': 1974.85206, 'eta_hours': 0.54857, 'loss': 12.6053729, 'lr': 7.939e-05, 'params': 1823862, 'time_iter': 0.47135, 'mae': 2.20412, 'r2': -0.64812, 'spearmanr': 0.71246, 'mse': 6.66402, 'rmse': 2.58148, 'loss_node': 5.20260749206543, 'loss_edge': 1.069211298751831, 'loss_graph': 1.9253076197624206, 'loss_task': 2.204123329925537, 'loss_encoder': 0.0}
train: {'epoch': 96, 'time_epoch': 18.86548, 'eta': 1955.73197, 'eta_hours': 0.54326, 'loss': 12.66170011, 'lr': 7.854e-05, 'params': 1823862, 'time_iter': 0.47164, 'mae': 2.28513, 'r2': -0.71554, 'spearmanr': 0.74776, 'mse': 6.93662, 'rmse': 2.63375, 'loss_node': 5.195876114654541, 'loss_edge': 1.0555881658554078, 'loss_graph': 1.8399771307229995, 'loss_task': 2.2851291900634765, 'loss_encoder': 0.0}
train: {'epoch': 97, 'time_epoch': 18.87276, 'eta': 1936.62467, 'eta_hours': 0.53795, 'loss': 12.85749248, 'lr': 7.767e-05, 'params': 1823862, 'time_iter': 0.47182, 'mae': 2.36614, 'r2': -0.81522, 'spearmanr': 0.72262, 'mse': 7.33965, 'rmse': 2.70918, 'loss_node': 5.185678442382812, 'loss_edge': 1.064581406712532, 'loss_graph': 1.8749485175609588, 'loss_task': 2.3661419673919677, 'loss_encoder': 0.0}
train: {'epoch': 98, 'time_epoch': 18.87758, 'eta': 1917.52702, 'eta_hours': 0.53265, 'loss': 12.94728078, 'lr': 7.679e-05, 'params': 1823862, 'time_iter': 0.47194, 'mae': 2.48217, 'r2': -0.94617, 'spearmanr': 0.76011, 'mse': 7.86915, 'rmse': 2.8052, 'loss_node': 5.1774926849365235, 'loss_edge': 1.063194270992279, 'loss_graph': 1.7422509516000748, 'loss_task': 2.482171420288086, 'loss_encoder': 0.0}
train: {'epoch': 99, 'time_epoch': 18.83565, 'eta': 1898.39183, 'eta_hours': 0.52733, 'loss': 13.23923881, 'lr': 7.59e-05, 'params': 1823862, 'time_iter': 0.47089, 'mae': 2.59897, 'r2': -1.11684, 'spearmanr': 0.75054, 'mse': 8.55921, 'rmse': 2.92561, 'loss_node': 5.165320740509033, 'loss_edge': 1.0599828643798828, 'loss_graph': 1.8160034057378769, 'loss_task': 2.598966077423096, 'loss_encoder': 0.0}
Inference: Switched to EMA weights
Inference: Restored training weights
Inference: Switched to EMA weights
Inference: Restored training weights
Inference: Switched to EMA weights
Inference: Restored training weights
Inference: Switched to EMA weights
Inference: Restored training weights
val: {'epoch': 99, 'time_epoch': 28.66362, 'loss': 1.39111929, 'lr': 0, 'params': 1823862, 'time_iter': 7.1659, 'mae': 1.39112, 'r2': -0.01478, 'spearmanr': 0.63894, 'mse': 3.99697, 'rmse': 1.99924}
Inference: Switched to EMA weights
Inference: Restored training weights
Inference: Switched to EMA weights
Inference: Restored training weights
Inference: Switched to EMA weights
Inference: Restored training weights
Inference: Switched to EMA weights
Inference: Restored training weights
test: {'epoch': 99, 'time_epoch': 28.75253, 'loss': 1.41297783, 'lr': 0, 'params': 1823862, 'time_iter': 7.18813, 'mae': 1.41298, 'r2': 0.11415, 'spearmanr': 0.66015, 'mse': 3.60391, 'rmse': 1.8984}
> Epoch 99: took 76.3s (avg 25.3s) | Best so far: epoch 89	train_loss: 11.4676 train_mae: 1.5010	val_loss: 0.9891 val_mae: 0.9891	test_loss: 0.9892 test_mae: 0.9892
train: {'epoch': 100, 'time_epoch': 18.85138, 'eta': 1879.278, 'eta_hours': 0.52202, 'loss': 13.33945814, 'lr': 7.5e-05, 'params': 1823862, 'time_iter': 0.47128, 'mae': 2.70636, 'r2': -1.27179, 'spearmanr': 0.73146, 'mse': 9.18574, 'rmse': 3.0308, 'loss_node': 5.157855868530273, 'loss_edge': 1.0588828085899353, 'loss_graph': 1.7099930019378662, 'loss_task': 2.706363264465332, 'loss_encoder': 0.0}
train: {'epoch': 101, 'time_epoch': 18.85018, 'eta': 1860.16816, 'eta_hours': 0.51671, 'loss': 13.70328383, 'lr': 7.409e-05, 'params': 1823862, 'time_iter': 0.47125, 'mae': 2.90103, 'r2': -1.58139, 'spearmanr': 0.71005, 'mse': 10.4376, 'rmse': 3.23073, 'loss_node': 5.149146408843994, 'loss_edge': 1.0599422309875488, 'loss_graph': 1.6921281166672706, 'loss_task': 2.901033620452881, 'loss_encoder': 0.0}
train: {'epoch': 102, 'time_epoch': 18.84031, 'eta': 1841.05407, 'eta_hours': 0.5114, 'loss': 13.88872498, 'lr': 7.316e-05, 'params': 1823862, 'time_iter': 0.47101, 'mae': 3.00689, 'r2': -1.74507, 'spearmanr': 0.70492, 'mse': 11.09941, 'rmse': 3.33158, 'loss_node': 5.136552453613281, 'loss_edge': 1.0658592765808106, 'loss_graph': 1.6725323165893555, 'loss_task': 3.006890400695801, 'loss_encoder': 0.0}
train: {'epoch': 103, 'time_epoch': 18.86395, 'eta': 1821.96707, 'eta_hours': 0.5061, 'loss': 13.82260648, 'lr': 7.223e-05, 'params': 1823862, 'time_iter': 0.4716, 'mae': 2.97848, 'r2': -1.67458, 'spearmanr': 0.73625, 'mse': 10.81437, 'rmse': 3.28852, 'loss_node': 5.12952904586792, 'loss_edge': 1.0646961480140686, 'loss_graph': 1.6714197113513947, 'loss_task': 2.978480763244629, 'loss_encoder': 0.0}
train: {'epoch': 104, 'time_epoch': 19.06601, 'eta': 1803.06713, 'eta_hours': 0.50085, 'loss': 13.5823793, 'lr': 7.129e-05, 'params': 1823862, 'time_iter': 0.47665, 'mae': 2.8568, 'r2': -1.49753, 'spearmanr': 0.7287, 'mse': 10.0985, 'rmse': 3.17781, 'loss_node': 5.125384329223633, 'loss_edge': 1.061246841621399, 'loss_graph': 1.682151562666893, 'loss_task': 2.8567983619689943, 'loss_encoder': 0.0}
train: {'epoch': 105, 'time_epoch': 18.86739, 'eta': 1783.98792, 'eta_hours': 0.49555, 'loss': 13.5593083, 'lr': 7.034e-05, 'params': 1823862, 'time_iter': 0.47168, 'mae': 2.9062, 'r2': -1.56421, 'spearmanr': 0.72745, 'mse': 10.36812, 'rmse': 3.21996, 'loss_node': 5.116483744049073, 'loss_edge': 1.062062486076355, 'loss_graph': 1.56836639919281, 'loss_task': 2.906197869491577, 'loss_encoder': 0.0}
train: {'epoch': 106, 'time_epoch': 18.85295, 'eta': 1764.90012, 'eta_hours': 0.49025, 'loss': 13.75679112, 'lr': 6.938e-05, 'params': 1823862, 'time_iter': 0.47132, 'mae': 3.01865, 'r2': -1.74715, 'spearmanr': 0.71775, 'mse': 11.10784, 'rmse': 3.33284, 'loss_node': 5.107772689056397, 'loss_edge': 1.0591426156044006, 'loss_graph': 1.5525717575788498, 'loss_task': 3.01865209274292, 'loss_encoder': 0.0}
train: {'epoch': 107, 'time_epoch': 18.85194, 'eta': 1745.81581, 'eta_hours': 0.48495, 'loss': 14.14411131, 'lr': 6.841e-05, 'params': 1823862, 'time_iter': 0.4713, 'mae': 3.0975, 'r2': -1.88318, 'spearmanr': 0.70981, 'mse': 11.65784, 'rmse': 3.41436, 'loss_node': 5.101423069763183, 'loss_edge': 1.0652335907459258, 'loss_graph': 1.782457746362686, 'loss_task': 3.0974984481811525, 'loss_encoder': 0.0}
train: {'epoch': 108, 'time_epoch': 18.83186, 'eta': 1726.719, 'eta_hours': 0.47964, 'loss': 13.6336277, 'lr': 6.743e-05, 'params': 1823862, 'time_iter': 0.4708, 'mae': 2.97586, 'r2': -1.68803, 'spearmanr': 0.71541, 'mse': 10.86877, 'rmse': 3.29678, 'loss_node': 5.093139556121826, 'loss_edge': 1.0590101192474366, 'loss_graph': 1.5297655788898468, 'loss_task': 2.9758561977386475, 'loss_encoder': 0.0}
train: {'epoch': 109, 'time_epoch': 18.81669, 'eta': 1707.61459, 'eta_hours': 0.47434, 'loss': 13.84428928, 'lr': 6.644e-05, 'params': 1823862, 'time_iter': 0.47042, 'mae': 3.1077, 'r2': -1.87395, 'spearmanr': 0.73701, 'mse': 11.6205, 'rmse': 3.40889, 'loss_node': 5.084861271286011, 'loss_edge': 1.0604895921945572, 'loss_graph': 1.4835419845223428, 'loss_task': 3.107698274230957, 'loss_encoder': 0.0}
Inference: Switched to EMA weights
Inference: Restored training weights
Inference: Switched to EMA weights
Inference: Restored training weights
Inference: Switched to EMA weights
Inference: Restored training weights
Inference: Switched to EMA weights
Inference: Restored training weights
val: {'epoch': 109, 'time_epoch': 28.66173, 'loss': 2.21757008, 'lr': 0, 'params': 1823862, 'time_iter': 7.16543, 'mae': 2.21757, 'r2': -0.79313, 'spearmanr': 0.58079, 'mse': 7.06271, 'rmse': 2.65758}
Inference: Switched to EMA weights
Inference: Restored training weights
Inference: Switched to EMA weights
Inference: Restored training weights
Inference: Switched to EMA weights
Inference: Restored training weights
Inference: Switched to EMA weights
Inference: Restored training weights
test: {'epoch': 109, 'time_epoch': 28.74502, 'loss': 2.19565329, 'lr': 0, 'params': 1823862, 'time_iter': 7.18625, 'mae': 2.19565, 'r2': -0.58822, 'spearmanr': 0.60823, 'mse': 6.46134, 'rmse': 2.54192}
> Epoch 109: took 76.2s (avg 25.3s) | Best so far: epoch 89	train_loss: 11.4676 train_mae: 1.5010	val_loss: 0.9891 val_mae: 0.9891	test_loss: 0.9892 test_mae: 0.9892
train: {'epoch': 110, 'time_epoch': 18.87998, 'eta': 1688.56611, 'eta_hours': 0.46905, 'loss': 13.86645177, 'lr': 6.545e-05, 'params': 1823862, 'time_iter': 0.472, 'mae': 3.14834, 'r2': -1.94694, 'spearmanr': 0.72339, 'mse': 11.91566, 'rmse': 3.45191, 'loss_node': 5.0752880641937255, 'loss_edge': 1.0621923484802247, 'loss_graph': 1.4322986927986145, 'loss_task': 3.1483363170623777, 'loss_encoder': 0.0}
train: {'epoch': 111, 'time_epoch': 18.85463, 'eta': 1669.50073, 'eta_hours': 0.46375, 'loss': 14.54315642, 'lr': 6.445e-05, 'params': 1823862, 'time_iter': 0.47137, 'mae': 3.50183, 'r2': -2.54447, 'spearmanr': 0.73979, 'mse': 14.33171, 'rmse': 3.78572, 'loss_node': 5.064761534118652, 'loss_edge': 1.060235637307167, 'loss_graph': 1.4144992852449416, 'loss_task': 3.5018300178527833, 'loss_encoder': 0.0}
train: {'epoch': 112, 'time_epoch': 18.86818, 'eta': 1650.4495, 'eta_hours': 0.45846, 'loss': 14.85257412, 'lr': 6.345e-05, 'params': 1823862, 'time_iter': 0.4717, 'mae': 3.68502, 'r2': -2.88959, 'spearmanr': 0.72574, 'mse': 15.72715, 'rmse': 3.96575, 'loss_node': 5.055311925506592, 'loss_edge': 1.05996949532032, 'loss_graph': 1.3672529687404633, 'loss_task': 3.6850198585510254, 'loss_encoder': 0.0}
train: {'epoch': 113, 'time_epoch': 18.82952, 'eta': 1631.37233, 'eta_hours': 0.45316, 'loss': 15.18414427, 'lr': 6.243e-05, 'params': 1823862, 'time_iter': 0.47074, 'mae': 3.8446, 'r2': -3.23059, 'spearmanr': 0.68971, 'mse': 17.10593, 'rmse': 4.13593, 'loss_node': 5.046134725189209, 'loss_edge': 1.053006374311447, 'loss_graph': 1.3957942187309265, 'loss_task': 3.8446044845581056, 'loss_encoder': 0.0}
train: {'epoch': 114, 'time_epoch': 18.85433, 'eta': 1612.3178, 'eta_hours': 0.44787, 'loss': 15.18878331, 'lr': 6.142e-05, 'params': 1823862, 'time_iter': 0.47136, 'mae': 3.86075, 'r2': -3.26725, 'spearmanr': 0.69379, 'mse': 17.25419, 'rmse': 4.15382, 'loss_node': 5.037379747009277, 'loss_edge': 1.0545509788274765, 'loss_graph': 1.375354683148861, 'loss_task': 3.8607489852905275, 'loss_encoder': 0.0}
train: {'epoch': 115, 'time_epoch': 19.04209, 'eta': 1593.40268, 'eta_hours': 0.44261, 'loss': 15.07782046, 'lr': 6.04e-05, 'params': 1823862, 'time_iter': 0.47605, 'mae': 3.79849, 'r2': -3.13014, 'spearmanr': 0.71274, 'mse': 16.69978, 'rmse': 4.08654, 'loss_node': 5.027769343566894, 'loss_edge': 1.048361750602722, 'loss_graph': 1.4047101696014404, 'loss_task': 3.7984896575927736, 'loss_encoder': 0.0}
train: {'epoch': 116, 'time_epoch': 18.83825, 'eta': 1574.34079, 'eta_hours': 0.43732, 'loss': 15.70258488, 'lr': 5.937e-05, 'params': 1823862, 'time_iter': 0.47096, 'mae': 4.13813, 'r2': -3.87513, 'spearmanr': 0.6798, 'mse': 19.71207, 'rmse': 4.43983, 'loss_node': 5.024734558105469, 'loss_edge': 1.0615497188568115, 'loss_graph': 1.3400357035636903, 'loss_task': 4.138132420349121, 'loss_encoder': 0.0}
train: {'epoch': 117, 'time_epoch': 18.85345, 'eta': 1555.29326, 'eta_hours': 0.43203, 'loss': 15.96920962, 'lr': 5.834e-05, 'params': 1823862, 'time_iter': 0.47134, 'mae': 4.3164, 'r2': -4.28324, 'spearmanr': 0.65281, 'mse': 21.36225, 'rmse': 4.62193, 'loss_node': 5.015637736511231, 'loss_edge': 1.0587888252258302, 'loss_graph': 1.261984768128395, 'loss_task': 4.3163991569519045, 'loss_encoder': 0.0}
train: {'epoch': 118, 'time_epoch': 18.84559, 'eta': 1536.24363, 'eta_hours': 0.42673, 'loss': 15.74599872, 'lr': 5.73e-05, 'params': 1823862, 'time_iter': 0.47114, 'mae': 4.20042, 'r2': -4.0252, 'spearmanr': 0.66876, 'mse': 20.3189, 'rmse': 4.50765, 'loss_node': 5.006841242218018, 'loss_edge': 1.0550713607788087, 'loss_graph': 1.2832558569908141, 'loss_task': 4.2004151542663575, 'loss_encoder': 0.0}
train: {'epoch': 119, 'time_epoch': 18.83962, 'eta': 1517.19343, 'eta_hours': 0.42144, 'loss': 15.9507593, 'lr': 5.627e-05, 'params': 1823862, 'time_iter': 0.47099, 'mae': 4.3016, 'r2': -4.24587, 'spearmanr': 0.66762, 'mse': 21.21114, 'rmse': 4.60556, 'loss_node': 5.0036, 'loss_edge': 1.0564506479263305, 'loss_graph': 1.2875001386165619, 'loss_task': 4.30160421295166, 'loss_encoder': 0.0}
Inference: Switched to EMA weights
Inference: Restored training weights
Inference: Switched to EMA weights
Inference: Restored training weights
Inference: Switched to EMA weights
Inference: Restored training weights
Inference: Switched to EMA weights
Inference: Restored training weights
val: {'epoch': 119, 'time_epoch': 28.66165, 'loss': 3.21868589, 'lr': 0, 'params': 1823862, 'time_iter': 7.16541, 'mae': 3.21869, 'r2': -2.25495, 'spearmanr': 0.52496, 'mse': 12.82045, 'rmse': 3.58056}
Inference: Switched to EMA weights
Inference: Restored training weights
Inference: Switched to EMA weights
Inference: Restored training weights
Inference: Switched to EMA weights
Inference: Restored training weights
Inference: Switched to EMA weights
Inference: Restored training weights
test: {'epoch': 119, 'time_epoch': 28.74811, 'loss': 3.2397038, 'lr': 0, 'params': 1823862, 'time_iter': 7.18703, 'mae': 3.2397, 'r2': -2.10788, 'spearmanr': 0.49132, 'mse': 12.64379, 'rmse': 3.55581}
> Epoch 119: took 76.3s (avg 25.2s) | Best so far: epoch 89	train_loss: 11.4676 train_mae: 1.5010	val_loss: 0.9891 val_mae: 0.9891	test_loss: 0.9892 test_mae: 0.9892
train: {'epoch': 120, 'time_epoch': 18.86675, 'eta': 1498.16442, 'eta_hours': 0.41616, 'loss': 16.38867009, 'lr': 5.523e-05, 'params': 1823862, 'time_iter': 0.47167, 'mae': 4.54696, 'r2': -4.81731, 'spearmanr': 0.67278, 'mse': 23.52168, 'rmse': 4.84992, 'loss_node': 4.992866677093506, 'loss_edge': 1.055142290687561, 'loss_graph': 1.2467440440893174, 'loss_task': 4.546958522033691, 'loss_encoder': 0.0}
train: {'epoch': 121, 'time_epoch': 19.05271, 'eta': 1479.25696, 'eta_hours': 0.4109, 'loss': 16.73478983, 'lr': 5.418e-05, 'params': 1823862, 'time_iter': 0.47632, 'mae': 4.75531, 'r2': -5.32483, 'spearmanr': 0.65389, 'mse': 25.57379, 'rmse': 5.05705, 'loss_node': 4.98257338256836, 'loss_edge': 1.0502120003223419, 'loss_graph': 1.1913823490262032, 'loss_task': 4.755311061096191, 'loss_encoder': 0.0}
train: {'epoch': 122, 'time_epoch': 18.83066, 'eta': 1460.20814, 'eta_hours': 0.40561, 'loss': 16.97194724, 'lr': 5.314e-05, 'params': 1823862, 'time_iter': 0.47077, 'mae': 4.87979, 'r2': -5.61781, 'spearmanr': 0.68358, 'mse': 26.75845, 'rmse': 5.17286, 'loss_node': 4.974149831390381, 'loss_edge': 1.057251894760132, 'loss_graph': 1.1809638204574584, 'loss_task': 4.879790832519531, 'loss_encoder': 0.0}
train: {'epoch': 123, 'time_epoch': 18.82153, 'eta': 1441.15724, 'eta_hours': 0.40032, 'loss': 17.50448537, 'lr': 5.209e-05, 'params': 1823862, 'time_iter': 0.47054, 'mae': 5.15768, 'r2': -6.32537, 'spearmanr': 0.68923, 'mse': 29.61937, 'rmse': 5.44237, 'loss_node': 4.963813787078857, 'loss_edge': 1.0578104856491088, 'loss_graph': 1.1675057565689086, 'loss_task': 5.157677615356445, 'loss_encoder': 0.0}
train: {'epoch': 124, 'time_epoch': 18.85854, 'eta': 1422.13221, 'eta_hours': 0.39504, 'loss': 17.67020042, 'lr': 5.105e-05, 'params': 1823862, 'time_iter': 0.47146, 'mae': 5.24502, 'r2': -6.57046, 'spearmanr': 0.66921, 'mse': 30.61036, 'rmse': 5.53266, 'loss_node': 4.95573416519165, 'loss_edge': 1.053644692325592, 'loss_graph': 1.1707779168605805, 'loss_task': 5.245021789550782, 'loss_encoder': 0.0}
train: {'epoch': 125, 'time_epoch': 18.84215, 'eta': 1403.1002, 'eta_hours': 0.38975, 'loss': 17.51729146, 'lr': 5e-05, 'params': 1823862, 'time_iter': 0.47105, 'mae': 5.20043, 'r2': -6.44747, 'spearmanr': 0.70043, 'mse': 30.11308, 'rmse': 5.48754, 'loss_node': 4.945321301269531, 'loss_edge': 1.0522619077682496, 'loss_graph': 1.1188424279212952, 'loss_task': 5.200432839965821, 'loss_encoder': 0.0}
train: {'epoch': 126, 'time_epoch': 18.85757, 'eta': 1384.08004, 'eta_hours': 0.38447, 'loss': 17.1267017, 'lr': 4.895e-05, 'params': 1823862, 'time_iter': 0.47144, 'mae': 5.00557, 'r2': -5.92418, 'spearmanr': 0.70915, 'mse': 27.99722, 'rmse': 5.29124, 'loss_node': 4.937509676361084, 'loss_edge': 1.0484134197235107, 'loss_graph': 1.1296383375167847, 'loss_task': 5.005570172119141, 'loss_encoder': 0.0}
train: {'epoch': 127, 'time_epoch': 19.03391, 'eta': 1365.16162, 'eta_hours': 0.37921, 'loss': 17.46061951, 'lr': 4.791e-05, 'params': 1823862, 'time_iter': 0.47585, 'mae': 5.18779, 'r2': -6.41571, 'spearmanr': 0.67889, 'mse': 29.98467, 'rmse': 5.47583, 'loss_node': 4.928693703460693, 'loss_edge': 1.0479473505020143, 'loss_graph': 1.1083928637742997, 'loss_task': 5.18779298324585, 'loss_encoder': 0.0}
train: {'epoch': 128, 'time_epoch': 18.82783, 'eta': 1346.12797, 'eta_hours': 0.37392, 'loss': 17.61433322, 'lr': 4.686e-05, 'params': 1823862, 'time_iter': 0.4707, 'mae': 5.28195, 'r2': -6.68605, 'spearmanr': 0.64849, 'mse': 31.07775, 'rmse': 5.57474, 'loss_node': 4.918860489654541, 'loss_edge': 1.0483923332214355, 'loss_graph': 1.0831789557695388, 'loss_task': 5.2819508392333985, 'loss_encoder': 0.0}
train: {'epoch': 129, 'time_epoch': 18.81365, 'eta': 1327.08986, 'eta_hours': 0.36864, 'loss': 17.74832937, 'lr': 4.582e-05, 'params': 1823862, 'time_iter': 0.47034, 'mae': 5.37666, 'r2': -6.89864, 'spearmanr': 0.69986, 'mse': 31.93735, 'rmse': 5.65131, 'loss_node': 4.909345074462891, 'loss_edge': 1.0516901096343994, 'loss_graph': 1.0339798552513122, 'loss_task': 5.376657093811035, 'loss_encoder': 0.0}
Inference: Switched to EMA weights
Inference: Restored training weights
Inference: Switched to EMA weights
Inference: Restored training weights
Inference: Switched to EMA weights
Inference: Restored training weights
Inference: Switched to EMA weights
Inference: Restored training weights
val: {'epoch': 129, 'time_epoch': 28.65142, 'loss': 4.42888857, 'lr': 0, 'params': 1823862, 'time_iter': 7.16285, 'mae': 4.42889, 'r2': -4.81586, 'spearmanr': 0.45693, 'mse': 22.90723, 'rmse': 4.78615}
Inference: Switched to EMA weights
Inference: Restored training weights
Inference: Switched to EMA weights
Inference: Restored training weights
Inference: Switched to EMA weights
Inference: Restored training weights
Inference: Switched to EMA weights
Inference: Restored training weights
test: {'epoch': 129, 'time_epoch': 28.7389, 'loss': 4.37273457, 'lr': 0, 'params': 1823862, 'time_iter': 7.18473, 'mae': 4.37274, 'r2': -4.41322, 'spearmanr': 0.44735, 'mse': 22.02261, 'rmse': 4.69283}
> Epoch 129: took 76.2s (avg 25.2s) | Best so far: epoch 89	train_loss: 11.4676 train_mae: 1.5010	val_loss: 0.9891 val_mae: 0.9891	test_loss: 0.9892 test_mae: 0.9892
train: {'epoch': 130, 'time_epoch': 18.86932, 'eta': 1308.0845, 'eta_hours': 0.36336, 'loss': 18.11962128, 'lr': 4.477e-05, 'params': 1823862, 'time_iter': 0.47173, 'mae': 5.55509, 'r2': -7.41623, 'spearmanr': 0.68886, 'mse': 34.03016, 'rmse': 5.83354, 'loss_node': 4.903647313690185, 'loss_edge': 1.0557763464450836, 'loss_graph': 1.0500130916833879, 'loss_task': 5.555092360687256, 'loss_encoder': 0.0}
train: {'epoch': 131, 'time_epoch': 18.80496, 'eta': 1289.04805, 'eta_hours': 0.35807, 'loss': 17.82222911, 'lr': 4.373e-05, 'params': 1823862, 'time_iter': 0.47012, 'mae': 5.43231, 'r2': -7.06829, 'spearmanr': 0.68575, 'mse': 32.62329, 'rmse': 5.71168, 'loss_node': 4.892617734146119, 'loss_edge': 1.0466627022743225, 'loss_graph': 1.0183373558521271, 'loss_task': 5.432305741119385, 'loss_encoder': 0.0}
train: {'epoch': 132, 'time_epoch': 18.82804, 'eta': 1270.0267, 'eta_hours': 0.35279, 'loss': 18.40688538, 'lr': 4.27e-05, 'params': 1823862, 'time_iter': 0.4707, 'mae': 5.7532, 'r2': -8.03247, 'spearmanr': 0.64416, 'mse': 36.52187, 'rmse': 6.04333, 'loss_node': 4.8842343326568605, 'loss_edge': 1.0491743541002274, 'loss_graph': 0.9670684301614761, 'loss_task': 5.75320400390625, 'loss_encoder': 0.0}
train: {'epoch': 133, 'time_epoch': 19.04217, 'eta': 1251.11371, 'eta_hours': 0.34753, 'loss': 18.68255502, 'lr': 4.166e-05, 'params': 1823862, 'time_iter': 0.47605, 'mae': 5.89752, 'r2': -8.47334, 'spearmanr': 0.6464, 'mse': 38.30449, 'rmse': 6.18906, 'loss_node': 4.877847940826416, 'loss_edge': 1.0472661334991455, 'loss_graph': 0.9624014147281647, 'loss_task': 5.897519660949707, 'loss_encoder': 0.0}
train: {'epoch': 134, 'time_epoch': 18.85799, 'eta': 1232.11012, 'eta_hours': 0.34225, 'loss': 18.6419972, 'lr': 4.063e-05, 'params': 1823862, 'time_iter': 0.47145, 'mae': 5.85266, 'r2': -8.34885, 'spearmanr': 0.65363, 'mse': 37.80111, 'rmse': 6.14826, 'loss_node': 4.8697613349914555, 'loss_edge': 1.0519781204223633, 'loss_graph': 1.0149432726860046, 'loss_task': 5.8526571838378905, 'loss_encoder': 0.0}
train: {'epoch': 135, 'time_epoch': 18.86828, 'eta': 1213.11352, 'eta_hours': 0.33698, 'loss': 19.58216647, 'lr': 3.96e-05, 'params': 1823862, 'time_iter': 0.47171, 'mae': 6.35335, 'r2': -9.95074, 'spearmanr': 0.59043, 'mse': 44.27817, 'rmse': 6.65418, 'loss_node': 4.864743292999267, 'loss_edge': 1.0485763068079947, 'loss_graph': 0.9621380859613419, 'loss_task': 6.353354347229004, 'loss_encoder': 0.0}
train: {'epoch': 136, 'time_epoch': 18.86306, 'eta': 1194.11639, 'eta_hours': 0.3317, 'loss': 19.30767658, 'lr': 3.858e-05, 'params': 1823862, 'time_iter': 0.47158, 'mae': 6.21089, 'r2': -9.50856, 'spearmanr': 0.59568, 'mse': 42.49028, 'rmse': 6.51846, 'loss_node': 4.8577621475219726, 'loss_edge': 1.0498823131084443, 'loss_graph': 0.9782619579315186, 'loss_task': 6.2108850692749025, 'loss_encoder': 0.0}
train: {'epoch': 137, 'time_epoch': 18.83968, 'eta': 1175.11069, 'eta_hours': 0.32642, 'loss': 19.26260103, 'lr': 3.757e-05, 'params': 1823862, 'time_iter': 0.47099, 'mae': 6.23358, 'r2': -9.59096, 'spearmanr': 0.59545, 'mse': 42.82343, 'rmse': 6.54396, 'loss_node': 4.847172386169434, 'loss_edge': 1.050176777267456, 'loss_graph': 0.8980924952507019, 'loss_task': 6.233579675292969, 'loss_encoder': 0.0}
train: {'epoch': 138, 'time_epoch': 18.83801, 'eta': 1156.10666, 'eta_hours': 0.32114, 'loss': 19.02278015, 'lr': 3.655e-05, 'params': 1823862, 'time_iter': 0.47095, 'mae': 6.11925, 'r2': -9.21867, 'spearmanr': 0.60539, 'mse': 41.31814, 'rmse': 6.42792, 'loss_node': 4.839044399261475, 'loss_edge': 1.0451766706466674, 'loss_graph': 0.900064335334301, 'loss_task': 6.119247358703613, 'loss_encoder': 0.0}
train: {'epoch': 139, 'time_epoch': 18.82523, 'eta': 1137.09951, 'eta_hours': 0.31586, 'loss': 19.26650104, 'lr': 3.555e-05, 'params': 1823862, 'time_iter': 0.47063, 'mae': 6.21646, 'r2': -9.54307, 'spearmanr': 0.58623, 'mse': 42.62983, 'rmse': 6.52915, 'loss_node': 4.8309482528686525, 'loss_edge': 1.0432495944023132, 'loss_graph': 0.959392056274414, 'loss_task': 6.216455564880371, 'loss_encoder': 0.0}
Inference: Switched to EMA weights
Inference: Restored training weights
Inference: Switched to EMA weights
Inference: Restored training weights
Inference: Switched to EMA weights
Inference: Restored training weights
Inference: Switched to EMA weights
Inference: Restored training weights
val: {'epoch': 139, 'time_epoch': 28.65317, 'loss': 5.5407167, 'lr': 0, 'params': 1823862, 'time_iter': 7.16329, 'mae': 5.54072, 'r2': -7.8494, 'spearmanr': 0.36549, 'mse': 34.85562, 'rmse': 5.90386}
Inference: Switched to EMA weights
Inference: Restored training weights
Inference: Switched to EMA weights
Inference: Restored training weights
Inference: Switched to EMA weights
Inference: Restored training weights
Inference: Switched to EMA weights
Inference: Restored training weights
test: {'epoch': 139, 'time_epoch': 28.74185, 'loss': 5.52886816, 'lr': 0, 'params': 1823862, 'time_iter': 7.18546, 'mae': 5.52887, 'r2': -7.48514, 'spearmanr': 0.36249, 'mse': 34.52011, 'rmse': 5.87538}
> Epoch 139: took 76.2s (avg 25.1s) | Best so far: epoch 89	train_loss: 11.4676 train_mae: 1.5010	val_loss: 0.9891 val_mae: 0.9891	test_loss: 0.9892 test_mae: 0.9892
train: {'epoch': 140, 'time_epoch': 19.03009, 'eta': 1118.18067, 'eta_hours': 0.31061, 'loss': 19.35773928, 'lr': 3.455e-05, 'params': 1823862, 'time_iter': 0.47575, 'mae': 6.29387, 'r2': -9.80425, 'spearmanr': 0.57976, 'mse': 43.68586, 'rmse': 6.60953, 'loss_node': 4.826271459960937, 'loss_edge': 1.0459597204208375, 'loss_graph': 0.8977708290100098, 'loss_task': 6.293868713378906, 'loss_encoder': 0.0}
train: {'epoch': 141, 'time_epoch': 18.85186, 'eta': 1099.18747, 'eta_hours': 0.30533, 'loss': 19.38212933, 'lr': 3.356e-05, 'params': 1823862, 'time_iter': 0.4713, 'mae': 6.33115, 'r2': -9.91555, 'spearmanr': 0.5826, 'mse': 44.13588, 'rmse': 6.64348, 'loss_node': 4.819533940124511, 'loss_edge': 1.0467216009140015, 'loss_graph': 0.8535669054985047, 'loss_task': 6.331153427124024, 'loss_encoder': 0.0}
train: {'epoch': 142, 'time_epoch': 18.86425, 'eta': 1080.20118, 'eta_hours': 0.30006, 'loss': 19.98691151, 'lr': 3.257e-05, 'params': 1823862, 'time_iter': 0.47161, 'mae': 6.63343, 'r2': -10.96445, 'spearmanr': 0.56155, 'mse': 48.37702, 'rmse': 6.95536, 'loss_node': 4.812380163955688, 'loss_edge': 1.0542482577204704, 'loss_graph': 0.8534178466081619, 'loss_task': 6.633432699584961, 'loss_encoder': 0.0}
train: {'epoch': 143, 'time_epoch': 18.83805, 'eta': 1061.2064, 'eta_hours': 0.29478, 'loss': 20.13622001, 'lr': 3.159e-05, 'params': 1823862, 'time_iter': 0.47095, 'mae': 6.74006, 'r2': -11.32878, 'spearmanr': 0.571, 'mse': 49.85013, 'rmse': 7.06046, 'loss_node': 4.802997053527832, 'loss_edge': 1.0416161322593689, 'loss_graph': 0.8114853428840637, 'loss_task': 6.740060778808593, 'loss_encoder': 0.0}
train: {'epoch': 144, 'time_epoch': 18.84979, 'eta': 1042.21823, 'eta_hours': 0.28951, 'loss': 19.91472984, 'lr': 3.062e-05, 'params': 1823862, 'time_iter': 0.47124, 'mae': 6.61511, 'r2': -10.86684, 'spearmanr': 0.58895, 'mse': 47.98236, 'rmse': 6.92693, 'loss_node': 4.795076212692261, 'loss_edge': 1.0458000274777413, 'loss_graph': 0.8436348923921585, 'loss_task': 6.615109412384033, 'loss_encoder': 0.0}
train: {'epoch': 145, 'time_epoch': 18.85087, 'eta': 1023.23236, 'eta_hours': 0.28423, 'loss': 19.70359586, 'lr': 2.966e-05, 'params': 1823862, 'time_iter': 0.47127, 'mae': 6.53243, 'r2': -10.62264, 'spearmanr': 0.58203, 'mse': 46.99496, 'rmse': 6.85529, 'loss_node': 4.786853268432617, 'loss_edge': 1.0476459783554077, 'loss_graph': 0.8042275715589523, 'loss_task': 6.532434521484375, 'loss_encoder': 0.0}
train: {'epoch': 146, 'time_epoch': 18.99573, 'eta': 1004.30055, 'eta_hours': 0.27897, 'loss': 20.29857222, 'lr': 2.871e-05, 'params': 1823862, 'time_iter': 0.47489, 'mae': 6.83408, 'r2': -11.66712, 'spearmanr': 0.58891, 'mse': 51.21817, 'rmse': 7.15669, 'loss_node': 4.780265252685547, 'loss_edge': 1.043833339881897, 'loss_graph': 0.8063042730808258, 'loss_task': 6.834084666442871, 'loss_encoder': 0.0}
train: {'epoch': 147, 'time_epoch': 18.88046, 'eta': 985.32738, 'eta_hours': 0.2737, 'loss': 19.95169921, 'lr': 2.777e-05, 'params': 1823862, 'time_iter': 0.47201, 'mae': 6.66972, 'r2': -11.08788, 'spearmanr': 0.56429, 'mse': 48.87608, 'rmse': 6.99114, 'loss_node': 4.774026950073242, 'loss_edge': 1.0440362909317016, 'loss_graph': 0.7941968437433243, 'loss_task': 6.669719534301758, 'loss_encoder': 0.0}
train: {'epoch': 148, 'time_epoch': 18.83146, 'eta': 966.33868, 'eta_hours': 0.26843, 'loss': 20.01603244, 'lr': 2.684e-05, 'params': 1823862, 'time_iter': 0.47079, 'mae': 6.70758, 'r2': -11.19722, 'spearmanr': 0.59285, 'mse': 49.31818, 'rmse': 7.02269, 'loss_node': 4.769560971832275, 'loss_edge': 1.0464728094100952, 'loss_graph': 0.784846824169159, 'loss_task': 6.7075758560180665, 'loss_encoder': 0.0}
train: {'epoch': 149, 'time_epoch': 18.83359, 'eta': 947.35279, 'eta_hours': 0.26315, 'loss': 20.45803787, 'lr': 2.591e-05, 'params': 1823862, 'time_iter': 0.47084, 'mae': 6.94166, 'r2': -12.05148, 'spearmanr': 0.58825, 'mse': 52.77232, 'rmse': 7.26446, 'loss_node': 4.761073965454101, 'loss_edge': 1.042439959383011, 'loss_graph': 0.7712088849782943, 'loss_task': 6.941657567596436, 'loss_encoder': 0.0}
Inference: Switched to EMA weights
Inference: Restored training weights
Inference: Switched to EMA weights
Inference: Restored training weights
Inference: Switched to EMA weights
Inference: Restored training weights
Inference: Switched to EMA weights
Inference: Restored training weights
val: {'epoch': 149, 'time_epoch': 28.67051, 'loss': 6.48220515, 'lr': 0, 'params': 1823862, 'time_iter': 7.16763, 'mae': 6.48221, 'r2': -10.91062, 'spearmanr': 0.33444, 'mse': 46.91302, 'rmse': 6.84931}
Inference: Switched to EMA weights
Inference: Restored training weights
Inference: Switched to EMA weights
Inference: Restored training weights
Inference: Switched to EMA weights
Inference: Restored training weights
Inference: Switched to EMA weights
Inference: Restored training weights
test: {'epoch': 149, 'time_epoch': 28.7523, 'loss': 6.43630981, 'lr': 0, 'params': 1823862, 'time_iter': 7.18808, 'mae': 6.43631, 'r2': -10.45553, 'spearmanr': 0.28114, 'mse': 46.60455, 'rmse': 6.82675}
> Epoch 149: took 76.3s (avg 25.1s) | Best so far: epoch 89	train_loss: 11.4676 train_mae: 1.5010	val_loss: 0.9891 val_mae: 0.9891	test_loss: 0.9892 test_mae: 0.9892
train: {'epoch': 150, 'time_epoch': 18.83885, 'eta': 928.37062, 'eta_hours': 0.25788, 'loss': 20.39667742, 'lr': 2.5e-05, 'params': 1823862, 'time_iter': 0.47097, 'mae': 6.92598, 'r2': -12.03704, 'spearmanr': 0.55907, 'mse': 52.71392, 'rmse': 7.26044, 'loss_node': 4.7542428871154785, 'loss_edge': 1.043945667552948, 'loss_graph': 0.7465296026945114, 'loss_task': 6.925979515075683, 'loss_encoder': 0.0}
train: {'epoch': 151, 'time_epoch': 18.84297, 'eta': 909.39163, 'eta_hours': 0.25261, 'loss': 20.4868218, 'lr': 2.41e-05, 'params': 1823862, 'time_iter': 0.47107, 'mae': 6.9699, 'r2': -12.18727, 'spearmanr': 0.55315, 'mse': 53.32137, 'rmse': 7.30215, 'loss_node': 4.750181509017945, 'loss_edge': 1.0428440233111382, 'loss_graph': 0.7540038006961346, 'loss_task': 6.969896224212646, 'loss_encoder': 0.0}
train: {'epoch': 152, 'time_epoch': 19.0127, 'eta': 890.46657, 'eta_hours': 0.24735, 'loss': 21.07557403, 'lr': 2.321e-05, 'params': 1823862, 'time_iter': 0.47532, 'mae': 7.27075, 'r2': -13.29459, 'spearmanr': 0.55621, 'mse': 57.79872, 'rmse': 7.60255, 'loss_node': 4.742411823272705, 'loss_edge': 1.0499191110968589, 'loss_graph': 0.7417336861610413, 'loss_task': 7.270754772949219, 'loss_encoder': 0.0}
train: {'epoch': 153, 'time_epoch': 18.83667, 'eta': 871.48779, 'eta_hours': 0.24208, 'loss': 20.97790863, 'lr': 2.233e-05, 'params': 1823862, 'time_iter': 0.47092, 'mae': 7.23356, 'r2': -13.18632, 'spearmanr': 0.55713, 'mse': 57.36091, 'rmse': 7.5737, 'loss_node': 4.73843860168457, 'loss_edge': 1.046499282836914, 'loss_graph': 0.7258468594551086, 'loss_task': 7.233561953735352, 'loss_encoder': 0.0}
train: {'epoch': 154, 'time_epoch': 18.85715, 'eta': 852.51678, 'eta_hours': 0.23681, 'loss': 21.09449694, 'lr': 2.146e-05, 'params': 1823862, 'time_iter': 0.47143, 'mae': 7.3046, 'r2': -13.4607, 'spearmanr': 0.54664, 'mse': 58.47033, 'rmse': 7.64659, 'loss_node': 4.731968270874024, 'loss_edge': 1.0394128993034364, 'loss_graph': 0.7139189189910888, 'loss_task': 7.3045984085083004, 'loss_encoder': 0.0}
train: {'epoch': 155, 'time_epoch': 18.85853, 'eta': 833.54763, 'eta_hours': 0.23154, 'loss': 20.85769564, 'lr': 2.061e-05, 'params': 1823862, 'time_iter': 0.47146, 'mae': 7.18865, 'r2': -13.03204, 'spearmanr': 0.53266, 'mse': 56.73711, 'rmse': 7.5324, 'loss_node': 4.726345138549805, 'loss_edge': 1.046934539794922, 'loss_graph': 0.7071114715695381, 'loss_task': 7.188652207946777, 'loss_encoder': 0.0}
train: {'epoch': 156, 'time_epoch': 18.84303, 'eta': 814.57563, 'eta_hours': 0.22627, 'loss': 20.868231, 'lr': 1.977e-05, 'params': 1823862, 'time_iter': 0.47108, 'mae': 7.20426, 'r2': -13.06518, 'spearmanr': 0.54321, 'mse': 56.8711, 'rmse': 7.54129, 'loss_node': 4.7184423782348635, 'loss_edge': 1.0417707028388976, 'loss_graph': 0.6995021660089493, 'loss_task': 7.204257886505127, 'loss_encoder': 0.0}
train: {'epoch': 157, 'time_epoch': 18.83535, 'eta': 795.60323, 'eta_hours': 0.221, 'loss': 21.18178225, 'lr': 1.894e-05, 'params': 1823862, 'time_iter': 0.47088, 'mae': 7.36905, 'r2': -13.70275, 'spearmanr': 0.54928, 'mse': 59.44904, 'rmse': 7.71032, 'loss_node': 4.712949039459229, 'loss_edge': 1.0425072395324706, 'loss_graph': 0.6882181620121002, 'loss_task': 7.369053973388672, 'loss_encoder': 0.0}
train: {'epoch': 158, 'time_epoch': 18.861, 'eta': 776.63917, 'eta_hours': 0.21573, 'loss': 21.06460405, 'lr': 1.813e-05, 'params': 1823862, 'time_iter': 0.47152, 'mae': 7.31233, 'r2': -13.47293, 'spearmanr': 0.54325, 'mse': 58.51978, 'rmse': 7.64982, 'loss_node': 4.70755288696289, 'loss_edge': 1.043373006248474, 'loss_graph': 0.6890122273206711, 'loss_task': 7.312333045196533, 'loss_encoder': 0.0}
train: {'epoch': 159, 'time_epoch': 19.02573, 'eta': 757.71758, 'eta_hours': 0.21048, 'loss': 21.33246518, 'lr': 1.733e-05, 'params': 1823862, 'time_iter': 0.47564, 'mae': 7.44853, 'r2': -14.02606, 'spearmanr': 0.5307, 'mse': 60.75632, 'rmse': 7.79463, 'loss_node': 4.701339075469971, 'loss_edge': 1.0461049664735793, 'loss_graph': 0.6879584859609604, 'loss_task': 7.448531289672852, 'loss_encoder': 0.0}
Inference: Switched to EMA weights
Inference: Restored training weights
Inference: Switched to EMA weights
Inference: Restored training weights
Inference: Switched to EMA weights
Inference: Restored training weights
Inference: Switched to EMA weights
Inference: Restored training weights
val: {'epoch': 159, 'time_epoch': 28.64667, 'loss': 7.36661957, 'lr': 0, 'params': 1823862, 'time_iter': 7.16167, 'mae': 7.36662, 'r2': -14.39187, 'spearmanr': 0.22145, 'mse': 60.62482, 'rmse': 7.78619}
Inference: Switched to EMA weights
Inference: Restored training weights
Inference: Switched to EMA weights
Inference: Restored training weights
Inference: Switched to EMA weights
Inference: Restored training weights
Inference: Switched to EMA weights
Inference: Restored training weights
test: {'epoch': 159, 'time_epoch': 28.72394, 'loss': 7.28995266, 'lr': 0, 'params': 1823862, 'time_iter': 7.18099, 'mae': 7.28995, 'r2': -13.68229, 'spearmanr': 0.17662, 'mse': 59.73197, 'rmse': 7.72865}
> Epoch 159: took 76.4s (avg 25.1s) | Best so far: epoch 89	train_loss: 11.4676 train_mae: 1.5010	val_loss: 0.9891 val_mae: 0.9891	test_loss: 0.9892 test_mae: 0.9892
train: {'epoch': 160, 'time_epoch': 18.85772, 'eta': 738.754, 'eta_hours': 0.20521, 'loss': 21.57617341, 'lr': 1.654e-05, 'params': 1823862, 'time_iter': 0.47144, 'mae': 7.57939, 'r2': -14.51237, 'spearmanr': 0.54222, 'mse': 62.72268, 'rmse': 7.91976, 'loss_node': 4.697712812042236, 'loss_edge': 1.0416010787963867, 'loss_graph': 0.678080417251587, 'loss_task': 7.5793894714355465, 'loss_encoder': 0.0}
train: {'epoch': 161, 'time_epoch': 18.80474, 'eta': 719.7793, 'eta_hours': 0.19994, 'loss': 21.66335931, 'lr': 1.577e-05, 'params': 1823862, 'time_iter': 0.47012, 'mae': 7.62721, 'r2': -14.74263, 'spearmanr': 0.52966, 'mse': 63.65369, 'rmse': 7.97833, 'loss_node': 4.6935216979980465, 'loss_edge': 1.0455290359497071, 'loss_graph': 0.6698879055023194, 'loss_task': 7.627210368347168, 'loss_encoder': 0.0}
train: {'epoch': 162, 'time_epoch': 18.79882, 'eta': 700.80533, 'eta_hours': 0.19467, 'loss': 21.58131807, 'lr': 1.502e-05, 'params': 1823862, 'time_iter': 0.46997, 'mae': 7.58164, 'r2': -14.5266, 'spearmanr': 0.54963, 'mse': 62.7802, 'rmse': 7.9234, 'loss_node': 4.690691641998291, 'loss_edge': 1.0452571994185447, 'loss_graph': 0.6820942543029785, 'loss_task': 7.581637457275391, 'loss_encoder': 0.0}
train: {'epoch': 163, 'time_epoch': 18.85054, 'eta': 681.84486, 'eta_hours': 0.1894, 'loss': 21.39427722, 'lr': 1.428e-05, 'params': 1823862, 'time_iter': 0.47126, 'mae': 7.51287, 'r2': -14.26641, 'spearmanr': 0.55319, 'mse': 61.72815, 'rmse': 7.85673, 'loss_node': 4.684861878967285, 'loss_edge': 1.036876604938507, 'loss_graph': 0.64679041197896, 'loss_task': 7.51287416305542, 'loss_encoder': 0.0}
train: {'epoch': 164, 'time_epoch': 18.84892, 'eta': 662.88538, 'eta_hours': 0.18413, 'loss': 21.93026656, 'lr': 1.355e-05, 'params': 1823862, 'time_iter': 0.47122, 'mae': 7.78193, 'r2': -15.32962, 'spearmanr': 0.54123, 'mse': 66.02715, 'rmse': 8.12571, 'loss_node': 4.679541213989258, 'loss_edge': 1.0453233283996581, 'loss_graph': 0.6415340956807136, 'loss_task': 7.781934072875977, 'loss_encoder': 0.0}
train: {'epoch': 165, 'time_epoch': 18.83579, 'eta': 643.92454, 'eta_hours': 0.17887, 'loss': 21.88022159, 'lr': 1.284e-05, 'params': 1823862, 'time_iter': 0.47089, 'mae': 7.7624, 'r2': -15.25557, 'spearmanr': 0.55515, 'mse': 65.72771, 'rmse': 8.10726, 'loss_node': 4.675213702392578, 'loss_edge': 1.0426244708538055, 'loss_graph': 0.6375862058877945, 'loss_task': 7.762398637390136, 'loss_encoder': 0.0}
train: {'epoch': 166, 'time_epoch': 18.84636, 'eta': 624.96728, 'eta_hours': 0.1736, 'loss': 21.63931757, 'lr': 1.215e-05, 'params': 1823862, 'time_iter': 0.47116, 'mae': 7.63682, 'r2': -14.77125, 'spearmanr': 0.54454, 'mse': 63.7694, 'rmse': 7.98557, 'loss_node': 4.671745488357544, 'loss_edge': 1.0436190915584564, 'loss_graph': 0.6503062953472137, 'loss_task': 7.636823217010498, 'loss_encoder': 0.0}
train: {'epoch': 167, 'time_epoch': 18.80732, 'eta': 606.00391, 'eta_hours': 0.16833, 'loss': 22.02844198, 'lr': 1.147e-05, 'params': 1823862, 'time_iter': 0.47018, 'mae': 7.83977, 'r2': -15.55361, 'spearmanr': 0.5605, 'mse': 66.93282, 'rmse': 8.18125, 'loss_node': 4.6670782722473145, 'loss_edge': 1.0407658066749572, 'loss_graph': 0.6410595687627793, 'loss_task': 7.839769195556641, 'loss_encoder': 0.0}
train: {'epoch': 168, 'time_epoch': 18.83346, 'eta': 587.04718, 'eta_hours': 0.16307, 'loss': 22.04920991, 'lr': 1.082e-05, 'params': 1823862, 'time_iter': 0.47084, 'mae': 7.85479, 'r2': -15.61588, 'spearmanr': 0.56635, 'mse': 67.18462, 'rmse': 8.19662, 'loss_node': 4.66508381729126, 'loss_edge': 1.0385227753162385, 'loss_graph': 0.6360150045990944, 'loss_task': 7.854794175720214, 'loss_encoder': 0.0}
train: {'epoch': 169, 'time_epoch': 18.82886, 'eta': 568.09109, 'eta_hours': 0.1578, 'loss': 22.03857643, 'lr': 1.017e-05, 'params': 1823862, 'time_iter': 0.47072, 'mae': 7.85685, 'r2': -15.65307, 'spearmanr': 0.55838, 'mse': 67.33497, 'rmse': 8.20579, 'loss_node': 4.661783099365234, 'loss_edge': 1.0316118856430054, 'loss_graph': 0.631489337849617, 'loss_task': 7.856846046447754, 'loss_encoder': 0.0}
Inference: Switched to EMA weights
Inference: Restored training weights
Inference: Switched to EMA weights
Inference: Restored training weights
Inference: Switched to EMA weights
Inference: Restored training weights
Inference: Switched to EMA weights
Inference: Restored training weights
val: {'epoch': 169, 'time_epoch': 28.85762, 'loss': 8.08524085, 'lr': 0, 'params': 1823862, 'time_iter': 7.2144, 'mae': 8.08524, 'r2': -17.32235, 'spearmanr': 0.20956, 'mse': 72.16727, 'rmse': 8.49513}
Inference: Switched to EMA weights
Inference: Restored training weights
Inference: Switched to EMA weights
Inference: Restored training weights
Inference: Switched to EMA weights
Inference: Restored training weights
Inference: Switched to EMA weights
Inference: Restored training weights
test: {'epoch': 169, 'time_epoch': 28.74171, 'loss': 7.98180762, 'lr': 0, 'params': 1823862, 'time_iter': 7.18543, 'mae': 7.98181, 'r2': -16.56398, 'spearmanr': 0.18925, 'mse': 71.45554, 'rmse': 8.45314}
> Epoch 169: took 76.4s (avg 25.0s) | Best so far: epoch 89	train_loss: 11.4676 train_mae: 1.5010	val_loss: 0.9891 val_mae: 0.9891	test_loss: 0.9892 test_mae: 0.9892
train: {'epoch': 170, 'time_epoch': 18.85134, 'eta': 549.1403, 'eta_hours': 0.15254, 'loss': 22.07487789, 'lr': 9.55e-06, 'params': 1823862, 'time_iter': 0.47128, 'mae': 7.87644, 'r2': -15.75648, 'spearmanr': 0.55055, 'mse': 67.75311, 'rmse': 8.23123, 'loss_node': 4.6592833534240725, 'loss_edge': 1.0361042108058929, 'loss_graph': 0.6266199155569077, 'loss_task': 7.876435165405273, 'loss_encoder': 0.0}
train: {'epoch': 171, 'time_epoch': 18.8437, 'eta': 530.18943, 'eta_hours': 0.14727, 'loss': 22.38741959, 'lr': 8.94e-06, 'params': 1823862, 'time_iter': 0.47109, 'mae': 8.0417, 'r2': -16.44124, 'spearmanr': 0.54824, 'mse': 70.52185, 'rmse': 8.39773, 'loss_node': 4.654451509094239, 'loss_edge': 1.0305121185302735, 'loss_graph': 0.6190526774287224, 'loss_task': 8.041701623535156, 'loss_encoder': 0.0}
train: {'epoch': 172, 'time_epoch': 18.86394, 'eta': 511.24295, 'eta_hours': 0.14201, 'loss': 22.58918532, 'lr': 8.35e-06, 'params': 1823862, 'time_iter': 0.4716, 'mae': 8.14108, 'r2': -16.83648, 'spearmanr': 0.55517, 'mse': 72.11997, 'rmse': 8.49235, 'loss_node': 4.652752916717529, 'loss_edge': 1.0398039477348329, 'loss_graph': 0.6144594276428222, 'loss_task': 8.141084533691407, 'loss_encoder': 0.0}
train: {'epoch': 173, 'time_epoch': 18.83974, 'eta': 492.2938, 'eta_hours': 0.13675, 'loss': 22.67413148, 'lr': 7.78e-06, 'params': 1823862, 'time_iter': 0.47099, 'mae': 8.18256, 'r2': -17.01151, 'spearmanr': 0.53998, 'mse': 72.82768, 'rmse': 8.53391, 'loss_node': 4.649915920257568, 'loss_edge': 1.0428544181823731, 'loss_graph': 0.616245049238205, 'loss_task': 8.18255798110962, 'loss_encoder': 0.0}
train: {'epoch': 174, 'time_epoch': 18.86774, 'eta': 473.3499, 'eta_hours': 0.13149, 'loss': 22.53553291, 'lr': 7.23e-06, 'params': 1823862, 'time_iter': 0.47169, 'mae': 8.11371, 'r2': -16.74838, 'spearmanr': 0.56309, 'mse': 71.76374, 'rmse': 8.47135, 'loss_node': 4.6472094467163085, 'loss_edge': 1.0387075745105743, 'loss_graph': 0.622204111790657, 'loss_task': 8.113705894470215, 'loss_encoder': 0.0}
train: {'epoch': 175, 'time_epoch': 18.81129, 'eta': 454.39918, 'eta_hours': 0.12622, 'loss': 22.67175236, 'lr': 6.7e-06, 'params': 1823862, 'time_iter': 0.47028, 'mae': 8.18823, 'r2': -17.02959, 'spearmanr': 0.55491, 'mse': 72.90079, 'rmse': 8.5382, 'loss_node': 4.645322497558594, 'loss_edge': 1.0369903150558473, 'loss_graph': 0.612980998647213, 'loss_task': 8.188229243469237, 'loss_encoder': 0.0}
train: {'epoch': 176, 'time_epoch': 18.84393, 'eta': 435.45426, 'eta_hours': 0.12096, 'loss': 22.579356, 'lr': 6.18e-06, 'params': 1823862, 'time_iter': 0.4711, 'mae': 8.14115, 'r2': -16.83407, 'spearmanr': 0.55808, 'mse': 72.11023, 'rmse': 8.49177, 'loss_node': 4.644920858764649, 'loss_edge': 1.0400143440246583, 'loss_graph': 0.6121290379524231, 'loss_task': 8.141145812988281, 'loss_encoder': 0.0}
train: {'epoch': 177, 'time_epoch': 18.80337, 'eta': 416.50547, 'eta_hours': 0.1157, 'loss': 22.47957059, 'lr': 5.69e-06, 'params': 1823862, 'time_iter': 0.47008, 'mae': 8.09725, 'r2': -16.6387, 'spearmanr': 0.56511, 'mse': 71.32024, 'rmse': 8.44513, 'loss_node': 4.641852221679687, 'loss_edge': 1.0361883570194244, 'loss_graph': 0.6070293028593063, 'loss_task': 8.09725034942627, 'loss_encoder': 0.0}
train: {'epoch': 178, 'time_epoch': 18.85203, 'eta': 397.56402, 'eta_hours': 0.11043, 'loss': 22.88476124, 'lr': 5.21e-06, 'params': 1823862, 'time_iter': 0.4713, 'mae': 8.30365, 'r2': -17.5303, 'spearmanr': 0.56095, 'mse': 74.92535, 'rmse': 8.65594, 'loss_node': 4.639830741882324, 'loss_edge': 1.0367785967826844, 'loss_graph': 0.6008521299362183, 'loss_task': 8.303650007629395, 'loss_encoder': 0.0}
train: {'epoch': 179, 'time_epoch': 18.83129, 'eta': 378.62125, 'eta_hours': 0.10517, 'loss': 22.66113821, 'lr': 4.76e-06, 'params': 1823862, 'time_iter': 0.47078, 'mae': 8.20009, 'r2': -17.07568, 'spearmanr': 0.5735, 'mse': 73.08717, 'rmse': 8.5491, 'loss_node': 4.637464445495605, 'loss_edge': 1.0305130672454834, 'loss_graph': 0.5929789942502975, 'loss_task': 8.200090869140626, 'loss_encoder': 0.0}
Inference: Switched to EMA weights
Inference: Restored training weights
Inference: Switched to EMA weights
Inference: Restored training weights
Inference: Switched to EMA weights
Inference: Restored training weights
Inference: Switched to EMA weights
Inference: Restored training weights
val: {'epoch': 179, 'time_epoch': 28.66035, 'loss': 8.79622794, 'lr': 0, 'params': 1823862, 'time_iter': 7.16509, 'mae': 8.79623, 'r2': -20.85486, 'spearmanr': 0.1546, 'mse': 86.08094, 'rmse': 9.27798}
Inference: Switched to EMA weights
Inference: Restored training weights
Inference: Switched to EMA weights
Inference: Restored training weights
Inference: Switched to EMA weights
Inference: Restored training weights
Inference: Switched to EMA weights
Inference: Restored training weights
test: {'epoch': 179, 'time_epoch': 28.73707, 'loss': 8.67029279, 'lr': 0, 'params': 1823862, 'time_iter': 7.18427, 'mae': 8.67029, 'r2': -19.59479, 'spearmanr': 0.14133, 'mse': 83.7858, 'rmse': 9.15346}
> Epoch 179: took 76.2s (avg 25.0s) | Best so far: epoch 89	train_loss: 11.4676 train_mae: 1.5010	val_loss: 0.9891 val_mae: 0.9891	test_loss: 0.9892 test_mae: 0.9892
train: {'epoch': 180, 'time_epoch': 19.03105, 'eta': 359.70068, 'eta_hours': 0.09992, 'loss': 22.81990807, 'lr': 4.32e-06, 'params': 1823862, 'time_iter': 0.47578, 'mae': 8.27016, 'r2': -17.40215, 'spearmanr': 0.56561, 'mse': 74.4072, 'rmse': 8.62596, 'loss_node': 4.637390431213379, 'loss_edge': 1.045241400718689, 'loss_graph': 0.596945853984356, 'loss_task': 8.270165162658692, 'loss_encoder': 0.0}
train: {'epoch': 181, 'time_epoch': 18.8391, 'eta': 340.75992, 'eta_hours': 0.09466, 'loss': 22.59929206, 'lr': 3.91e-06, 'params': 1823862, 'time_iter': 0.47098, 'mae': 8.16488, 'r2': -16.88032, 'spearmanr': 0.59939, 'mse': 72.29724, 'rmse': 8.50278, 'loss_node': 4.635459380340576, 'loss_edge': 1.0380671342849732, 'loss_graph': 0.5960120257377625, 'loss_task': 8.16487682800293, 'loss_encoder': 0.0}
train: {'epoch': 182, 'time_epoch': 18.84912, 'eta': 321.8212, 'eta_hours': 0.08939, 'loss': 22.71644445, 'lr': 3.51e-06, 'params': 1823862, 'time_iter': 0.47123, 'mae': 8.22281, 'r2': -17.15683, 'spearmanr': 0.58984, 'mse': 73.41525, 'rmse': 8.56827, 'loss_node': 4.632836389541626, 'loss_edge': 1.033664217710495, 'loss_graph': 0.604329887843132, 'loss_task': 8.222807064819335, 'loss_encoder': 0.0}
train: {'epoch': 183, 'time_epoch': 18.86373, 'eta': 302.88472, 'eta_hours': 0.08413, 'loss': 22.63136884, 'lr': 3.14e-06, 'params': 1823862, 'time_iter': 0.47159, 'mae': 8.1882, 'r2': -17.03865, 'spearmanr': 0.57716, 'mse': 72.9374, 'rmse': 8.54034, 'loss_node': 4.63176936416626, 'loss_edge': 1.0337695825219155, 'loss_graph': 0.589421166986227, 'loss_task': 8.188204322814942, 'loss_encoder': 0.0}
train: {'epoch': 184, 'time_epoch': 18.81398, 'eta': 283.94499, 'eta_hours': 0.07887, 'loss': 22.77068771, 'lr': 2.78e-06, 'params': 1823862, 'time_iter': 0.47035, 'mae': 8.25518, 'r2': -17.33581, 'spearmanr': 0.57162, 'mse': 74.13895, 'rmse': 8.6104, 'loss_node': 4.631120043563842, 'loss_edge': 1.0298385159492494, 'loss_graph': 0.5993687599778176, 'loss_task': 8.255180279541015, 'loss_encoder': 0.0}
train: {'epoch': 185, 'time_epoch': 18.80719, 'eta': 265.00611, 'eta_hours': 0.07361, 'loss': 22.80627345, 'lr': 2.45e-06, 'params': 1823862, 'time_iter': 0.47018, 'mae': 8.27862, 'r2': -17.4416, 'spearmanr': 0.5723, 'mse': 74.56671, 'rmse': 8.6352, 'loss_node': 4.629322599792481, 'loss_edge': 1.0334492784500122, 'loss_graph': 0.5862537642717361, 'loss_task': 8.278623851013183, 'loss_encoder': 0.0}
train: {'epoch': 186, 'time_epoch': 18.80746, 'eta': 246.06865, 'eta_hours': 0.06835, 'loss': 22.81993862, 'lr': 2.13e-06, 'params': 1823862, 'time_iter': 0.47019, 'mae': 8.28341, 'r2': -17.46129, 'spearmanr': 0.5622, 'mse': 74.64631, 'rmse': 8.63981, 'loss_node': 4.6295152793884276, 'loss_edge': 1.036202543926239, 'loss_graph': 0.5873979704499245, 'loss_task': 8.28341139984131, 'loss_encoder': 0.0}
train: {'epoch': 187, 'time_epoch': 18.99085, 'eta': 227.14428, 'eta_hours': 0.0631, 'loss': 22.76849554, 'lr': 1.84e-06, 'params': 1823862, 'time_iter': 0.47477, 'mae': 8.25514, 'r2': -17.34196, 'spearmanr': 0.5766, 'mse': 74.16383, 'rmse': 8.61184, 'loss_node': 4.6268488204956055, 'loss_edge': 1.036398460674286, 'loss_graph': 0.5949704606175422, 'loss_task': 8.255138941955567, 'loss_encoder': 0.0}
train: {'epoch': 188, 'time_epoch': 18.8134, 'eta': 208.20888, 'eta_hours': 0.05784, 'loss': 22.74471893, 'lr': 1.57e-06, 'params': 1823862, 'time_iter': 0.47034, 'mae': 8.24788, 'r2': -17.3098, 'spearmanr': 0.57212, 'mse': 74.03376, 'rmse': 8.60429, 'loss_node': 4.626109093475342, 'loss_edge': 1.0326147819042206, 'loss_graph': 0.5902444468975068, 'loss_task': 8.247875386047363, 'loss_encoder': 0.0}
train: {'epoch': 189, 'time_epoch': 18.78665, 'eta': 189.27336, 'eta_hours': 0.05258, 'loss': 22.85512039, 'lr': 1.32e-06, 'params': 1823862, 'time_iter': 0.46967, 'mae': 8.30226, 'r2': -17.54312, 'spearmanr': 0.55615, 'mse': 74.97719, 'rmse': 8.65894, 'loss_node': 4.6268752067565915, 'loss_edge': 1.0377009499549865, 'loss_graph': 0.5860314705610276, 'loss_task': 8.302256352233886, 'loss_encoder': 0.0}
Inference: Switched to EMA weights
Inference: Restored training weights
Inference: Switched to EMA weights
Inference: Restored training weights
Inference: Switched to EMA weights
Inference: Restored training weights
Inference: Switched to EMA weights
Inference: Restored training weights
val: {'epoch': 189, 'time_epoch': 28.64323, 'loss': 9.11264161, 'lr': 0, 'params': 1823862, 'time_iter': 7.16081, 'mae': 9.11264, 'r2': -22.30933, 'spearmanr': 0.20618, 'mse': 91.80975, 'rmse': 9.58174}
Inference: Switched to EMA weights
Inference: Restored training weights
Inference: Switched to EMA weights
Inference: Restored training weights
Inference: Switched to EMA weights
Inference: Restored training weights
Inference: Switched to EMA weights
Inference: Restored training weights
test: {'epoch': 189, 'time_epoch': 28.72563, 'loss': 9.07488274, 'lr': 0, 'params': 1823862, 'time_iter': 7.18141, 'mae': 9.07488, 'r2': -21.44792, 'spearmanr': 0.19436, 'mse': 91.32484, 'rmse': 9.5564}
> Epoch 189: took 76.2s (avg 25.0s) | Best so far: epoch 89	train_loss: 11.4676 train_mae: 1.5010	val_loss: 0.9891 val_mae: 0.9891	test_loss: 0.9892 test_mae: 0.9892
train: {'epoch': 190, 'time_epoch': 18.7869, 'eta': 170.3394, 'eta_hours': 0.04732, 'loss': 22.77190793, 'lr': 1.09e-06, 'params': 1823862, 'time_iter': 0.46967, 'mae': 8.26287, 'r2': -17.37404, 'spearmanr': 0.57039, 'mse': 74.29353, 'rmse': 8.61937, 'loss_node': 4.626273780059814, 'loss_edge': 1.03349938621521, 'loss_graph': 0.5863844899177552, 'loss_task': 8.262875080871583, 'loss_encoder': 0.0}
train: {'epoch': 191, 'time_epoch': 18.7963, 'eta': 151.40737, 'eta_hours': 0.04206, 'loss': 22.77771006, 'lr': 8.9e-07, 'params': 1823862, 'time_iter': 0.46991, 'mae': 8.26706, 'r2': -17.38231, 'spearmanr': 0.56937, 'mse': 74.32697, 'rmse': 8.62131, 'loss_node': 4.624715402984619, 'loss_edge': 1.0328814027786255, 'loss_graph': 0.5859981285572052, 'loss_task': 8.267057608032227, 'loss_encoder': 0.0}
train: {'epoch': 192, 'time_epoch': 18.79187, 'eta': 132.47659, 'eta_hours': 0.0368, 'loss': 22.84196842, 'lr': 7e-07, 'params': 1823862, 'time_iter': 0.4698, 'mae': 8.30297, 'r2': -17.5419, 'spearmanr': 0.57406, 'mse': 74.97227, 'rmse': 8.65865, 'loss_node': 4.625725099182129, 'loss_edge': 1.0281974579811095, 'loss_graph': 0.582107443857193, 'loss_task': 8.302969180297852, 'loss_encoder': 0.0}
train: {'epoch': 193, 'time_epoch': 18.92617, 'eta': 113.55139, 'eta_hours': 0.03154, 'loss': 22.81553319, 'lr': 5.4e-07, 'params': 1823862, 'time_iter': 0.47315, 'mae': 8.28209, 'r2': -17.48426, 'spearmanr': 0.56566, 'mse': 74.7392, 'rmse': 8.64518, 'loss_node': 4.625805100631714, 'loss_edge': 1.0381772609233857, 'loss_graph': 0.5873749210119248, 'loss_task': 8.28208796157837, 'loss_encoder': 0.0}
train: {'epoch': 194, 'time_epoch': 18.78278, 'eta': 94.62251, 'eta_hours': 0.02628, 'loss': 22.86368279, 'lr': 3.9e-07, 'params': 1823862, 'time_iter': 0.46957, 'mae': 8.31254, 'r2': -17.58042, 'spearmanr': 0.57139, 'mse': 75.128, 'rmse': 8.66764, 'loss_node': 4.625613214111328, 'loss_edge': 1.0350711884498596, 'loss_graph': 0.577916184771061, 'loss_task': 8.312541009521484, 'loss_encoder': 0.0}
train: {'epoch': 195, 'time_epoch': 18.76545, 'eta': 75.69476, 'eta_hours': 0.02103, 'loss': 22.77671812, 'lr': 2.7e-07, 'params': 1823862, 'time_iter': 0.46914, 'mae': 8.26602, 'r2': -17.38121, 'spearmanr': 0.57089, 'mse': 74.32254, 'rmse': 8.62105, 'loss_node': 4.625830340957641, 'loss_edge': 1.0339476427555083, 'loss_graph': 0.5849047025799752, 'loss_task': 8.266017747497559, 'loss_encoder': 0.0}
train: {'epoch': 196, 'time_epoch': 18.77768, 'eta': 56.76885, 'eta_hours': 0.01577, 'loss': 22.85442149, 'lr': 1.8e-07, 'params': 1823862, 'time_iter': 0.46944, 'mae': 8.30661, 'r2': -17.56096, 'spearmanr': 0.57349, 'mse': 75.04932, 'rmse': 8.6631, 'loss_node': 4.625288353729248, 'loss_edge': 1.0367681118011474, 'loss_graph': 0.5791364706754685, 'loss_task': 8.306614347076415, 'loss_encoder': 0.0}
train: {'epoch': 197, 'time_epoch': 18.79912, 'eta': 37.84465, 'eta_hours': 0.01051, 'loss': 22.86625057, 'lr': 1e-07, 'params': 1823862, 'time_iter': 0.46998, 'mae': 8.30889, 'r2': -17.56811, 'spearmanr': 0.57527, 'mse': 75.07825, 'rmse': 8.66477, 'loss_node': 4.624828283691406, 'loss_edge': 1.0389175261497499, 'loss_graph': 0.5847298105478287, 'loss_task': 8.308887528991699, 'loss_encoder': 0.0}
train: {'epoch': 198, 'time_epoch': 18.77675, 'eta': 18.92159, 'eta_hours': 0.00526, 'loss': 22.82924801, 'lr': 4e-08, 'params': 1823862, 'time_iter': 0.46942, 'mae': 8.29046, 'r2': -17.49875, 'spearmanr': 0.57739, 'mse': 74.79781, 'rmse': 8.64857, 'loss_node': 4.625347006225586, 'loss_edge': 1.0379782653808594, 'loss_graph': 0.5849968433141708, 'loss_task': 8.290462782287598, 'loss_encoder': 0.0}
train: {'epoch': 199, 'time_epoch': 18.93852, 'eta': 0.0, 'eta_hours': 0.0, 'loss': 22.78871248, 'lr': 1e-08, 'params': 1823862, 'time_iter': 0.47346, 'mae': 8.27565, 'r2': -17.42649, 'spearmanr': 0.57443, 'mse': 74.50562, 'rmse': 8.63166, 'loss_node': 4.625107141876221, 'loss_edge': 1.0304257495880127, 'loss_graph': 0.581880273103714, 'loss_task': 8.275649569702148, 'loss_encoder': 0.0}
Inference: Switched to EMA weights
Inference: Restored training weights
Inference: Switched to EMA weights
Inference: Restored training weights
Inference: Switched to EMA weights
Inference: Restored training weights
Inference: Switched to EMA weights
Inference: Restored training weights
val: {'epoch': 199, 'time_epoch': 28.64782, 'loss': 9.46211219, 'lr': 0, 'params': 1823862, 'time_iter': 7.16196, 'mae': 9.46211, 'r2': -24.03233, 'spearmanr': 0.1885, 'mse': 98.59624, 'rmse': 9.92956}
Inference: Switched to EMA weights
Inference: Restored training weights
Inference: Switched to EMA weights
Inference: Restored training weights
Inference: Switched to EMA weights
Inference: Restored training weights
Inference: Switched to EMA weights
Inference: Restored training weights
test: {'epoch': 199, 'time_epoch': 28.7134, 'loss': 9.50970525, 'lr': 0, 'params': 1823862, 'time_iter': 7.17835, 'mae': 9.50971, 'r2': -23.48842, 'spearmanr': 0.14319, 'mse': 99.62623, 'rmse': 9.98129}
> Epoch 199: took 76.3s (avg 25.0s) | Best so far: epoch 89	train_loss: 11.4676 train_mae: 1.5010	val_loss: 0.9891 val_mae: 0.9891	test_loss: 0.9892 test_mae: 0.9892
Avg time per epoch: 24.96s
Total train loop time: 1.39h
wandb: - 0.123 MB of 0.123 MB uploadedwandb: \ 0.123 MB of 0.123 MB uploadedwandb:                                                                                
wandb: 
wandb: Run history:
wandb:         best/epoch ▁▂▂▂▄▅▅▅▅████████████
wandb:     best/test_loss █▁▁▁▁▁▁▁▁▁▁▁▁▁▁▁▁▁▁▁▁
wandb:      best/test_mae █▁▁▁▁▁▁▁▁▁▁▁▁▁▁▁▁▁▁▁▁
wandb:    best/train_loss █▁▁▁▁▁▁▁▁▁▁▁▁▁▁▁▁▁▁▁▁
wandb:     best/train_mae █▁▁▁▁▁▁▁▁▁▁▁▁▁▁▁▁▁▁▁▁
wandb:      best/val_loss █▁▁▁▁▁▁▁▁▁▁▁▁▁▁▁▁▁▁▁▁
wandb:       best/val_mae █▁▁▁▁▁▁▁▁▁▁▁▁▁▁▁▁▁▁▁▁
wandb:         test/epoch ▁▂▂▂▃▃▃▃▃▃▃▃▃▃▃▃▄▄▄▄▅▅▅▅▅▅▆▆▆▆▇▇▇▇▇█████
wandb:          test/loss ██▁▁▁▁▁▁▁▁▁▁▁▁▁▁▁▁▁▁▁▁▁▁▂▂▃▃▃▃▃▃▃▃▃▄▄▄▄▄
wandb:            test/lr ▁▁▁▁▁▁▁▁▁▁▁▁▁▁▁▁▁▁▁▁▁▁▁▁▁▁▁▁▁▁▁▁▁▁▁▁▁▁▁▁
wandb:           test/mae ██▁▁▁▁▁▁▁▁▁▁▁▁▁▁▁▁▁▁▁▁▁▁▂▂▂▂▃▃▃▃▃▃▃▄▄▄▄▄
wandb:           test/mse ██▁▁▁▁▁▁▁▁▁▁▁▁▁▁▁▁▁▁▁▁▁▁▁▁▁▁▁▁▂▂▂▂▂▂▂▂▂▂
wandb:        test/params ▁▁▁▁▁▁▁▁▁▁▁▁▁▁▁▁▁▁▁▁▁▁▁▁▁▁▁▁▁▁▁▁▁▁▁▁▁▁▁▁
wandb:            test/r2 ▁▁▁██████████████████████▇▇▇▇▇▇▇▇▇▇▇▇▇▇▇
wandb:          test/rmse ████▁▁▁▁▁▁▁▁▁▁▁▁▁▁▁▁▁▁▁▁▁▂▂▂▂▂▃▃▃▃▃▄▄▄▄▄
wandb:     test/spearmanr ▅▅▅▅▅▁▁▅▅▅▆▆▆▇▇██████████▇▆▆▆▆▆▅▅▅▄▃▃▃▃▃
wandb:    test/time_epoch ████▃▅▅▄▄▂▂▂▂▂▂▂▂▂▂▂▂▂▂▂▂▂▂▂▂▂▂▂▂▁▂▁▁▁▁▁
wandb:     test/time_iter ████▃▃▅▅▅▅▄▄▂▂▂▂▃▃▃▂▂▂▂▂▂▂▂▂▂▂▂▁▁▂▂▂▂▁▁▁
wandb:        train/epoch ▁▁▁▁▁▂▂▂▂▂▂▂▃▃▃▄▄▄▄▄▄▄▄▅▅▅▅▆▆▆▆▇▇▇▇█████
wandb:          train/eta ████▇▇▇▇▆▆▆▆▆▆▆▅▅▅▅▅▅▄▄▄▄▄▄▄▃▃▃▂▂▂▂▂▂▂▁▁
wandb:    train/eta_hours █▇▇▇▆▆▆▆▆▆▅▅▅▅▅▅▄▄▄▄▄▄▄▄▄▃▃▃▃▃▃▃▂▂▂▂▂▁▁▁
wandb:         train/loss █▁▁▁▁▁▁▁▁▁▁▁▁▁▁▁▁▁▁▁▁▁▁▁▁▁▁▁▁▁▁▁▁▁▁▁▁▁▁▁
wandb:    train/loss_edge ▃▄▇▇███▇▇▇▄▄▄▄▄▃▄▃▃▃▃▃▃▃▃▂▃▂▂▂▂▂▂▂▂▂▂▁▁▁
wandb: train/loss_encoder ▁▁▁▁▁▁▁▁▁▁▁▁▁▁▁▁▁▁▁▁▁▁▁▁▁▁▁▁▁▁▁▁▁▁▁▁▁▁▁▁
wandb:   train/loss_graph █▁▁▁▁▁▁▁▁▁▁▁▁▁▁▁▁▁▁▁▁▁▁▁▁▁▁▁▁▁▁▁▁▁▁▁▁▁▁▁
wandb:    train/loss_node ▅▅▅▅▆██▇▇▇▅▅▅▅▅▄▄▃▃▃▃▃▃▂▂▂▂▂▂▂▁▁▁▁▁▁▁▁▁▁
wandb:    train/loss_task ▂▂▃▃▂▂▁▁▁▁▁▁▁▁▁▁▁▂▂▃▃▃▃▄▅▅▅▆▇▇▇▇████████
wandb:           train/lr ▁▂▃▃▄▅▅▆▇▇████▇▇▇▆▆▆▅▅▄▄▄▃▃▃▃▂▂▂▂▁▁▁▁▁▁▁
wandb:          train/mae ▂▂▂▂▂▂▂▁▁▁▁▁▁▁▁▂▂▂▃▃▃▃▄▅▅▆▆▆▇▆▇▇▇███████
wandb:          train/mse ▄▁▁▂▁▂▁▁▁▁▁▁▁▁▁▁▁▁▁▁▂▃▄▄▅▅▆▇▇▇██████████
wandb:       train/params ▁▁▁▁▁▁▁▁▁▁▁▁▁▁▁▁▁▁▁▁▁▁▁▁▁▁▁▁▁▁▁▁▁▁▁▁▁▁▁▁
wandb:           train/r2 ▁█████████████████████████▇▇▇▇▇▇▇▇▇▇▇▇▇▇
wandb:         train/rmse ▂▂▂▂▂▂▂▂▁▁▁▁▁▁▁▁▁▁▁▁▁▂▂▃▃▃▄▅▅▆▆▇▇▇▇█████
wandb:    train/spearmanr ▇▃▁▂▂▄▅▆▇▇████████▇▇█▇█▇▇▆▇▆▆▆▆▆▆▆▆▆▆▆▆▆
wandb:   train/time_epoch ▄▇▄▃█▃▃▄▃▄▆▂▂▆▂▂▂▂▂▂▂▂▂▂▂▂▁▂▂▂▅▂▂▂▁▂▂▁▄▄
wandb:    train/time_iter █▂▃▄▃▃▃▄▃▅▂▂▂▂▂▂▇▂▁▂▂▂▇▂▂▁▁▂▂▂▂▂▂▂▁▁▆▂▁▄
wandb:          val/epoch ▁▁▁▁▁▂▂▂▂▂▂▃▃▃▃▄▄▄▄▅▅▅▅▅▅▆▆▆▆▆▇▇▇▇▇▇████
wandb:           val/loss ██▁▁▁▁▁▁▁▁▁▁▁▁▁▁▁▁▁▁▁▁▁▁▁▁▂▂▂▂▃▃▃▃▄▄▄▄▄▄
wandb:             val/lr ▁▁▁▁▁▁▁▁▁▁▁▁▁▁▁▁▁▁▁▁▁▁▁▁▁▁▁▁▁▁▁▁▁▁▁▁▁▁▁▁
wandb:            val/mae ███▁▁▁▁▁▁▁▁▁▁▁▁▁▁▁▁▁▁▁▁▂▂▃▃▃▃▃▃▄▄▄▄▄▄▄▄▄
wandb:            val/mse █▁▁▁▁▁▁▁▁▁▁▁▁▁▁▁▁▁▁▁▁▁▁▁▁▁▁▁▁▁▂▂▂▂▂▂▂▂▂▃
wandb:         val/params ▁▁▁▁▁▁▁▁▁▁▁▁▁▁▁▁▁▁▁▁▁▁▁▁▁▁▁▁▁▁▁▁▁▁▁▁▁▁▁▁
wandb:             val/r2 ▁▁▁███████████████████████████▇▇▇▇▇▇▇▇▆▆
wandb:           val/rmse ███▁▁▁▁▁▁▁▁▁▁▁▁▁▁▁▁▁▁▁▁▁▁▁▁▂▂▂▃▃▃▃▃▄▄▄▄▄
wandb:      val/spearmanr ▅▅▅▆▁▅▅▇▇▇███████████▇▇▇▆▅▄▄▄▄▃▃▃▃▃▃▃▃▃▃
wandb:     val/time_epoch ▇▂▂▅▅▅▄▄▄▂▁▁▁▁▂▂▂▂▂▂▂▂▁▁▁▁▁▁▁▁▂▂▁███▂▂▂▁
wandb:      val/time_iter ▇▇▂▂▅▄▄▄▄▄▂▂▁▁▁▂▂▂▂▂▂▂▂▂▂▂▂▂▂▂▁▁▂▂▂█▂▁▁▁
wandb: 
wandb: Run summary:
wandb:          best/epoch 89
wandb:      best/test_loss 0.98919
wandb:       best/test_mae 0.98919
wandb:     best/train_loss 11.46758
wandb:      best/train_mae 1.50096
wandb:       best/val_loss 0.98909
wandb:        best/val_mae 0.98909
wandb:      best_test_perf 0.98919
wandb:     best_train_perf 1.50096
wandb:       best_val_perf 0.98909
wandb: full_epoch_time_avg 24.96168
wandb: full_epoch_time_sum 4992.33585
wandb:          test/epoch 199
wandb:           test/loss 9.50971
wandb:             test/lr 0
wandb:            test/mae 9.50971
wandb:            test/mse 99.62623
wandb:         test/params 1823862
wandb:             test/r2 -23.48842
wandb:           test/rmse 9.98129
wandb:      test/spearmanr 0.14319
wandb:     test/time_epoch 28.7134
wandb:      test/time_iter 7.17835
wandb:         train/epoch 199
wandb:           train/eta 0
wandb:     train/eta_hours 0
wandb:          train/loss 22.78871
wandb:     train/loss_edge 1.03043
wandb:  train/loss_encoder 0
wandb:    train/loss_graph 0.58188
wandb:     train/loss_node 4.62511
wandb:     train/loss_task 8.27565
wandb:            train/lr 0.0
wandb:           train/mae 8.27565
wandb:           train/mse 74.50562
wandb:        train/params 1823862
wandb:            train/r2 -17.42649
wandb:          train/rmse 8.63166
wandb:     train/spearmanr 0.57443
wandb:    train/time_epoch 18.93852
wandb:     train/time_iter 0.47346
wandb:           val/epoch 199
wandb:            val/loss 9.46211
wandb:              val/lr 0
wandb:             val/mae 9.46211
wandb:             val/mse 98.59624
wandb:          val/params 1823862
wandb:              val/r2 -24.03233
wandb:            val/rmse 9.92956
wandb:       val/spearmanr 0.1885
wandb:      val/time_epoch 28.64782
wandb:       val/time_iter 7.16196
wandb: 
wandb: 🚀 View run zinc_flow_zinc_flow_20251103_175518 at: https://wandb.ai/shokuno-the-university-of-tokyo/LGFM-ZINC-Flow/runs/ykjgmy20
wandb: ⭐️ View project at: https://wandb.ai/shokuno-the-university-of-tokyo/LGFM-ZINC-Flow
wandb: Synced 5 W&B file(s), 0 media file(s), 2 artifact file(s) and 0 other file(s)
wandb: Find logs at: ./wandb/run-20251103_175616-ykjgmy20/logs
Task done, results saved in /workspace/runs/zinc_flow_20251103_175518/zinc-flow_gcfm/0
89
{'epoch': 89, 'time_epoch': 18.86202, 'eta': 2089.60176, 'eta_hours': 0.58044, 'loss': 11.46757676, 'lr': 8.423e-05, 'params': 1823862, 'time_iter': 0.47155, 'mae': 1.50096, 'r2': 0.07277, 'spearmanr': 0.79343, 'mse': 3.74918, 'rmse': 1.93628, 'loss_node': 5.245735034942627, 'loss_edge': 1.0702253432273865, 'loss_graph': 2.149695844721794, 'loss_task': 1.5009603092193604, 'loss_encoder': 0.0}
{'epoch': 89, 'time_epoch': 28.6719, 'loss': 0.98909497, 'lr': 0, 'params': 1823862, 'time_iter': 7.16798, 'mae': 0.98909, 'r2': 0.04535, 'spearmanr': 0.6541, 'mse': 3.76014, 'rmse': 1.93911}
{'epoch': 89, 'time_epoch': 28.74422, 'loss': 0.98918973, 'lr': 0, 'params': 1823862, 'time_iter': 7.18605, 'mae': 0.98919, 'r2': 0.11423, 'spearmanr': 0.69086, 'mse': 3.60357, 'rmse': 1.89831}
Results aggregated across runs saved in /workspace/runs/zinc_flow_20251103_175518/zinc-flow_gcfm/agg
[*] All done: 2025-11-03 19:19:34.981474
Training finished with exit code: 0
Checkpoints in out_dir:
-rw-r----- 1 q25030 gp15 18770013 Nov  3 18:34 /workspace/runs/zinc_flow_20251103_175518/zinc-flow_gcfm/0/ckpt/89.ckpt
Job completed at: Mon Nov  3 19:19:37 JST 2025
Results saved in: /work/gp15/q25030/LatentGraphDiffusion/runs/zinc_flow_20251103_175518
-rw-r----- 1 q25030 gp15 18770013 Nov  3 18:34 /work/gp15/q25030/LatentGraphDiffusion/runs/zinc_flow_20251103_175518/zinc-flow_gcfm/0/ckpt/89.ckpt
Moved PJM out to: /work/gp15/q25030/LatentGraphDiffusion/runs/zinc_flow_20251103_175518/lgd_7937399.out
