Directory created: /work/jh210022o/q25030/LatentGraphDiffusion/runs/20250722_172209_fast_training /work/jh210022o/q25030/LatentGraphDiffusion/data
Starting optimized LGD encoder pretraining...
Configuration: zinc-encoder-fast.yaml
- Max epochs: 400 (down from 2000)
- Hidden dimensions: 32 (down from 64)
- Early stopping enabled
- WandB logging enabled

/opt/conda/lib/python3.10/site-packages/lightning_fabric/__init__.py:40: pkg_resources is deprecated as an API. See https://setuptools.pypa.io/en/latest/pkg_resources.html. The pkg_resources package is slated for removal as early as 2025-11-30. Refrain from using this package or pin to Setuptools<81.
Warning: Could not import grit_layer: No module named 'opt_einsum'
Warning: Could not import san_layer: cannot import name 'negate_edge_index' from 'lgd.utils' (/workspace/lgd/utils/__init__.py)
Warning: Could not import san2_layer: cannot import name 'negate_edge_index' from 'lgd.utils' (/workspace/lgd/utils/__init__.py)
./datasets/ZINC
[*] Loaded dataset 'subset' from 'PyG-ZINC':
/opt/conda/lib/python3.10/site-packages/torch_geometric/data/in_memory_dataset.py:157: UserWarning: It is not recommended to directly access the internal storage format `data` of an 'InMemoryDataset'. If you are absolutely certain what you are doing, access the internal storage via `InMemoryDataset._data` instead to suppress this warning. Alternatively, you can access stacked individual attributes of every graph via `dataset.{attr_name}`.
  warnings.warn(msg)
  Data(x=[277864, 1], edge_index=[2, 597970], edge_attr=[597970], y=[12000])
  undirected: True
  num graphs: 12000
/opt/conda/lib/python3.10/site-packages/torch_geometric/data/in_memory_dataset.py:157: UserWarning: It is not recommended to directly access the internal storage format `data` of an 'InMemoryDataset'. The data of the dataset is already cached, so any modifications to `data` will not be reflected when accessing its elements. Clearing the cache now by removing all elements in `dataset._data_list`. If you are absolutely certain what you are doing, access the internal storage via `InMemoryDataset._data` instead to suppress this warning. Alternatively, you can access stacked individual attributes of every graph via `dataset.{attr_name}`.
  warnings.warn(msg)
  avg num_nodes/graph: 23
  num node features: 1
  num edge features: 1
  num classes: (appears to be a regression task)
Precomputing Positional Encoding statistics: ['RRWP'] for all graphs...
  ...estimated to be undirected: True
  0%|          | 0/12000 [00:00<?, ?it/s]100%|██████████| 12000/12000 [00:07<00:00, 1545.43it/s]
Done! Took 00:00:08.64
Adding virtual node and edges
  0%|          | 0/12000 [00:00<?, ?it/s]100%|██████████| 12000/12000 [00:07<00:00, 1710.36it/s]
Preprocessing PE
  0%|          | 0/12000 [00:00<?, ?it/s]100%|██████████| 12000/12000 [00:03<00:00, 3646.34it/s]
[*] Run ID 0: seed=0, split_index=0
    Starting now: 2025-07-22 17:22:40.384246
/opt/conda/lib/python3.10/site-packages/torch/nn/init.py:405: UserWarning: Initializing zero-element tensors is a no-op
  warnings.warn("Initializing zero-element tensors is a no-op")
GraphGymModule_custom(
  (model): GraphTransformerEncoder(
    (act): ReLU()
    (node_emb): TypeDictNodeEncoder(
      (encoder): Embedding(27, 36, padding_idx=0)
    )
    (edge_emb): TypeDictEdgeEncoder(
      (encoder): Embedding(14, 36, padding_idx=0)
    )
    (prefix_emb): Embedding(1, 64, padding_idx=0)
    (label_embed_regression): Sequential(
      (0): Linear(in_features=1, out_features=128, bias=True)
      (1): ReLU()
      (2): Linear(in_features=128, out_features=64, bias=True)
      (3): Identity()
      (4): ReLU()
    )
    (label_embed_classification): Embedding(3, 64)
    (posenc_emb): Sequential(
      (0): Identity()
      (1): Linear(in_features=20, out_features=28, bias=True)
    )
    (posenc_emb_edge): Sequential(
      (0): Identity()
      (1): Linear(in_features=20, out_features=28, bias=True)
    )
    (node_in_mlp): Sequential(
      (0): Linear(in_features=64, out_features=128, bias=True)
      (1): ReLU()
      (2): Linear(in_features=128, out_features=64, bias=True)
    )
    (edge_in_mlp): Sequential(
      (0): Linear(in_features=64, out_features=128, bias=True)
      (1): ReLU()
      (2): Linear(in_features=128, out_features=64, bias=True)
    )
    (batch_norm_in_h): BatchNorm1d(64, eps=1e-05, momentum=0.1, affine=True, track_running_stats=True)
    (batch_norm_in_e): BatchNorm1d(64, eps=1e-05, momentum=0.1, affine=True, track_running_stats=True)
    (GTE_layers): ModuleList(
      (0-5): 6 x GraphTransformerEncoderLayer(in_channels=64, out_channels=64, heads=4, residual=True)
      [GraphTransformerEncoderLayer(
        (act): ReLU()
        (attention): GTE_Attention(
          (dropout): Dropout(p=0.5, inplace=False)
          (Q): Linear(in_features=64, out_features=64, bias=True)
          (K): Linear(in_features=64, out_features=64, bias=False)
          (E): Linear(in_features=64, out_features=128, bias=True)
          (V): Linear(in_features=64, out_features=64, bias=False)
          (act): ReLU()
        )
        (mpnn): GINE(
          (dropout): Dropout(p=0.0, inplace=False)
          (act): ReLU()
          (lin_edge): Linear(in_features=64, out_features=64, bias=True)
          (mlp): Sequential(
            (0): Linear(in_features=64, out_features=128, bias=True)
            (1): ReLU()
            (2): Linear(in_features=128, out_features=64, bias=True)
          )
        )
        (temb_proj_h): Linear(in_features=0, out_features=64, bias=True)
        (temb_proj_e): Linear(in_features=0, out_features=64, bias=True)
        (O_h): Linear(in_features=64, out_features=64, bias=True)
        (O_e): Linear(in_features=64, out_features=64, bias=True)
        (batch_norm1_h): BatchNorm1d(64, eps=1e-05, momentum=0.1, affine=True, track_running_stats=True)
        (batch_norm1_e): BatchNorm1d(64, eps=1e-05, momentum=0.1, affine=True, track_running_stats=True)
        (FFN_h_layer1): Linear(in_features=64, out_features=128, bias=True)
        (FFN_h_layer2): Linear(in_features=128, out_features=64, bias=True)
        (FFN_e_layer1): Linear(in_features=64, out_features=128, bias=True)
        (FFN_e_layer2): Linear(in_features=128, out_features=64, bias=True)
        (batch_norm2_h): BatchNorm1d(64, eps=1e-05, momentum=0.1, affine=True, track_running_stats=True)
        (batch_norm2_e): BatchNorm1d(64, eps=1e-05, momentum=0.1, affine=True, track_running_stats=True)
      )]
    )
    (final_layer_node): Sequential(
      (0): Linear(in_features=64, out_features=8, bias=True)
      (1): ReLU()
      (2): Linear(in_features=8, out_features=4, bias=True)
    )
    (final_layer_edge): Sequential(
      (0): Linear(in_features=64, out_features=8, bias=True)
      (1): ReLU()
      (2): Linear(in_features=8, out_features=4, bias=True)
    )
    (graph_out_mlp): Identity()
    (graph_out_mlp_2): Identity()
    (decode_node): Linear(in_features=4, out_features=31, bias=True)
    (decode_edge): Linear(in_features=4, out_features=14, bias=True)
    (decode_graph): Linear(in_features=4, out_features=1, bias=True)
  )
)
accelerator: cuda:0
benchmark: False
bn:
  eps: 1e-05
  mom: 0.1
cfg_dest: config.yaml
cond:
  attn:
    O_e: True
    act: relu
    attn_dropout: 0.0
    batch_norm: True
    bn_momentum: 0.1
    bn_no_runner: False
    clamp: 5.0
    deg_scaler: False
    edge_enhance: True
    full_attn: True
    layer_norm: False
    norm_e: True
    sparse: False
    use: True
    use_bias: False
  batch_norm: True
  bn_momentum: 0.1
  bn_no_runner: False
  edge_encoder_name: TypeDictEdge
  layer_norm: False
  node_encoder_name: TypeDictNode
custom_metrics: []
dataset:
  add_virtual_node_edge: True
  cache_load: False
  cache_save: False
  dir: ./datasets
  edge_dim: 128
  edge_encoder: True
  edge_encoder_bn: False
  edge_encoder_name: TypeDictEdge
  edge_encoder_num_types: 4
  edge_message_ratio: 0.8
  edge_negative_sampling_ratio: 1.0
  edge_train_mode: all
  encoder: True
  encoder_bn: True
  encoder_dim: 128
  encoder_name: db
  format: PyG-ZINC
  label_column: none
  label_table: none
  location: local
  name: subset
  node_encoder: True
  node_encoder_bn: False
  node_encoder_name: TypeDictNode
  node_encoder_num_types: 21
  num_hop: 0
  remove_feature: False
  resample_disjoint: False
  resample_negative: False
  shuffle_split: True
  slic_compactness: 10
  split: [0.8, 0.1, 0.1]
  split_dir: ./splits
  split_index: 0
  split_mode: standard
  subgraph: False
  task: graph
  task_type: regression
  to_undirected: False
  transductive: False
  transform: none
  tu_simple: True
devices: 1
diffusion:
  conditioning_key: crossattn
  edge_factor: 1.0
  graph_factor: 0.0
dt:
  attn:
    O_e: True
    act: relu
    attn_dropout: 0.0
    batch_norm: True
    bn_momentum: 0.1
    bn_no_runner: False
    clamp: 5.0
    deg_scaler: False
    edge_enhance: True
    full_attn: True
    layer_norm: False
    norm_e: True
    sparse: False
    use: True
    use_bias: False
  batch_norm: True
  bn_momentum: 0.1
  bn_no_runner: False
  layer_norm: False
encoder:
  O_e: True
  act: relu
  attn:
    O_e: True
    act: relu
    attn_dropout: 0.0
    attn_product: mul
    attn_reweight: True
    batch_norm: True
    bn_momentum: 0.1
    bn_no_runner: False
    clamp: 5.0
    deg_scaler: False
    edge_enhance: True
    edge_reweight: True
    full_attn: True
    fwl: False
    layer_norm: False
    norm_e: True
    score_act: True
    signed_sqrt: True
    sparse: False
    use: True
    use_bias: False
  attn_dropout: 0.5
  batch_norm: True
  bn_momentum: 0.1
  bn_no_runner: False
  dropout: 0.0
  edge_encoder: True
  edge_encoder_bn: False
  edge_encoder_name: TypeDictEdge
  edge_encoder_num_types: 4
  ff_e: False
  hid_dim: 64
  in_dim: 36
  label_embed_type: add_virtual
  layer_norm: False
  mpnn:
    act: relu
    dropout: 0.0
    edge_enhance: True
    enable: True
    project_edge: True
  node_encoder: True
  node_encoder_bn: False
  node_encoder_name: TypeDictNode
  node_encoder_num_types: 21
  norm_e: True
  num_heads: 4
  num_layers: 6
  num_task: 1
  out_dim: 4
  pe_raw_norm: None
  pool: add
  pool_edge: True
  pool_vn: False
  posenc_dim: 28
  posenc_in_dim: 20
  posenc_in_dim_edge: 20
  prefix_dim: 64
  prefix_type: add_virtual
  residual: True
  task_type: regression
  temb_dim: 0
  update_e: True
  use_time: False
example_arg: example
example_group:
  example_arg: example
gnn:
  act: relu
  agg: mean
  att_final_linear: False
  att_final_linear_bn: False
  att_heads: 1
  batchnorm: True
  clear_feature: True
  dim_inner: 64
  dropout: 0.0
  head: san_graph
  keep_edge: 0.5
  l2norm: True
  layer_type: generalconv
  layers_mp: 2
  layers_post_mp: 3
  layers_pre_mp: 0
  msg_direction: single
  normalize_adj: False
  residual: False
  self_msg: concat
  skip_every: 1
  stage_type: stack
gpu_mem: False
gt:
  attn:
    O_e: True
    act: relu
    clamp: 5.0
    deg_scaler: True
    edge_enhance: True
    full_attn: True
    fwl: False
    norm_e: True
    sparse: False
    use: True
    use_bias: False
  attn_dropout: 0.2
  batch_norm: True
  bigbird:
    add_cross_attention: False
    attention_type: block_sparse
    block_size: 3
    chunk_size_feed_forward: 0
    hidden_act: relu
    is_decoder: False
    layer_norm_eps: 1e-06
    max_position_embeddings: 128
    num_random_blocks: 3
    use_bias: False
  bn_momentum: 0.1
  bn_no_runner: False
  dim_hidden: 64
  dropout: 0.0
  full_graph: True
  gamma: 1e-05
  layer_norm: False
  layer_type: GritTransformer
  layers: 6
  n_heads: 4
  pna_degrees: []
  residual: True
  update_e: True
mem:
  inplace: False
metric_agg: argmin
metric_best: mae
mlflow:
  name: zinc-GRIT-RRWP
  project: Exp
  use: False
model:
  edge_decoding: dot
  graph_pooling: add
  loss_fun: l1
  match_upper: True
  size_average: mean
  thresh: 0.5
  type: GraphTransformerEncoder
name_tag: 
num_threads: 6
num_workers: 0
optim:
  base_lr: 0.001
  batch_accumulation: 1
  clip_grad_norm: True
  lr_decay: 0.1
  max_epoch: 400
  min_lr: 1e-06
  momentum: 0.9
  num_warmup_epochs: 10
  optimizer: adamW
  reduce_factor: 0.1
  schedule_patience: 10
  scheduler: cosine_with_warmup
  steps: [30, 60, 90]
  weight_decay: 1e-05
out_dir: results/zinc-encoder-fast
posenc_ERE:
  accuracy: 0.1
  dim_pe: 16
  enable: False
  layers: 3
  local: False
  model: none
  n_heads: 4
  pass_as_var: False
  post_layers: 0
  raw_norm_type: none
posenc_ERN:
  accuracy: 0.1
  dim_pe: 16
  enable: False
  er_dim: none
  layers: 3
  local: False
  model: none
  n_heads: 4
  pass_as_var: False
  post_layers: 0
  raw_norm_type: none
posenc_EdgeRWSE:
  dim_pe: 16
  enable: False
  kernel:
    times: []
    times_func: 
  layers: 3
  local: False
  model: none
  n_heads: 4
  pass_as_var: False
  post_layers: 0
  raw_norm_type: none
posenc_ElstaticSE:
  dim_pe: 16
  enable: False
  kernel:
    times: []
    times_func: range(10)
  layers: 3
  local: False
  model: none
  n_heads: 4
  pass_as_var: False
  post_layers: 0
  raw_norm_type: none
posenc_EquivStableLapPE:
  eigen:
    eigvec_norm: L2
    laplacian_norm: sym
    max_freqs: 10
  enable: False
  raw_norm_type: none
posenc_HKdiagSE:
  dim_pe: 16
  enable: False
  kernel:
    times: []
    times_func: 
  layers: 3
  local: False
  model: none
  n_heads: 4
  pass_as_var: False
  post_layers: 0
  raw_norm_type: none
posenc_HodgeLap1PE:
  dim_pe: 16
  eigen:
    eigvec_norm: L2
    laplacian_norm: sym
    max_freqs: 10
  enable: False
  layers: 3
  local: False
  model: none
  n_heads: 4
  pass_as_var: False
  post_layers: 0
  raw_norm_type: none
posenc_InterRWSE:
  dim_pe: 16
  enable: False
  kernel:
    times: []
    times_func: 
  layers: 3
  local: False
  model: none
  n_heads: 4
  pass_as_var: False
  post_layers: 0
  raw_norm_type: none
posenc_LapPE:
  dim_pe: 16
  eigen:
    eigvec_norm: L2
    laplacian_norm: sym
    max_freqs: 10
  enable: False
  layers: 3
  local: False
  model: none
  n_heads: 4
  pass_as_var: False
  post_layers: 0
  raw_norm_type: none
posenc_RD:
  dim_pe: 16
  enable: False
  layers: 3
  local: False
  model: none
  n_heads: 4
  pass_as_var: False
  post_layers: 0
  raw_norm_type: none
posenc_RRWP:
  add_identity: True
  dim_pe: 16
  enable: True
  ksteps: 20
  layers: 3
  local: False
  model: none
  n_heads: 4
  pass_as_var: False
  post_layers: 0
  raw_norm_type: none
  real_emb: True
  spd: False
posenc_RWSE:
  dim_pe: 28
  enable: False
  kernel:
    times: []
    times_func: range(1,21)
  layers: 3
  local: False
  model: Linear
  n_heads: 4
  pass_as_var: False
  post_layers: 0
  raw_norm_type: BatchNorm
posenc_SignNet:
  dim_pe: 16
  eigen:
    eigvec_norm: L2
    laplacian_norm: sym
    max_freqs: 10
  enable: False
  layers: 3
  local: False
  model: none
  n_heads: 4
  pass_as_var: False
  phi_hidden_dim: 64
  phi_out_dim: 4
  post_layers: 0
  raw_norm_type: none
prep:
  add_edge_index: True
  add_reverse_edges: True
  add_self_loops: False
  dist_cutoff: 510
  dist_enable: False
  exp: False
  exp_algorithm: Random-d
  exp_count: 1
  exp_deg: 5
  exp_max_num_iters: 100
  layer_edge_indices_dir: None
  num_virt_node: 0
  train_percent: 0.6
  use_exp_edges: True
pretrained:
  dir: 
  freeze_main: False
  reset_prediction_head: True
print: both
regression_model:
  encoder:
    attn:
      O_e: True
      act: relu
      attn_dropout: 0.0
      batch_norm: True
      bn_momentum: 0.1
      bn_no_runner: False
      clamp: 5.0
      deg_scaler: False
      edge_enhance: True
      full_attn: True
      layer_norm: False
      norm_e: True
      sparse: False
      use: True
      use_bias: False
    batch_norm: True
    bn_momentum: 0.1
    bn_no_runner: False
    edge_encoder_name: TypeDictEdge
    layer_norm: False
    node_encoder_name: TypeDictNode
round: 5
run_dir: results/zinc-encoder-fast/0
run_id: 0
run_multiple_splits: []
seed: 0
share:
  dim_in: 1
  dim_out: 1
  num_splits: 3
tensorboard_agg: True
tensorboard_each_run: False
train:
  auto_resume: False
  batch_size: 64
  ckpt_best: True
  ckpt_clean: True
  ckpt_period: 10
  early_stop: True
  early_stop_patience: 20
  enable_ckpt: True
  ensemble_mode: none
  ensemble_repeat: 1
  epoch_resume: -1
  eval_period: 1
  iter_per_epoch: 32
  mode: pretrain_encoder
  neighbor_sizes: [20, 15, 10, 5]
  node_per_graph: 32
  pretrain:
    atom_bond_only: True
    edge_factor: 0.0
    graph_factor: 1.0
    input_target: True
    mask_edge_prob: 0.0
    mask_label_prob: 0.5
    mask_node_prob: 0.0
    node_factor: 0.0
    original_task: True
    recon: none
  radius: extend
  sample_node: False
  sampler: full_batch
  skip_train_eval: False
  start_eval_epoch: -1
  walk_length: 4
val:
  node_per_graph: 32
  radius: extend
  sample_node: False
  sampler: full_batch
view_emb: False
wandb:
  entity: 
  name: 
  project: LatentGraphDiffusion-ZINC
  use: True
Num parameters: 553882
Start from epoch 0
Loaded WandB config from /workspace/.wandbrc (profile: default)
wandb: Using wandb-core as the SDK backend.  Please refer to https://wandb.me/wandb-core for more information.
wandb: Currently logged in as: shokuno (shokuno-the-university-of-tokyo). Use `wandb login --relogin` to force relogin
wandb: Tracking run with wandb version 0.18.7
wandb: Run data is saved locally in /workspace/wandb/run-20250722_172248-zndpo3yg
wandb: Run `wandb offline` to turn off syncing.
wandb: Syncing run ZINC-subset.GraphTransformerEncoder.r0
wandb: ⭐️ View project at https://wandb.ai/shokuno-the-university-of-tokyo/LatentGraphDiffusion-ZINC
wandb: 🚀 View run at https://wandb.ai/shokuno-the-university-of-tokyo/LatentGraphDiffusion-ZINC/runs/zndpo3yg
Key encoder.pe_raw_norm with value <class 'NoneType'> is not a valid type; valid types: {<class 'float'>, <class 'list'>, <class 'tuple'>, <class 'bool'>, <class 'int'>, <class 'str'>}
Key prep.layer_edge_indices_dir with value <class 'NoneType'> is not a valid type; valid types: {<class 'float'>, <class 'list'>, <class 'tuple'>, <class 'bool'>, <class 'int'>, <class 'str'>}
tensor([1, 1, 3, 1, 3, 3, 1, 5, 1, 3, 1, 1, 3, 1, 1, 3, 1, 1, 2, 1],
       device='cuda:0')
tensor([[ 0.0155,  0.1339,  0.2785, -0.2595],
        [-0.2458,  0.4773,  0.2885, -0.4236],
        [ 0.1904,  0.4425,  0.6342, -0.1141],
        [-0.0825,  0.4113,  0.3607, -0.3446],
        [-0.3903,  0.8525,  0.4095, -0.6254],
        [-0.1634,  0.7667,  0.5595, -0.4291],
        [-0.1672,  0.6747,  0.6226, -0.3202],
        [-0.0398,  0.1423,  0.2311,  0.0352],
        [-0.3050,  0.8453,  0.5281, -0.4433],
        [ 0.3871,  0.3577,  0.7936,  0.1385],
        [-0.0961,  0.4426,  0.3773, -0.4064],
        [-0.0852,  0.4944,  0.3439, -0.3196],
        [ 0.3850,  0.5972,  0.7763, -0.2579],
        [-0.0924,  0.5737,  0.3927, -0.4442],
        [-0.0501,  0.4055,  0.4344, -0.4623],
        [ 0.2848,  0.5777,  0.7442, -0.2310],
        [-0.1970,  0.3211,  0.2386, -0.2458],
        [-0.0801,  0.2647,  0.3220, -0.1542],
        [ 0.0209,  0.3148,  0.3246, -0.1678],
        [ 0.1215,  0.1772,  0.3730, -0.0736]], device='cuda:0',
       grad_fn=<SliceBackward0>)
tensor([8, 2, 0, 0, 0, 0, 0, 0, 0, 0, 0, 0, 0, 0, 0, 0, 0, 0, 0, 0],
       device='cuda:0')
tensor([[ 0.3292, -0.3509, -0.2708,  0.0544],
        [ 0.3482, -0.7006, -0.5415,  0.1656],
        [ 0.1741, -0.2007, -0.1124, -0.0147],
        [ 0.1601, -0.1794, -0.0598,  0.0122],
        [ 0.2025, -0.0961, -0.0674, -0.0819],
        [ 0.2797, -0.2261,  0.0287, -0.1267],
        [ 0.2225, -0.0667,  0.0202, -0.0379],
        [ 0.1474, -0.0529, -0.0008, -0.0969],
        [ 0.2509,  0.0053, -0.1033,  0.0262],
        [ 0.1687, -0.0550, -0.0081, -0.1887],
        [ 0.2550, -0.0113, -0.0100,  0.0022],
        [ 0.2682, -0.0149, -0.0159,  0.0167],
        [ 0.2747, -0.2070,  0.1263, -0.2443],
        [ 0.2651, -0.0650,  0.0744, -0.0856],
        [ 0.2551, -0.0312,  0.0250, -0.0322],
        [ 0.2253, -0.1502,  0.0546, -0.1804],
        [ 0.1730,  0.0630, -0.0735, -0.0327],
        [ 0.1844,  0.0350, -0.0406, -0.0678],
        [ 0.2197, -0.0896, -0.0739, -0.0973],
        [ 0.2405, -0.1317, -0.0397,  0.0315]], device='cuda:0',
       grad_fn=<SliceBackward0>)
train: {'epoch': 0, 'time_epoch': 19.99452, 'eta': 7977.81317, 'eta_hours': 2.21606, 'loss': 33.64236331, 'lr': 0.0, 'params': 553882, 'time_iter': 0.12735, 'mae': 33.64236, 'r2': -306.36801, 'spearmanr': -0.23673, 'mse': 1242.81091, 'rmse': 35.25352}
...computing epoch stats took: 0.01s
val: {'epoch': 0, 'time_epoch': 0.69147, 'loss': 33.98814462, 'lr': 0, 'params': 553882, 'time_iter': 0.04322, 'mae': 33.98814, 'r2': -320.50849, 'spearmanr': -0.21868, 'mse': 1266.34326, 'rmse': 35.58572, 'loss_recon': 0.0, 'loss_recon_node': 0.0, 'loss_recon_edge': 0.0, 'loss_recon_tuple': 0.0, 'loss_recon_nodepe': 0.0, 'loss_recon_edgepe': 0.0}
...computing epoch stats took: 0.00s
test: {'epoch': 0, 'time_epoch': 0.69226, 'loss': 33.92403568, 'lr': 0, 'params': 553882, 'time_iter': 0.04327, 'mae': 33.92404, 'r2': -307.09281, 'spearmanr': -0.21371, 'mse': 1253.41382, 'rmse': 35.40358, 'loss_recon': 0.0, 'loss_recon_node': 0.0, 'loss_recon_edge': 0.0, 'loss_recon_tuple': 0.0, 'loss_recon_nodepe': 0.0, 'loss_recon_edgepe': 0.0}
...computing epoch stats took: 0.00s
> Epoch 0: took 21.4s (avg 21.4s) | Best so far: epoch 0	train_loss: 33.6424 train_mae: 33.6424	val_loss: 33.9881 val_mae: 33.9881	test_loss: 33.9240 test_mae: 33.9240
train: {'epoch': 1, 'time_epoch': 13.37542, 'eta': 6640.61788, 'eta_hours': 1.84462, 'loss': 2.13025805, 'lr': 0.0001, 'params': 553882, 'time_iter': 0.08519, 'mae': 2.13026, 'r2': -4.52649, 'spearmanr': 0.60387, 'mse': 22.34579, 'rmse': 4.72713}
...computing epoch stats took: 0.00s
val: {'epoch': 1, 'time_epoch': 0.51375, 'loss': 0.84535421, 'lr': 0, 'params': 553882, 'time_iter': 0.03211, 'mae': 0.84535, 'r2': 0.52224, 'spearmanr': 0.87598, 'mse': 1.88179, 'rmse': 1.37178, 'loss_recon': 0.0, 'loss_recon_node': 0.0, 'loss_recon_edge': 0.0, 'loss_recon_tuple': 0.0, 'loss_recon_nodepe': 0.0, 'loss_recon_edgepe': 0.0}
...computing epoch stats took: 0.00s
test: {'epoch': 1, 'time_epoch': 0.51379, 'loss': 0.91938923, 'lr': 0, 'params': 553882, 'time_iter': 0.03211, 'mae': 0.91939, 'r2': 0.5169, 'spearmanr': 0.85456, 'mse': 1.96538, 'rmse': 1.40192, 'loss_recon': 0.0, 'loss_recon_node': 0.0, 'loss_recon_edge': 0.0, 'loss_recon_tuple': 0.0, 'loss_recon_nodepe': 0.0, 'loss_recon_edgepe': 0.0}
...computing epoch stats took: 0.00s
> Epoch 1: took 14.4s (avg 17.9s) | Best so far: epoch 1	train_loss: 2.1303 train_mae: 2.1303	val_loss: 0.8454 val_mae: 0.8454	test_loss: 0.9194 test_mae: 0.9194
train: {'epoch': 2, 'time_epoch': 13.34248, 'eta': 6181.6104, 'eta_hours': 1.71711, 'loss': 1.25616659, 'lr': 0.0002, 'params': 553882, 'time_iter': 0.08498, 'mae': 1.25617, 'r2': 0.27357, 'spearmanr': 0.69385, 'mse': 2.93724, 'rmse': 1.71384}
...computing epoch stats took: 0.01s
val: {'epoch': 2, 'time_epoch': 0.51296, 'loss': 2.48901338, 'lr': 0, 'params': 553882, 'time_iter': 0.03206, 'mae': 2.48901, 'r2': -0.8873, 'spearmanr': 0.76916, 'mse': 7.43359, 'rmse': 2.72646, 'loss_recon': 0.0, 'loss_recon_node': 0.0, 'loss_recon_edge': 0.0, 'loss_recon_tuple': 0.0, 'loss_recon_nodepe': 0.0, 'loss_recon_edgepe': 0.0}
...computing epoch stats took: 0.00s
test: {'epoch': 2, 'time_epoch': 0.51336, 'loss': 2.47511514, 'lr': 0, 'params': 553882, 'time_iter': 0.03208, 'mae': 2.47512, 'r2': -0.74911, 'spearmanr': 0.75988, 'mse': 7.1159, 'rmse': 2.66756, 'loss_recon': 0.0, 'loss_recon_node': 0.0, 'loss_recon_edge': 0.0, 'loss_recon_tuple': 0.0, 'loss_recon_nodepe': 0.0, 'loss_recon_edgepe': 0.0}
...computing epoch stats took: 0.00s
> Epoch 2: took 14.4s (avg 16.7s) | Best so far: epoch 1	train_loss: 2.1303 train_mae: 2.1303	val_loss: 0.8454 val_mae: 0.8454	test_loss: 0.9194 test_mae: 0.9194
train: {'epoch': 3, 'time_epoch': 13.36874, 'eta': 5948.03459, 'eta_hours': 1.65223, 'loss': 1.69876375, 'lr': 0.0003, 'params': 553882, 'time_iter': 0.08515, 'mae': 1.69876, 'r2': -0.16432, 'spearmanr': 0.54565, 'mse': 4.7078, 'rmse': 2.16975}
val: {'epoch': 3, 'time_epoch': 0.51751, 'loss': 0.8660341, 'lr': 0, 'params': 553882, 'time_iter': 0.03234, 'mae': 0.86603, 'r2': 0.52926, 'spearmanr': 0.78238, 'mse': 1.85412, 'rmse': 1.36166, 'loss_recon': 0.0, 'loss_recon_node': 0.0, 'loss_recon_edge': 0.0, 'loss_recon_tuple': 0.0, 'loss_recon_nodepe': 0.0, 'loss_recon_edgepe': 0.0}
test: {'epoch': 3, 'time_epoch': 0.51917, 'loss': 0.92602166, 'lr': 0, 'params': 553882, 'time_iter': 0.03245, 'mae': 0.92602, 'r2': 0.56346, 'spearmanr': 0.77054, 'mse': 1.77596, 'rmse': 1.33265, 'loss_recon': 0.0, 'loss_recon_node': 0.0, 'loss_recon_edge': 0.0, 'loss_recon_tuple': 0.0, 'loss_recon_nodepe': 0.0, 'loss_recon_edgepe': 0.0}
> Epoch 3: took 14.4s (avg 16.2s) | Best so far: epoch 1	train_loss: 2.1303 train_mae: 2.1303	val_loss: 0.8454 val_mae: 0.8454	test_loss: 0.9194 test_mae: 0.9194
train: {'epoch': 4, 'time_epoch': 13.36479, 'eta': 5802.2302, 'eta_hours': 1.61173, 'loss': 1.23499673, 'lr': 0.0004, 'params': 553882, 'time_iter': 0.08513, 'mae': 1.235, 'r2': 0.29835, 'spearmanr': 0.67965, 'mse': 2.83707, 'rmse': 1.68436}
val: {'epoch': 4, 'time_epoch': 0.51384, 'loss': 0.77739389, 'lr': 0, 'params': 553882, 'time_iter': 0.03212, 'mae': 0.77739, 'r2': 0.51752, 'spearmanr': 0.86489, 'mse': 1.90039, 'rmse': 1.37855, 'loss_recon': 0.0, 'loss_recon_node': 0.0, 'loss_recon_edge': 0.0, 'loss_recon_tuple': 0.0, 'loss_recon_nodepe': 0.0, 'loss_recon_edgepe': 0.0}
test: {'epoch': 4, 'time_epoch': 0.5136, 'loss': 0.81236701, 'lr': 0, 'params': 553882, 'time_iter': 0.0321, 'mae': 0.81237, 'r2': 0.57489, 'spearmanr': 0.87007, 'mse': 1.72946, 'rmse': 1.31509, 'loss_recon': 0.0, 'loss_recon_node': 0.0, 'loss_recon_edge': 0.0, 'loss_recon_tuple': 0.0, 'loss_recon_nodepe': 0.0, 'loss_recon_edgepe': 0.0}
> Epoch 4: took 14.4s (avg 15.8s) | Best so far: epoch 4	train_loss: 1.2350 train_mae: 1.2350	val_loss: 0.7774 val_mae: 0.7774	test_loss: 0.8124 test_mae: 0.8124
train: {'epoch': 5, 'time_epoch': 13.33835, 'eta': 5698.83585, 'eta_hours': 1.58301, 'loss': 1.65289704, 'lr': 0.0005, 'params': 553882, 'time_iter': 0.08496, 'mae': 1.6529, 'r2': -0.20911, 'spearmanr': 0.56544, 'mse': 4.88889, 'rmse': 2.21108}
val: {'epoch': 5, 'time_epoch': 0.51247, 'loss': 1.35396871, 'lr': 0, 'params': 553882, 'time_iter': 0.03203, 'mae': 1.35397, 'r2': 0.31104, 'spearmanr': 0.87364, 'mse': 2.71364, 'rmse': 1.64731, 'loss_recon': 0.0, 'loss_recon_node': 0.0, 'loss_recon_edge': 0.0, 'loss_recon_tuple': 0.0, 'loss_recon_nodepe': 0.0, 'loss_recon_edgepe': 0.0}
test: {'epoch': 5, 'time_epoch': 0.51221, 'loss': 1.39226434, 'lr': 0, 'params': 553882, 'time_iter': 0.03201, 'mae': 1.39226, 'r2': 0.36031, 'spearmanr': 0.84617, 'mse': 2.60245, 'rmse': 1.61321, 'loss_recon': 0.0, 'loss_recon_node': 0.0, 'loss_recon_edge': 0.0, 'loss_recon_tuple': 0.0, 'loss_recon_nodepe': 0.0, 'loss_recon_edgepe': 0.0}
> Epoch 5: took 14.4s (avg 15.6s) | Best so far: epoch 4	train_loss: 1.2350 train_mae: 1.2350	val_loss: 0.7774 val_mae: 0.7774	test_loss: 0.8124 test_mae: 0.8124
train: {'epoch': 6, 'time_epoch': 13.36559, 'eta': 5622.7013, 'eta_hours': 1.56186, 'loss': 1.04935218, 'lr': 0.0006, 'params': 553882, 'time_iter': 0.08513, 'mae': 1.04935, 'r2': 0.48429, 'spearmanr': 0.74941, 'mse': 2.08521, 'rmse': 1.44403}
val: {'epoch': 6, 'time_epoch': 0.51378, 'loss': 0.91605801, 'lr': 0, 'params': 553882, 'time_iter': 0.03211, 'mae': 0.91606, 'r2': 0.46197, 'spearmanr': 0.89157, 'mse': 2.11919, 'rmse': 1.45574, 'loss_recon': 0.0, 'loss_recon_node': 0.0, 'loss_recon_edge': 0.0, 'loss_recon_tuple': 0.0, 'loss_recon_nodepe': 0.0, 'loss_recon_edgepe': 0.0}
test: {'epoch': 6, 'time_epoch': 0.51639, 'loss': 0.97229481, 'lr': 0, 'params': 553882, 'time_iter': 0.03227, 'mae': 0.97229, 'r2': 0.50488, 'spearmanr': 0.89088, 'mse': 2.01431, 'rmse': 1.41926, 'loss_recon': 0.0, 'loss_recon_node': 0.0, 'loss_recon_edge': 0.0, 'loss_recon_tuple': 0.0, 'loss_recon_nodepe': 0.0, 'loss_recon_edgepe': 0.0}
> Epoch 6: took 14.4s (avg 15.4s) | Best so far: epoch 4	train_loss: 1.2350 train_mae: 1.2350	val_loss: 0.7774 val_mae: 0.7774	test_loss: 0.8124 test_mae: 0.8124
train: {'epoch': 7, 'time_epoch': 13.3491, 'eta': 5561.45097, 'eta_hours': 1.54485, 'loss': 1.01104447, 'lr': 0.0007, 'params': 553882, 'time_iter': 0.08503, 'mae': 1.01104, 'r2': 0.48107, 'spearmanr': 0.76527, 'mse': 2.09825, 'rmse': 1.44853}
val: {'epoch': 7, 'time_epoch': 0.51357, 'loss': 1.19517741, 'lr': 0, 'params': 553882, 'time_iter': 0.0321, 'mae': 1.19518, 'r2': 0.38566, 'spearmanr': 0.84501, 'mse': 2.41975, 'rmse': 1.55556, 'loss_recon': 0.0, 'loss_recon_node': 0.0, 'loss_recon_edge': 0.0, 'loss_recon_tuple': 0.0, 'loss_recon_nodepe': 0.0, 'loss_recon_edgepe': 0.0}
test: {'epoch': 7, 'time_epoch': 0.51348, 'loss': 1.17674116, 'lr': 0, 'params': 553882, 'time_iter': 0.03209, 'mae': 1.17674, 'r2': 0.49366, 'spearmanr': 0.85102, 'mse': 2.05995, 'rmse': 1.43525, 'loss_recon': 0.0, 'loss_recon_node': 0.0, 'loss_recon_edge': 0.0, 'loss_recon_tuple': 0.0, 'loss_recon_nodepe': 0.0, 'loss_recon_edgepe': 0.0}
> Epoch 7: took 14.4s (avg 15.3s) | Best so far: epoch 4	train_loss: 1.2350 train_mae: 1.2350	val_loss: 0.7774 val_mae: 0.7774	test_loss: 0.8124 test_mae: 0.8124
train: {'epoch': 8, 'time_epoch': 13.34753, 'eta': 5510.77719, 'eta_hours': 1.53077, 'loss': 1.25372886, 'lr': 0.0008, 'params': 553882, 'time_iter': 0.08502, 'mae': 1.25373, 'r2': 0.26024, 'spearmanr': 0.69934, 'mse': 2.99115, 'rmse': 1.72949}
val: {'epoch': 8, 'time_epoch': 0.51592, 'loss': 0.68095145, 'lr': 0, 'params': 553882, 'time_iter': 0.03224, 'mae': 0.68095, 'r2': 0.65976, 'spearmanr': 0.9083, 'mse': 1.34012, 'rmse': 1.15764, 'loss_recon': 0.0, 'loss_recon_node': 0.0, 'loss_recon_edge': 0.0, 'loss_recon_tuple': 0.0, 'loss_recon_nodepe': 0.0, 'loss_recon_edgepe': 0.0}
test: {'epoch': 8, 'time_epoch': 0.51363, 'loss': 0.72916888, 'lr': 0, 'params': 553882, 'time_iter': 0.0321, 'mae': 0.72917, 'r2': 0.69993, 'spearmanr': 0.89601, 'mse': 1.22076, 'rmse': 1.10488, 'loss_recon': 0.0, 'loss_recon_node': 0.0, 'loss_recon_edge': 0.0, 'loss_recon_tuple': 0.0, 'loss_recon_nodepe': 0.0, 'loss_recon_edgepe': 0.0}
> Epoch 8: took 14.4s (avg 15.2s) | Best so far: epoch 8	train_loss: 1.2537 train_mae: 1.2537	val_loss: 0.6810 val_mae: 0.6810	test_loss: 0.7292 test_mae: 0.7292
tensor([1, 2, 1, 1, 1, 1, 5, 1, 1, 1, 1, 1, 1, 1, 1, 1, 1, 1, 1, 3],
       device='cuda:0')
tensor([[-0.0289,  0.2504,  0.2708, -0.1349],
        [-0.1337,  0.3035,  0.2363, -0.1125],
        [-0.1485,  0.2758,  0.1778, -0.1372],
        [-0.0353,  0.1778,  0.1723, -0.1173],
        [-0.0237,  0.1458,  0.1801, -0.1563],
        [-0.1046,  0.2062,  0.1825, -0.1746],
        [-0.1142,  0.1112,  0.1749, -0.3115],
        [-0.0731,  0.2095,  0.1735, -0.1457],
        [-0.0298,  0.1195,  0.1880, -0.2010],
        [-0.1376,  0.2645,  0.1876, -0.1199],
        [-0.0227,  0.1580,  0.1865, -0.1350],
        [-0.0171,  0.1469,  0.1782, -0.1241],
        [-0.1406,  0.2629,  0.1649, -0.1384],
        [-0.0334,  0.1740,  0.1724, -0.1205],
        [-0.0213,  0.1810,  0.1839, -0.0901],
        [-0.0418,  0.1897,  0.1755, -0.1069],
        [-0.0307,  0.1853,  0.1805, -0.0955],
        [-0.0981,  0.2564,  0.1565, -0.1524],
        [-0.0207,  0.1629,  0.1691, -0.1387],
        [-0.1011,  0.1501,  0.1697, -0.2508]], device='cuda:0',
       grad_fn=<SliceBackward0>)
tensor([8, 1, 0, 0, 0, 0, 0, 0, 0, 0, 0, 0, 0, 0, 0, 0, 0, 0, 0, 0],
       device='cuda:0')
tensor([[ 1.5579e-01, -2.0103e+00, -3.5506e-01, -2.1103e-01],
        [ 2.0923e-01, -1.5745e-01,  2.3541e-01, -1.7018e-01],
        [ 2.7694e-01, -1.1484e-01, -7.8876e-02,  5.2646e-02],
        [ 3.1191e-01, -5.8696e-02, -1.3300e-01,  1.8401e-02],
        [ 2.3260e-01,  2.7379e-02, -1.1702e-01,  1.9909e-02],
        [ 3.4886e-01, -9.1762e-02, -8.1208e-02,  3.0409e-02],
        [ 3.2435e-01, -8.9402e-02, -7.9993e-02,  6.2640e-02],
        [ 3.1296e-01, -4.3138e-02, -9.2645e-02,  5.2664e-02],
        [ 3.2745e-01, -7.5597e-02, -7.1854e-02,  6.5788e-02],
        [ 3.1185e-01, -4.1888e-02, -1.1054e-01,  3.3684e-02],
        [ 2.7085e-01,  1.1793e-02, -1.2083e-01,  2.5051e-02],
        [ 2.8478e-01,  4.1139e-03, -1.2068e-01,  2.9297e-02],
        [ 3.1524e-01, -3.6294e-02, -1.1484e-01,  3.5779e-02],
        [ 2.8166e-01,  3.1790e-04, -1.1934e-01,  2.7729e-02],
        [ 2.8047e-01,  5.3627e-03, -1.2397e-01,  2.6945e-02],
        [ 2.8308e-01,  4.7615e-03, -1.2328e-01,  2.7750e-02],
        [ 2.9949e-01, -1.5551e-02, -1.2375e-01,  2.6006e-02],
        [ 3.1295e-01, -4.1621e-02, -1.1488e-01,  3.3834e-02],
        [ 2.8597e-01,  1.1796e-03, -1.2083e-01,  2.6948e-02],
        [ 3.0429e-01, -5.0598e-02, -9.8776e-02,  4.7313e-02]], device='cuda:0',
       grad_fn=<SliceBackward0>)
train: {'epoch': 9, 'time_epoch': 13.39373, 'eta': 5469.37041, 'eta_hours': 1.51927, 'loss': 1.07966639, 'lr': 0.0009, 'params': 553882, 'time_iter': 0.08531, 'mae': 1.07967, 'r2': 0.44831, 'spearmanr': 0.73975, 'mse': 2.23069, 'rmse': 1.49355}
val: {'epoch': 9, 'time_epoch': 0.5144, 'loss': 2.11066734, 'lr': 0, 'params': 553882, 'time_iter': 0.03215, 'mae': 2.11067, 'r2': -0.53105, 'spearmanr': 0.87561, 'mse': 6.03043, 'rmse': 2.45569, 'loss_recon': 0.0, 'loss_recon_node': 0.0, 'loss_recon_edge': 0.0, 'loss_recon_tuple': 0.0, 'loss_recon_nodepe': 0.0, 'loss_recon_edgepe': 0.0}
test: {'epoch': 9, 'time_epoch': 0.51353, 'loss': 2.17415826, 'lr': 0, 'params': 553882, 'time_iter': 0.0321, 'mae': 2.17416, 'r2': -0.52926, 'spearmanr': 0.86458, 'mse': 6.22148, 'rmse': 2.49429, 'loss_recon': 0.0, 'loss_recon_node': 0.0, 'loss_recon_edge': 0.0, 'loss_recon_tuple': 0.0, 'loss_recon_nodepe': 0.0, 'loss_recon_edgepe': 0.0}
> Epoch 9: took 14.4s (avg 15.1s) | Best so far: epoch 8	train_loss: 1.2537 train_mae: 1.2537	val_loss: 0.6810 val_mae: 0.6810	test_loss: 0.7292 test_mae: 0.7292
train: {'epoch': 10, 'time_epoch': 13.34474, 'eta': 5431.32439, 'eta_hours': 1.5087, 'loss': 1.16302039, 'lr': 0.001, 'params': 553882, 'time_iter': 0.085, 'mae': 1.16302, 'r2': 0.35361, 'spearmanr': 0.68461, 'mse': 2.61361, 'rmse': 1.61667}
val: {'epoch': 10, 'time_epoch': 0.51415, 'loss': 1.46221662, 'lr': 0, 'params': 553882, 'time_iter': 0.03213, 'mae': 1.46222, 'r2': 0.04809, 'spearmanr': 0.8943, 'mse': 3.74933, 'rmse': 1.93632, 'loss_recon': 0.0, 'loss_recon_node': 0.0, 'loss_recon_edge': 0.0, 'loss_recon_tuple': 0.0, 'loss_recon_nodepe': 0.0, 'loss_recon_edgepe': 0.0}
test: {'epoch': 10, 'time_epoch': 0.51462, 'loss': 1.50482628, 'lr': 0, 'params': 553882, 'time_iter': 0.03216, 'mae': 1.50483, 'r2': 0.05936, 'spearmanr': 0.87946, 'mse': 3.82679, 'rmse': 1.95622, 'loss_recon': 0.0, 'loss_recon_node': 0.0, 'loss_recon_edge': 0.0, 'loss_recon_tuple': 0.0, 'loss_recon_nodepe': 0.0, 'loss_recon_edgepe': 0.0}
> Epoch 10: took 14.4s (avg 15.0s) | Best so far: epoch 8	train_loss: 1.2537 train_mae: 1.2537	val_loss: 0.6810 val_mae: 0.6810	test_loss: 0.7292 test_mae: 0.7292
train: {'epoch': 11, 'time_epoch': 13.38683, 'eta': 5398.75598, 'eta_hours': 1.49965, 'loss': 0.93713411, 'lr': 0.00099998, 'params': 553882, 'time_iter': 0.08527, 'mae': 0.93713, 'r2': 0.56449, 'spearmanr': 0.76997, 'mse': 1.76092, 'rmse': 1.327}
val: {'epoch': 11, 'time_epoch': 0.51846, 'loss': 1.6660473, 'lr': 0, 'params': 553882, 'time_iter': 0.0324, 'mae': 1.66605, 'r2': -0.08105, 'spearmanr': 0.78033, 'mse': 4.258, 'rmse': 2.06349, 'loss_recon': 0.0, 'loss_recon_node': 0.0, 'loss_recon_edge': 0.0, 'loss_recon_tuple': 0.0, 'loss_recon_nodepe': 0.0, 'loss_recon_edgepe': 0.0}
test: {'epoch': 11, 'time_epoch': 0.51644, 'loss': 1.65599315, 'lr': 0, 'params': 553882, 'time_iter': 0.03228, 'mae': 1.65599, 'r2': 0.0433, 'spearmanr': 0.77885, 'mse': 3.89213, 'rmse': 1.97285, 'loss_recon': 0.0, 'loss_recon_node': 0.0, 'loss_recon_edge': 0.0, 'loss_recon_tuple': 0.0, 'loss_recon_nodepe': 0.0, 'loss_recon_edgepe': 0.0}
> Epoch 11: took 14.4s (avg 15.0s) | Best so far: epoch 8	train_loss: 1.2537 train_mae: 1.2537	val_loss: 0.6810 val_mae: 0.6810	test_loss: 0.7292 test_mae: 0.7292
train: {'epoch': 12, 'time_epoch': 13.36969, 'eta': 5368.62858, 'eta_hours': 1.49129, 'loss': 0.93977042, 'lr': 0.00099994, 'params': 553882, 'time_iter': 0.08516, 'mae': 0.93977, 'r2': 0.52814, 'spearmanr': 0.7774, 'mse': 1.90792, 'rmse': 1.38127}
val: {'epoch': 12, 'time_epoch': 0.52185, 'loss': 1.18168737, 'lr': 0, 'params': 553882, 'time_iter': 0.03262, 'mae': 1.18169, 'r2': 0.4521, 'spearmanr': 0.90854, 'mse': 2.15805, 'rmse': 1.46903, 'loss_recon': 0.0, 'loss_recon_node': 0.0, 'loss_recon_edge': 0.0, 'loss_recon_tuple': 0.0, 'loss_recon_nodepe': 0.0, 'loss_recon_edgepe': 0.0}
test: {'epoch': 12, 'time_epoch': 0.51789, 'loss': 1.19982224, 'lr': 0, 'params': 553882, 'time_iter': 0.03237, 'mae': 1.19982, 'r2': 0.52251, 'spearmanr': 0.89443, 'mse': 1.94256, 'rmse': 1.39376, 'loss_recon': 0.0, 'loss_recon_node': 0.0, 'loss_recon_edge': 0.0, 'loss_recon_tuple': 0.0, 'loss_recon_nodepe': 0.0, 'loss_recon_edgepe': 0.0}
> Epoch 12: took 14.4s (avg 14.9s) | Best so far: epoch 8	train_loss: 1.2537 train_mae: 1.2537	val_loss: 0.6810 val_mae: 0.6810	test_loss: 0.7292 test_mae: 0.7292
train: {'epoch': 13, 'time_epoch': 13.37082, 'eta': 5340.92631, 'eta_hours': 1.48359, 'loss': 0.82962241, 'lr': 0.00099985, 'params': 553882, 'time_iter': 0.08516, 'mae': 0.82962, 'r2': 0.61419, 'spearmanr': 0.81346, 'mse': 1.55998, 'rmse': 1.24899}
val: {'epoch': 13, 'time_epoch': 0.51264, 'loss': 0.71505231, 'lr': 0, 'params': 553882, 'time_iter': 0.03204, 'mae': 0.71505, 'r2': 0.65471, 'spearmanr': 0.92276, 'mse': 1.36003, 'rmse': 1.1662, 'loss_recon': 0.0, 'loss_recon_node': 0.0, 'loss_recon_edge': 0.0, 'loss_recon_tuple': 0.0, 'loss_recon_nodepe': 0.0, 'loss_recon_edgepe': 0.0}
test: {'epoch': 13, 'time_epoch': 0.51299, 'loss': 0.75980644, 'lr': 0, 'params': 553882, 'time_iter': 0.03206, 'mae': 0.75981, 'r2': 0.69343, 'spearmanr': 0.90766, 'mse': 1.24721, 'rmse': 1.11678, 'loss_recon': 0.0, 'loss_recon_node': 0.0, 'loss_recon_edge': 0.0, 'loss_recon_tuple': 0.0, 'loss_recon_nodepe': 0.0, 'loss_recon_edgepe': 0.0}
> Epoch 13: took 14.4s (avg 14.9s) | Best so far: epoch 8	train_loss: 1.2537 train_mae: 1.2537	val_loss: 0.6810 val_mae: 0.6810	test_loss: 0.7292 test_mae: 0.7292
train: {'epoch': 14, 'time_epoch': 13.38823, 'eta': 5315.58162, 'eta_hours': 1.47655, 'loss': 0.6555117, 'lr': 0.00099974, 'params': 553882, 'time_iter': 0.08528, 'mae': 0.65551, 'r2': 0.67424, 'spearmanr': 0.87646, 'mse': 1.31716, 'rmse': 1.14768}
val: {'epoch': 14, 'time_epoch': 0.51629, 'loss': 0.70788003, 'lr': 0, 'params': 553882, 'time_iter': 0.03227, 'mae': 0.70788, 'r2': 0.58061, 'spearmanr': 0.85764, 'mse': 1.65186, 'rmse': 1.28525, 'loss_recon': 0.0, 'loss_recon_node': 0.0, 'loss_recon_edge': 0.0, 'loss_recon_tuple': 0.0, 'loss_recon_nodepe': 0.0, 'loss_recon_edgepe': 0.0}
test: {'epoch': 14, 'time_epoch': 0.51603, 'loss': 0.76665329, 'lr': 0, 'params': 553882, 'time_iter': 0.03225, 'mae': 0.76665, 'r2': 0.58804, 'spearmanr': 0.85368, 'mse': 1.676, 'rmse': 1.2946, 'loss_recon': 0.0, 'loss_recon_node': 0.0, 'loss_recon_edge': 0.0, 'loss_recon_tuple': 0.0, 'loss_recon_nodepe': 0.0, 'loss_recon_edgepe': 0.0}
> Epoch 14: took 14.4s (avg 14.9s) | Best so far: epoch 8	train_loss: 1.2537 train_mae: 1.2537	val_loss: 0.6810 val_mae: 0.6810	test_loss: 0.7292 test_mae: 0.7292
train: {'epoch': 15, 'time_epoch': 13.34871, 'eta': 5290.78311, 'eta_hours': 1.46966, 'loss': 0.94570389, 'lr': 0.00099959, 'params': 553882, 'time_iter': 0.08502, 'mae': 0.9457, 'r2': 0.54189, 'spearmanr': 0.77272, 'mse': 1.85231, 'rmse': 1.361}
val: {'epoch': 15, 'time_epoch': 0.51525, 'loss': 0.5450828, 'lr': 0, 'params': 553882, 'time_iter': 0.0322, 'mae': 0.54508, 'r2': 0.6721, 'spearmanr': 0.90521, 'mse': 1.29154, 'rmse': 1.13646, 'loss_recon': 0.0, 'loss_recon_node': 0.0, 'loss_recon_edge': 0.0, 'loss_recon_tuple': 0.0, 'loss_recon_nodepe': 0.0, 'loss_recon_edgepe': 0.0}
test: {'epoch': 15, 'time_epoch': 0.51304, 'loss': 0.59659104, 'lr': 0, 'params': 553882, 'time_iter': 0.03207, 'mae': 0.59659, 'r2': 0.6986, 'spearmanr': 0.89428, 'mse': 1.22618, 'rmse': 1.10733, 'loss_recon': 0.0, 'loss_recon_node': 0.0, 'loss_recon_edge': 0.0, 'loss_recon_tuple': 0.0, 'loss_recon_nodepe': 0.0, 'loss_recon_edgepe': 0.0}
> Epoch 15: took 14.4s (avg 14.8s) | Best so far: epoch 15	train_loss: 0.9457 train_mae: 0.9457	val_loss: 0.5451 val_mae: 0.5451	test_loss: 0.5966 test_mae: 0.5966
train: {'epoch': 16, 'time_epoch': 13.38349, 'eta': 5268.11503, 'eta_hours': 1.46337, 'loss': 0.88374845, 'lr': 0.00099942, 'params': 553882, 'time_iter': 0.08525, 'mae': 0.88375, 'r2': 0.61968, 'spearmanr': 0.7952, 'mse': 1.53778, 'rmse': 1.24007}
val: {'epoch': 16, 'time_epoch': 0.51329, 'loss': 0.65649298, 'lr': 0, 'params': 553882, 'time_iter': 0.03208, 'mae': 0.65649, 'r2': 0.58644, 'spearmanr': 0.88999, 'mse': 1.62889, 'rmse': 1.27628, 'loss_recon': 0.0, 'loss_recon_node': 0.0, 'loss_recon_edge': 0.0, 'loss_recon_tuple': 0.0, 'loss_recon_nodepe': 0.0, 'loss_recon_edgepe': 0.0}
test: {'epoch': 16, 'time_epoch': 0.51365, 'loss': 0.69251424, 'lr': 0, 'params': 553882, 'time_iter': 0.0321, 'mae': 0.69251, 'r2': 0.61924, 'spearmanr': 0.88542, 'mse': 1.54905, 'rmse': 1.24461, 'loss_recon': 0.0, 'loss_recon_node': 0.0, 'loss_recon_edge': 0.0, 'loss_recon_tuple': 0.0, 'loss_recon_nodepe': 0.0, 'loss_recon_edgepe': 0.0}
> Epoch 16: took 14.4s (avg 14.8s) | Best so far: epoch 15	train_loss: 0.9457 train_mae: 0.9457	val_loss: 0.5451 val_mae: 0.5451	test_loss: 0.5966 test_mae: 0.5966
train: {'epoch': 17, 'time_epoch': 13.36023, 'eta': 5245.98508, 'eta_hours': 1.45722, 'loss': 0.76668089, 'lr': 0.00099921, 'params': 553882, 'time_iter': 0.0851, 'mae': 0.76668, 'r2': 0.65657, 'spearmanr': 0.84288, 'mse': 1.38864, 'rmse': 1.1784}
val: {'epoch': 17, 'time_epoch': 0.51437, 'loss': 0.54057887, 'lr': 0, 'params': 553882, 'time_iter': 0.03215, 'mae': 0.54058, 'r2': 0.65558, 'spearmanr': 0.91299, 'mse': 1.35657, 'rmse': 1.16472, 'loss_recon': 0.0, 'loss_recon_node': 0.0, 'loss_recon_edge': 0.0, 'loss_recon_tuple': 0.0, 'loss_recon_nodepe': 0.0, 'loss_recon_edgepe': 0.0}
test: {'epoch': 17, 'time_epoch': 0.51484, 'loss': 0.58619737, 'lr': 0, 'params': 553882, 'time_iter': 0.03218, 'mae': 0.5862, 'r2': 0.67313, 'spearmanr': 0.90099, 'mse': 1.32982, 'rmse': 1.15318, 'loss_recon': 0.0, 'loss_recon_node': 0.0, 'loss_recon_edge': 0.0, 'loss_recon_tuple': 0.0, 'loss_recon_nodepe': 0.0, 'loss_recon_edgepe': 0.0}
> Epoch 17: took 14.4s (avg 14.8s) | Best so far: epoch 17	train_loss: 0.7667 train_mae: 0.7667	val_loss: 0.5406 val_mae: 0.5406	test_loss: 0.5862 test_mae: 0.5862
tensor([1, 1, 2, 1, 1, 1, 1, 7, 1, 1, 5, 1, 3, 5, 1, 1, 3, 1, 1, 3],
       device='cuda:0')
tensor([[-0.0795,  0.1660,  0.1775, -0.1527],
        [-0.0861,  0.1829,  0.1578, -0.1758],
        [-0.1086,  0.2424,  0.1558, -0.1496],
        [-0.0657,  0.2201,  0.1591, -0.1378],
        [-0.0694,  0.1526,  0.1602, -0.1843],
        [-0.0849,  0.1645,  0.1631, -0.1793],
        [-0.0914,  0.2251,  0.1820, -0.1287],
        [-0.0778,  0.1641,  0.1777, -0.1529],
        [-0.0669,  0.1562,  0.1598, -0.1811],
        [-0.0549,  0.1919,  0.1594, -0.1511],
        [-0.0946,  0.2269,  0.1567, -0.1517],
        [-0.0686,  0.1506,  0.1680, -0.1728],
        [-0.0715,  0.1855,  0.1578, -0.1665],
        [-0.0685,  0.2144,  0.1587, -0.1437],
        [-0.0805,  0.1643,  0.1566, -0.1877],
        [-0.0702,  0.1573,  0.1573, -0.1859],
        [-0.0633,  0.2184,  0.1593, -0.1375],
        [-0.0878,  0.2360,  0.1575, -0.1407],
        [-0.0335,  0.1452,  0.1603, -0.1708],
        [-0.0633,  0.2184,  0.1593, -0.1375]], device='cuda:0',
       grad_fn=<SliceBackward0>)
tensor([8, 1, 0, 0, 0, 0, 0, 0, 0, 0, 0, 0, 0, 0, 0, 0, 0, 0, 0, 0],
       device='cuda:0')
tensor([[ 0.0485, -1.1497, -0.3052, -0.0226],
        [ 0.2303, -0.1301,  0.0636, -0.0089],
        [ 0.2973, -0.0860, -0.0594,  0.0631],
        [ 0.3138, -0.1749, -0.1028,  0.0288],
        [ 0.3073, -0.0684, -0.0703,  0.0546],
        [ 0.3550, -0.0912, -0.0793,  0.0447],
        [ 0.2783, -0.0371, -0.0835,  0.0537],
        [ 0.3438, -0.0821, -0.0857,  0.0657],
        [ 0.3518, -0.0867, -0.0817,  0.0527],
        [ 0.2650, -0.0437, -0.0589,  0.0547],
        [ 0.3027, -0.0514, -0.0608,  0.0661],
        [ 0.3383, -0.0859, -0.0819,  0.0610],
        [ 0.3086, -0.0496, -0.0509,  0.0797],
        [ 0.2928, -0.0401, -0.0628,  0.0683],
        [ 0.3586, -0.0780, -0.0932,  0.0680],
        [ 0.3593, -0.0785, -0.0945,  0.0686],
        [ 0.2847, -0.0239, -0.0576,  0.0718],
        [ 0.3033, -0.0466, -0.0814,  0.0626],
        [ 0.3469, -0.0824, -0.0903,  0.0669],
        [ 0.2878, -0.0275, -0.0557,  0.0725]], device='cuda:0',
       grad_fn=<SliceBackward0>)
train: {'epoch': 18, 'time_epoch': 13.3842, 'eta': 5225.25897, 'eta_hours': 1.45146, 'loss': 0.67963044, 'lr': 0.00099896, 'params': 553882, 'time_iter': 0.08525, 'mae': 0.67963, 'r2': 0.7484, 'spearmanr': 0.87656, 'mse': 1.01734, 'rmse': 1.00863}
val: {'epoch': 18, 'time_epoch': 0.51431, 'loss': 0.5337317, 'lr': 0, 'params': 553882, 'time_iter': 0.03214, 'mae': 0.53373, 'r2': 0.68525, 'spearmanr': 0.92274, 'mse': 1.23971, 'rmse': 1.11342, 'loss_recon': 0.0, 'loss_recon_node': 0.0, 'loss_recon_edge': 0.0, 'loss_recon_tuple': 0.0, 'loss_recon_nodepe': 0.0, 'loss_recon_edgepe': 0.0}
test: {'epoch': 18, 'time_epoch': 0.51577, 'loss': 0.57463642, 'lr': 0, 'params': 553882, 'time_iter': 0.03224, 'mae': 0.57464, 'r2': 0.71024, 'spearmanr': 0.90978, 'mse': 1.17883, 'rmse': 1.08574, 'loss_recon': 0.0, 'loss_recon_node': 0.0, 'loss_recon_edge': 0.0, 'loss_recon_tuple': 0.0, 'loss_recon_nodepe': 0.0, 'loss_recon_edgepe': 0.0}
> Epoch 18: took 14.4s (avg 14.8s) | Best so far: epoch 18	train_loss: 0.6796 train_mae: 0.6796	val_loss: 0.5337 val_mae: 0.5337	test_loss: 0.5746 test_mae: 0.5746
train: {'epoch': 19, 'time_epoch': 13.34374, 'eta': 5204.49827, 'eta_hours': 1.44569, 'loss': 0.82550007, 'lr': 0.00099869, 'params': 553882, 'time_iter': 0.08499, 'mae': 0.8255, 'r2': 0.60676, 'spearmanr': 0.82399, 'mse': 1.59003, 'rmse': 1.26096}
val: {'epoch': 19, 'time_epoch': 0.51261, 'loss': 0.5851737, 'lr': 0, 'params': 553882, 'time_iter': 0.03204, 'mae': 0.58517, 'r2': 0.67587, 'spearmanr': 0.92038, 'mse': 1.27668, 'rmse': 1.1299, 'loss_recon': 0.0, 'loss_recon_node': 0.0, 'loss_recon_edge': 0.0, 'loss_recon_tuple': 0.0, 'loss_recon_nodepe': 0.0, 'loss_recon_edgepe': 0.0}
test: {'epoch': 19, 'time_epoch': 0.51293, 'loss': 0.62598624, 'lr': 0, 'params': 553882, 'time_iter': 0.03206, 'mae': 0.62599, 'r2': 0.70831, 'spearmanr': 0.90377, 'mse': 1.1867, 'rmse': 1.08936, 'loss_recon': 0.0, 'loss_recon_node': 0.0, 'loss_recon_edge': 0.0, 'loss_recon_tuple': 0.0, 'loss_recon_nodepe': 0.0, 'loss_recon_edgepe': 0.0}
> Epoch 19: took 14.4s (avg 14.8s) | Best so far: epoch 18	train_loss: 0.6796 train_mae: 0.6796	val_loss: 0.5337 val_mae: 0.5337	test_loss: 0.5746 test_mae: 0.5746
train: {'epoch': 20, 'time_epoch': 13.38865, 'eta': 5185.25441, 'eta_hours': 1.44035, 'loss': 0.63867822, 'lr': 0.00099838, 'params': 553882, 'time_iter': 0.08528, 'mae': 0.63868, 'r2': 0.75242, 'spearmanr': 0.88725, 'mse': 1.00105, 'rmse': 1.00052}
val: {'epoch': 20, 'time_epoch': 0.5156, 'loss': 0.64974336, 'lr': 0, 'params': 553882, 'time_iter': 0.03223, 'mae': 0.64974, 'r2': 0.61071, 'spearmanr': 0.92526, 'mse': 1.53333, 'rmse': 1.23828, 'loss_recon': 0.0, 'loss_recon_node': 0.0, 'loss_recon_edge': 0.0, 'loss_recon_tuple': 0.0, 'loss_recon_nodepe': 0.0, 'loss_recon_edgepe': 0.0}
test: {'epoch': 20, 'time_epoch': 0.51519, 'loss': 0.69547701, 'lr': 0, 'params': 553882, 'time_iter': 0.0322, 'mae': 0.69548, 'r2': 0.62807, 'spearmanr': 0.91489, 'mse': 1.51311, 'rmse': 1.23008, 'loss_recon': 0.0, 'loss_recon_node': 0.0, 'loss_recon_edge': 0.0, 'loss_recon_tuple': 0.0, 'loss_recon_nodepe': 0.0, 'loss_recon_edgepe': 0.0}
> Epoch 20: took 14.4s (avg 14.7s) | Best so far: epoch 18	train_loss: 0.6796 train_mae: 0.6796	val_loss: 0.5337 val_mae: 0.5337	test_loss: 0.5746 test_mae: 0.5746
train: {'epoch': 21, 'time_epoch': 13.34792, 'eta': 5165.84305, 'eta_hours': 1.43496, 'loss': 0.6663455, 'lr': 0.00099804, 'params': 553882, 'time_iter': 0.08502, 'mae': 0.66635, 'r2': 0.73028, 'spearmanr': 0.87971, 'mse': 1.09058, 'rmse': 1.04431}
val: {'epoch': 21, 'time_epoch': 0.51305, 'loss': 0.66126671, 'lr': 0, 'params': 553882, 'time_iter': 0.03207, 'mae': 0.66127, 'r2': 0.59666, 'spearmanr': 0.91798, 'mse': 1.58868, 'rmse': 1.26043, 'loss_recon': 0.0, 'loss_recon_node': 0.0, 'loss_recon_edge': 0.0, 'loss_recon_tuple': 0.0, 'loss_recon_nodepe': 0.0, 'loss_recon_edgepe': 0.0}
test: {'epoch': 21, 'time_epoch': 0.51201, 'loss': 0.70159127, 'lr': 0, 'params': 553882, 'time_iter': 0.032, 'mae': 0.70159, 'r2': 0.62264, 'spearmanr': 0.90664, 'mse': 1.5352, 'rmse': 1.23903, 'loss_recon': 0.0, 'loss_recon_node': 0.0, 'loss_recon_edge': 0.0, 'loss_recon_tuple': 0.0, 'loss_recon_nodepe': 0.0, 'loss_recon_edgepe': 0.0}
> Epoch 21: took 14.4s (avg 14.7s) | Best so far: epoch 18	train_loss: 0.6796 train_mae: 0.6796	val_loss: 0.5337 val_mae: 0.5337	test_loss: 0.5746 test_mae: 0.5746
train: {'epoch': 22, 'time_epoch': 13.37993, 'eta': 5147.48355, 'eta_hours': 1.42986, 'loss': 0.59256047, 'lr': 0.00099767, 'params': 553882, 'time_iter': 0.08522, 'mae': 0.59256, 'r2': 0.75067, 'spearmanr': 0.90259, 'mse': 1.00815, 'rmse': 1.00406}
val: {'epoch': 22, 'time_epoch': 0.51398, 'loss': 1.02913133, 'lr': 0, 'params': 553882, 'time_iter': 0.03212, 'mae': 1.02913, 'r2': 0.40244, 'spearmanr': 0.9064, 'mse': 2.35365, 'rmse': 1.53416, 'loss_recon': 0.0, 'loss_recon_node': 0.0, 'loss_recon_edge': 0.0, 'loss_recon_tuple': 0.0, 'loss_recon_nodepe': 0.0, 'loss_recon_edgepe': 0.0}
test: {'epoch': 22, 'time_epoch': 0.51311, 'loss': 1.05246544, 'lr': 0, 'params': 553882, 'time_iter': 0.03207, 'mae': 1.05247, 'r2': 0.42262, 'spearmanr': 0.89575, 'mse': 2.34897, 'rmse': 1.53264, 'loss_recon': 0.0, 'loss_recon_node': 0.0, 'loss_recon_edge': 0.0, 'loss_recon_tuple': 0.0, 'loss_recon_nodepe': 0.0, 'loss_recon_edgepe': 0.0}
> Epoch 22: took 14.4s (avg 14.7s) | Best so far: epoch 18	train_loss: 0.6796 train_mae: 0.6796	val_loss: 0.5337 val_mae: 0.5337	test_loss: 0.5746 test_mae: 0.5746
train: {'epoch': 23, 'time_epoch': 13.34348, 'eta': 5128.96799, 'eta_hours': 1.42471, 'loss': 0.60089591, 'lr': 0.00099726, 'params': 553882, 'time_iter': 0.08499, 'mae': 0.6009, 'r2': 0.72847, 'spearmanr': 0.88906, 'mse': 1.09789, 'rmse': 1.0478}
val: {'epoch': 23, 'time_epoch': 0.51453, 'loss': 0.46922341, 'lr': 0, 'params': 553882, 'time_iter': 0.03216, 'mae': 0.46922, 'r2': 0.68095, 'spearmanr': 0.92447, 'mse': 1.25665, 'rmse': 1.121, 'loss_recon': 0.0, 'loss_recon_node': 0.0, 'loss_recon_edge': 0.0, 'loss_recon_tuple': 0.0, 'loss_recon_nodepe': 0.0, 'loss_recon_edgepe': 0.0}
test: {'epoch': 23, 'time_epoch': 0.51271, 'loss': 0.50473114, 'lr': 0, 'params': 553882, 'time_iter': 0.03204, 'mae': 0.50473, 'r2': 0.70775, 'spearmanr': 0.91399, 'mse': 1.18898, 'rmse': 1.0904, 'loss_recon': 0.0, 'loss_recon_node': 0.0, 'loss_recon_edge': 0.0, 'loss_recon_tuple': 0.0, 'loss_recon_nodepe': 0.0, 'loss_recon_edgepe': 0.0}
> Epoch 23: took 14.4s (avg 14.7s) | Best so far: epoch 23	train_loss: 0.6009 train_mae: 0.6009	val_loss: 0.4692 val_mae: 0.4692	test_loss: 0.5047 test_mae: 0.5047
train: {'epoch': 24, 'time_epoch': 13.35317, 'eta': 5111.01166, 'eta_hours': 1.41973, 'loss': 0.53779195, 'lr': 0.00099682, 'params': 553882, 'time_iter': 0.08505, 'mae': 0.53779, 'r2': 0.79924, 'spearmanr': 0.91545, 'mse': 0.81177, 'rmse': 0.90098}
val: {'epoch': 24, 'time_epoch': 0.51512, 'loss': 0.83052716, 'lr': 0, 'params': 553882, 'time_iter': 0.03219, 'mae': 0.83053, 'r2': 0.62792, 'spearmanr': 0.92358, 'mse': 1.46554, 'rmse': 1.2106, 'loss_recon': 0.0, 'loss_recon_node': 0.0, 'loss_recon_edge': 0.0, 'loss_recon_tuple': 0.0, 'loss_recon_nodepe': 0.0, 'loss_recon_edgepe': 0.0}
test: {'epoch': 24, 'time_epoch': 0.5147, 'loss': 0.86145688, 'lr': 0, 'params': 553882, 'time_iter': 0.03217, 'mae': 0.86146, 'r2': 0.6703, 'spearmanr': 0.90852, 'mse': 1.34133, 'rmse': 1.15816, 'loss_recon': 0.0, 'loss_recon_node': 0.0, 'loss_recon_edge': 0.0, 'loss_recon_tuple': 0.0, 'loss_recon_nodepe': 0.0, 'loss_recon_edgepe': 0.0}
> Epoch 24: took 14.4s (avg 14.7s) | Best so far: epoch 23	train_loss: 0.6009 train_mae: 0.6009	val_loss: 0.4692 val_mae: 0.4692	test_loss: 0.5047 test_mae: 0.5047
train: {'epoch': 25, 'time_epoch': 13.37015, 'eta': 5093.65364, 'eta_hours': 1.4149, 'loss': 0.65076556, 'lr': 0.00099635, 'params': 553882, 'time_iter': 0.08516, 'mae': 0.65077, 'r2': 0.67357, 'spearmanr': 0.88306, 'mse': 1.31989, 'rmse': 1.14886}
val: {'epoch': 25, 'time_epoch': 0.51316, 'loss': 0.54174236, 'lr': 0, 'params': 553882, 'time_iter': 0.03207, 'mae': 0.54174, 'r2': 0.66479, 'spearmanr': 0.91507, 'mse': 1.32031, 'rmse': 1.14905, 'loss_recon': 0.0, 'loss_recon_node': 0.0, 'loss_recon_edge': 0.0, 'loss_recon_tuple': 0.0, 'loss_recon_nodepe': 0.0, 'loss_recon_edgepe': 0.0}
test: {'epoch': 25, 'time_epoch': 0.51237, 'loss': 0.58081103, 'lr': 0, 'params': 553882, 'time_iter': 0.03202, 'mae': 0.58081, 'r2': 0.69169, 'spearmanr': 0.90265, 'mse': 1.25431, 'rmse': 1.11996, 'loss_recon': 0.0, 'loss_recon_node': 0.0, 'loss_recon_edge': 0.0, 'loss_recon_tuple': 0.0, 'loss_recon_nodepe': 0.0, 'loss_recon_edgepe': 0.0}
> Epoch 25: took 14.4s (avg 14.7s) | Best so far: epoch 23	train_loss: 0.6009 train_mae: 0.6009	val_loss: 0.4692 val_mae: 0.4692	test_loss: 0.5047 test_mae: 0.5047
train: {'epoch': 26, 'time_epoch': 13.34461, 'eta': 5076.23817, 'eta_hours': 1.41007, 'loss': 0.70433541, 'lr': 0.00099585, 'params': 553882, 'time_iter': 0.085, 'mae': 0.70434, 'r2': 0.66002, 'spearmanr': 0.87164, 'mse': 1.37469, 'rmse': 1.17247}
val: {'epoch': 26, 'time_epoch': 0.51432, 'loss': 0.66702054, 'lr': 0, 'params': 553882, 'time_iter': 0.03214, 'mae': 0.66702, 'r2': 0.59551, 'spearmanr': 0.88778, 'mse': 1.59318, 'rmse': 1.26221, 'loss_recon': 0.0, 'loss_recon_node': 0.0, 'loss_recon_edge': 0.0, 'loss_recon_tuple': 0.0, 'loss_recon_nodepe': 0.0, 'loss_recon_edgepe': 0.0}
test: {'epoch': 26, 'time_epoch': 0.51229, 'loss': 0.70917113, 'lr': 0, 'params': 553882, 'time_iter': 0.03202, 'mae': 0.70917, 'r2': 0.627, 'spearmanr': 0.88801, 'mse': 1.51749, 'rmse': 1.23187, 'loss_recon': 0.0, 'loss_recon_node': 0.0, 'loss_recon_edge': 0.0, 'loss_recon_tuple': 0.0, 'loss_recon_nodepe': 0.0, 'loss_recon_edgepe': 0.0}
> Epoch 26: took 14.4s (avg 14.7s) | Best so far: epoch 23	train_loss: 0.6009 train_mae: 0.6009	val_loss: 0.4692 val_mae: 0.4692	test_loss: 0.5047 test_mae: 0.5047
tensor([ 1,  3,  1,  1,  1,  3,  1,  2,  1,  1,  1,  1,  3,  1,  6, 22,  1,  1,
         1,  3], device='cuda:0')
tensor([[-0.0499,  0.1830,  0.1610, -0.1556],
        [-0.0531,  0.1914,  0.1610, -0.1520],
        [-0.0504,  0.1844,  0.1610, -0.1550],
        [-0.0535,  0.1925,  0.1610, -0.1515],
        [-0.0480,  0.1782,  0.1610, -0.1577],
        [-0.0420,  0.1626,  0.1610, -0.1645],
        [-0.1909,  0.3550,  0.1053, -0.1978],
        [-0.1397,  0.3262,  0.1012, -0.1979],
        [-0.1827,  0.3244,  0.1327, -0.1727],
        [-0.1166,  0.2582,  0.1573, -0.1461],
        [-0.0848,  0.2439,  0.1531, -0.1612],
        [-0.0453,  0.1712,  0.1610, -0.1608],
        [-0.0445,  0.1691,  0.1610, -0.1617],
        [-0.0622,  0.2190,  0.1626, -0.1375],
        [-0.0397,  0.1566,  0.1610, -0.1672],
        [-1.7349,  3.1385,  1.5660, -2.3131],
        [-0.0497,  0.1826,  0.1610, -0.1558],
        [-0.0501,  0.1835,  0.1610, -0.1554],
        [-0.1714,  0.2991,  0.1521, -0.1545],
        [-0.0408,  0.2185,  0.1516, -0.1459]], device='cuda:0',
       grad_fn=<SliceBackward0>)
tensor([8, 1, 0, 0, 0, 0, 0, 0, 0, 0, 0, 0, 0, 0, 0, 5, 1, 8, 1, 0],
       device='cuda:0')
tensor([[-0.0274, -0.8009, -0.2549, -0.0308],
        [ 0.2863, -0.0617, -0.0327,  0.0718],
        [ 0.2861, -0.0932, -0.0670,  0.0820],
        [ 0.3312, -0.1053, -0.0659,  0.0704],
        [ 0.3007, -0.0568, -0.0555,  0.0838],
        [ 0.3112, -0.0716, -0.0632,  0.0741],
        [ 0.3080, -0.0800, -0.0520,  0.0860],
        [ 0.2663, -0.0179, -0.0675,  0.0699],
        [ 0.2672, -0.0606, -0.0913,  0.0403],
        [ 0.2904, -0.0425, -0.0579,  0.0771],
        [ 0.2929, -0.0466, -0.0663,  0.0712],
        [ 0.3105, -0.0727, -0.0686,  0.0717],
        [ 0.3070, -0.0641, -0.0624,  0.0763],
        [ 0.2959, -0.0526, -0.0656,  0.0696],
        [ 0.3034, -0.0554, -0.0560,  0.0811],
        [ 0.1739, -0.2758, -0.1152,  0.0658],
        [ 0.2698, -0.0791, -0.0127,  0.0565],
        [ 0.1580, -0.3903, -0.1466,  0.0331],
        [ 0.2903, -0.0568, -0.0377,  0.0763],
        [ 0.2999, -0.0522, -0.0577,  0.0796]], device='cuda:0',
       grad_fn=<SliceBackward0>)
train: {'epoch': 27, 'time_epoch': 13.36818, 'eta': 5059.42658, 'eta_hours': 1.4054, 'loss': 0.60366781, 'lr': 0.00099532, 'params': 553882, 'time_iter': 0.08515, 'mae': 0.60367, 'r2': 0.71853, 'spearmanr': 0.89196, 'mse': 1.13811, 'rmse': 1.06682}
val: {'epoch': 27, 'time_epoch': 0.51462, 'loss': 0.78659969, 'lr': 0, 'params': 553882, 'time_iter': 0.03216, 'mae': 0.7866, 'r2': 0.56872, 'spearmanr': 0.86716, 'mse': 1.6987, 'rmse': 1.30334, 'loss_recon': 0.0, 'loss_recon_node': 0.0, 'loss_recon_edge': 0.0, 'loss_recon_tuple': 0.0, 'loss_recon_nodepe': 0.0, 'loss_recon_edgepe': 0.0}
test: {'epoch': 27, 'time_epoch': 0.51504, 'loss': 0.8450497, 'lr': 0, 'params': 553882, 'time_iter': 0.03219, 'mae': 0.84505, 'r2': 0.58974, 'spearmanr': 0.84789, 'mse': 1.66904, 'rmse': 1.29191, 'loss_recon': 0.0, 'loss_recon_node': 0.0, 'loss_recon_edge': 0.0, 'loss_recon_tuple': 0.0, 'loss_recon_nodepe': 0.0, 'loss_recon_edgepe': 0.0}
> Epoch 27: took 14.4s (avg 14.7s) | Best so far: epoch 23	train_loss: 0.6009 train_mae: 0.6009	val_loss: 0.4692 val_mae: 0.4692	test_loss: 0.5047 test_mae: 0.5047
train: {'epoch': 28, 'time_epoch': 13.36914, 'eta': 5042.86478, 'eta_hours': 1.4008, 'loss': 0.65813964, 'lr': 0.00099475, 'params': 553882, 'time_iter': 0.08515, 'mae': 0.65814, 'r2': 0.71846, 'spearmanr': 0.88612, 'mse': 1.13839, 'rmse': 1.06695}
val: {'epoch': 28, 'time_epoch': 0.51256, 'loss': 0.6642567, 'lr': 0, 'params': 553882, 'time_iter': 0.03203, 'mae': 0.66426, 'r2': 0.61439, 'spearmanr': 0.89668, 'mse': 1.51884, 'rmse': 1.23241, 'loss_recon': 0.0, 'loss_recon_node': 0.0, 'loss_recon_edge': 0.0, 'loss_recon_tuple': 0.0, 'loss_recon_nodepe': 0.0, 'loss_recon_edgepe': 0.0}
test: {'epoch': 28, 'time_epoch': 0.51376, 'loss': 0.70762466, 'lr': 0, 'params': 553882, 'time_iter': 0.03211, 'mae': 0.70762, 'r2': 0.63337, 'spearmanr': 0.88449, 'mse': 1.49158, 'rmse': 1.2213, 'loss_recon': 0.0, 'loss_recon_node': 0.0, 'loss_recon_edge': 0.0, 'loss_recon_tuple': 0.0, 'loss_recon_nodepe': 0.0, 'loss_recon_edgepe': 0.0}
> Epoch 28: took 14.4s (avg 14.7s) | Best so far: epoch 23	train_loss: 0.6009 train_mae: 0.6009	val_loss: 0.4692 val_mae: 0.4692	test_loss: 0.5047 test_mae: 0.5047
train: {'epoch': 29, 'time_epoch': 13.3451, 'eta': 5026.21936, 'eta_hours': 1.39617, 'loss': 0.53231592, 'lr': 0.00099416, 'params': 553882, 'time_iter': 0.085, 'mae': 0.53232, 'r2': 0.77365, 'spearmanr': 0.91991, 'mse': 0.91524, 'rmse': 0.95668}
val: {'epoch': 29, 'time_epoch': 0.51194, 'loss': 0.5217765, 'lr': 0, 'params': 553882, 'time_iter': 0.032, 'mae': 0.52178, 'r2': 0.68395, 'spearmanr': 0.91605, 'mse': 1.24485, 'rmse': 1.11573, 'loss_recon': 0.0, 'loss_recon_node': 0.0, 'loss_recon_edge': 0.0, 'loss_recon_tuple': 0.0, 'loss_recon_nodepe': 0.0, 'loss_recon_edgepe': 0.0}
test: {'epoch': 29, 'time_epoch': 0.50991, 'loss': 0.56912599, 'lr': 0, 'params': 553882, 'time_iter': 0.03187, 'mae': 0.56913, 'r2': 0.70348, 'spearmanr': 0.89842, 'mse': 1.20634, 'rmse': 1.09834, 'loss_recon': 0.0, 'loss_recon_node': 0.0, 'loss_recon_edge': 0.0, 'loss_recon_tuple': 0.0, 'loss_recon_nodepe': 0.0, 'loss_recon_edgepe': 0.0}
> Epoch 29: took 14.4s (avg 14.6s) | Best so far: epoch 23	train_loss: 0.6009 train_mae: 0.6009	val_loss: 0.4692 val_mae: 0.4692	test_loss: 0.5047 test_mae: 0.5047
train: {'epoch': 30, 'time_epoch': 13.36909, 'eta': 5010.07237, 'eta_hours': 1.39169, 'loss': 0.53534511, 'lr': 0.00099353, 'params': 553882, 'time_iter': 0.08515, 'mae': 0.53535, 'r2': 0.74022, 'spearmanr': 0.91551, 'mse': 1.05037, 'rmse': 1.02488}
val: {'epoch': 30, 'time_epoch': 0.51568, 'loss': 0.69263762, 'lr': 0, 'params': 553882, 'time_iter': 0.03223, 'mae': 0.69264, 'r2': 0.58738, 'spearmanr': 0.91661, 'mse': 1.62521, 'rmse': 1.27484, 'loss_recon': 0.0, 'loss_recon_node': 0.0, 'loss_recon_edge': 0.0, 'loss_recon_tuple': 0.0, 'loss_recon_nodepe': 0.0, 'loss_recon_edgepe': 0.0}
test: {'epoch': 30, 'time_epoch': 0.51518, 'loss': 0.73539201, 'lr': 0, 'params': 553882, 'time_iter': 0.0322, 'mae': 0.73539, 'r2': 0.60277, 'spearmanr': 0.90128, 'mse': 1.61606, 'rmse': 1.27124, 'loss_recon': 0.0, 'loss_recon_node': 0.0, 'loss_recon_edge': 0.0, 'loss_recon_tuple': 0.0, 'loss_recon_nodepe': 0.0, 'loss_recon_edgepe': 0.0}
> Epoch 30: took 14.4s (avg 14.6s) | Best so far: epoch 23	train_loss: 0.6009 train_mae: 0.6009	val_loss: 0.4692 val_mae: 0.4692	test_loss: 0.5047 test_mae: 0.5047
train: {'epoch': 31, 'time_epoch': 13.35254, 'eta': 4993.90872, 'eta_hours': 1.3872, 'loss': 0.48755155, 'lr': 0.00099286, 'params': 553882, 'time_iter': 0.08505, 'mae': 0.48755, 'r2': 0.81663, 'spearmanr': 0.93078, 'mse': 0.74145, 'rmse': 0.86107}
val: {'epoch': 31, 'time_epoch': 0.51585, 'loss': 0.57140768, 'lr': 0, 'params': 553882, 'time_iter': 0.03224, 'mae': 0.57141, 'r2': 0.70241, 'spearmanr': 0.9264, 'mse': 1.17215, 'rmse': 1.08266, 'loss_recon': 0.0, 'loss_recon_node': 0.0, 'loss_recon_edge': 0.0, 'loss_recon_tuple': 0.0, 'loss_recon_nodepe': 0.0, 'loss_recon_edgepe': 0.0}
test: {'epoch': 31, 'time_epoch': 0.51365, 'loss': 0.60244586, 'lr': 0, 'params': 553882, 'time_iter': 0.0321, 'mae': 0.60245, 'r2': 0.74005, 'spearmanr': 0.9131, 'mse': 1.05754, 'rmse': 1.02837, 'loss_recon': 0.0, 'loss_recon_node': 0.0, 'loss_recon_edge': 0.0, 'loss_recon_tuple': 0.0, 'loss_recon_nodepe': 0.0, 'loss_recon_edgepe': 0.0}
> Epoch 31: took 14.4s (avg 14.6s) | Best so far: epoch 23	train_loss: 0.6009 train_mae: 0.6009	val_loss: 0.4692 val_mae: 0.4692	test_loss: 0.5047 test_mae: 0.5047
train: {'epoch': 32, 'time_epoch': 13.34376, 'eta': 4977.81774, 'eta_hours': 1.38273, 'loss': 0.47990047, 'lr': 0.00099217, 'params': 553882, 'time_iter': 0.08499, 'mae': 0.4799, 'r2': 0.80378, 'spearmanr': 0.92699, 'mse': 0.79339, 'rmse': 0.89072}
val: {'epoch': 32, 'time_epoch': 0.51296, 'loss': 0.75636549, 'lr': 0, 'params': 553882, 'time_iter': 0.03206, 'mae': 0.75637, 'r2': 0.61392, 'spearmanr': 0.89664, 'mse': 1.52068, 'rmse': 1.23316, 'loss_recon': 0.0, 'loss_recon_node': 0.0, 'loss_recon_edge': 0.0, 'loss_recon_tuple': 0.0, 'loss_recon_nodepe': 0.0, 'loss_recon_edgepe': 0.0}
test: {'epoch': 32, 'time_epoch': 0.51431, 'loss': 0.82089511, 'lr': 0, 'params': 553882, 'time_iter': 0.03214, 'mae': 0.8209, 'r2': 0.63344, 'spearmanr': 0.87837, 'mse': 1.49128, 'rmse': 1.22118, 'loss_recon': 0.0, 'loss_recon_node': 0.0, 'loss_recon_edge': 0.0, 'loss_recon_tuple': 0.0, 'loss_recon_nodepe': 0.0, 'loss_recon_edgepe': 0.0}
> Epoch 32: took 14.4s (avg 14.6s) | Best so far: epoch 23	train_loss: 0.6009 train_mae: 0.6009	val_loss: 0.4692 val_mae: 0.4692	test_loss: 0.5047 test_mae: 0.5047
train: {'epoch': 33, 'time_epoch': 13.38428, 'eta': 4962.32456, 'eta_hours': 1.37842, 'loss': 0.51976619, 'lr': 0.00099144, 'params': 553882, 'time_iter': 0.08525, 'mae': 0.51977, 'r2': 0.75718, 'spearmanr': 0.91872, 'mse': 0.98181, 'rmse': 0.99086}
val: {'epoch': 33, 'time_epoch': 0.51424, 'loss': 0.50209528, 'lr': 0, 'params': 553882, 'time_iter': 0.03214, 'mae': 0.5021, 'r2': 0.69678, 'spearmanr': 0.92514, 'mse': 1.19432, 'rmse': 1.09285, 'loss_recon': 0.0, 'loss_recon_node': 0.0, 'loss_recon_edge': 0.0, 'loss_recon_tuple': 0.0, 'loss_recon_nodepe': 0.0, 'loss_recon_edgepe': 0.0}
test: {'epoch': 33, 'time_epoch': 0.51259, 'loss': 0.54663624, 'lr': 0, 'params': 553882, 'time_iter': 0.03204, 'mae': 0.54664, 'r2': 0.71852, 'spearmanr': 0.90752, 'mse': 1.14516, 'rmse': 1.07012, 'loss_recon': 0.0, 'loss_recon_node': 0.0, 'loss_recon_edge': 0.0, 'loss_recon_tuple': 0.0, 'loss_recon_nodepe': 0.0, 'loss_recon_edgepe': 0.0}
> Epoch 33: took 14.4s (avg 14.6s) | Best so far: epoch 23	train_loss: 0.6009 train_mae: 0.6009	val_loss: 0.4692 val_mae: 0.4692	test_loss: 0.5047 test_mae: 0.5047
train: {'epoch': 34, 'time_epoch': 13.33879, 'eta': 4946.47751, 'eta_hours': 1.37402, 'loss': 0.63361048, 'lr': 0.00099069, 'params': 553882, 'time_iter': 0.08496, 'mae': 0.63361, 'r2': 0.70755, 'spearmanr': 0.89204, 'mse': 1.1825, 'rmse': 1.08743}
val: {'epoch': 34, 'time_epoch': 0.51266, 'loss': 0.55280613, 'lr': 0, 'params': 553882, 'time_iter': 0.03204, 'mae': 0.55281, 'r2': 0.67206, 'spearmanr': 0.90436, 'mse': 1.29167, 'rmse': 1.13652, 'loss_recon': 0.0, 'loss_recon_node': 0.0, 'loss_recon_edge': 0.0, 'loss_recon_tuple': 0.0, 'loss_recon_nodepe': 0.0, 'loss_recon_edgepe': 0.0}
test: {'epoch': 34, 'time_epoch': 0.51162, 'loss': 0.5933509, 'lr': 0, 'params': 553882, 'time_iter': 0.03198, 'mae': 0.59335, 'r2': 0.69115, 'spearmanr': 0.89438, 'mse': 1.25651, 'rmse': 1.12094, 'loss_recon': 0.0, 'loss_recon_node': 0.0, 'loss_recon_edge': 0.0, 'loss_recon_tuple': 0.0, 'loss_recon_nodepe': 0.0, 'loss_recon_edgepe': 0.0}
> Epoch 34: took 14.4s (avg 14.6s) | Best so far: epoch 23	train_loss: 0.6009 train_mae: 0.6009	val_loss: 0.4692 val_mae: 0.4692	test_loss: 0.5047 test_mae: 0.5047
train: {'epoch': 35, 'time_epoch': 13.32521, 'eta': 4930.6325, 'eta_hours': 1.36962, 'loss': 0.52943985, 'lr': 0.0009899, 'params': 553882, 'time_iter': 0.08487, 'mae': 0.52944, 'r2': 0.74941, 'spearmanr': 0.91351, 'mse': 1.01322, 'rmse': 1.00659}
val: {'epoch': 35, 'time_epoch': 0.50982, 'loss': 0.61704668, 'lr': 0, 'params': 553882, 'time_iter': 0.03186, 'mae': 0.61705, 'r2': 0.61675, 'spearmanr': 0.8818, 'mse': 1.50952, 'rmse': 1.22862, 'loss_recon': 0.0, 'loss_recon_node': 0.0, 'loss_recon_edge': 0.0, 'loss_recon_tuple': 0.0, 'loss_recon_nodepe': 0.0, 'loss_recon_edgepe': 0.0}
test: {'epoch': 35, 'time_epoch': 0.51046, 'loss': 0.66667898, 'lr': 0, 'params': 553882, 'time_iter': 0.0319, 'mae': 0.66668, 'r2': 0.62481, 'spearmanr': 0.8739, 'mse': 1.52639, 'rmse': 1.23547, 'loss_recon': 0.0, 'loss_recon_node': 0.0, 'loss_recon_edge': 0.0, 'loss_recon_tuple': 0.0, 'loss_recon_nodepe': 0.0, 'loss_recon_edgepe': 0.0}
> Epoch 35: took 14.4s (avg 14.6s) | Best so far: epoch 23	train_loss: 0.6009 train_mae: 0.6009	val_loss: 0.4692 val_mae: 0.4692	test_loss: 0.5047 test_mae: 0.5047
tensor([1, 5, 2, 1, 5, 1, 1, 1, 1, 2, 1, 2, 3, 1, 1, 1, 1, 1, 3, 1],
       device='cuda:0')
tensor([[-0.0783,  0.2169,  0.1536, -0.1328],
        [-0.0928,  0.2275,  0.1527, -0.1348],
        [-0.0938,  0.2282,  0.1527, -0.1349],
        [-0.0912,  0.2263,  0.1528, -0.1345],
        [-0.0919,  0.2268,  0.1528, -0.1346],
        [-0.0854,  0.2221,  0.1532, -0.1337],
        [-0.0874,  0.2235,  0.1531, -0.1340],
        [-0.0870,  0.2232,  0.1531, -0.1340],
        [-0.0881,  0.2241,  0.1530, -0.1341],
        [-0.0882,  0.2241,  0.1530, -0.1341],
        [-0.0854,  0.2220,  0.1532, -0.1337],
        [-0.0995,  0.2324,  0.1523, -0.1357],
        [-0.0835,  0.2207,  0.1533, -0.1335],
        [-0.0840,  0.2210,  0.1533, -0.1335],
        [-0.0742,  0.2139,  0.1539, -0.1322],
        [-0.0791,  0.2175,  0.1536, -0.1329],
        [-0.1526,  0.2712,  0.1491, -0.1430],
        [-0.1299,  0.2546,  0.1505, -0.1399],
        [-0.0835,  0.2193,  0.1533, -0.1344],
        [-0.0809,  0.2188,  0.1535, -0.1331]], device='cuda:0',
       grad_fn=<SliceBackward0>)
tensor([8, 1, 0, 0, 0, 0, 0, 0, 0, 0, 0, 0, 0, 0, 0, 0, 0, 0, 0, 0],
       device='cuda:0')
tensor([[ 0.1118, -0.5863, -0.2166,  0.0124],
        [ 0.3002, -0.0435, -0.0507,  0.0878],
        [ 0.2340, -0.0359, -0.0717,  0.0491],
        [ 0.2963, -0.0466, -0.0500,  0.0857],
        [ 0.2952, -0.0451, -0.0497,  0.0859],
        [ 0.2873, -0.0385, -0.0540,  0.0820],
        [ 0.2873, -0.0385, -0.0540,  0.0820],
        [ 0.2839, -0.0356, -0.0559,  0.0803],
        [ 0.2831, -0.0350, -0.0563,  0.0799],
        [ 0.2948, -0.0448, -0.0499,  0.0858],
        [ 0.2861, -0.0715, -0.0651,  0.0625],
        [ 0.2808, -0.0330, -0.0576,  0.0788],
        [ 0.2959, -0.0457, -0.0493,  0.0863],
        [ 0.2680, -0.0223, -0.0646,  0.0725],
        [ 0.2546, -0.0110, -0.0719,  0.0658],
        [ 0.2490, -0.0063, -0.0750,  0.0631],
        [ 0.2536, -0.0101, -0.0725,  0.0653],
        [ 0.2710, -0.0276, -0.0720,  0.0670],
        [ 0.2903, -0.0419, -0.0536,  0.0824],
        [ 0.2527, -0.0095, -0.0730,  0.0649]], device='cuda:0',
       grad_fn=<SliceBackward0>)
train: {'epoch': 36, 'time_epoch': 13.36931, 'eta': 4915.35632, 'eta_hours': 1.36538, 'loss': 0.4980991, 'lr': 0.00098907, 'params': 553882, 'time_iter': 0.08515, 'mae': 0.4981, 'r2': 0.76922, 'spearmanr': 0.92301, 'mse': 0.93315, 'rmse': 0.966}
val: {'epoch': 36, 'time_epoch': 0.51385, 'loss': 0.81118776, 'lr': 0, 'params': 553882, 'time_iter': 0.03212, 'mae': 0.81119, 'r2': 0.54226, 'spearmanr': 0.92015, 'mse': 1.80291, 'rmse': 1.34272, 'loss_recon': 0.0, 'loss_recon_node': 0.0, 'loss_recon_edge': 0.0, 'loss_recon_tuple': 0.0, 'loss_recon_nodepe': 0.0, 'loss_recon_edgepe': 0.0}
test: {'epoch': 36, 'time_epoch': 0.51415, 'loss': 0.85689867, 'lr': 0, 'params': 553882, 'time_iter': 0.03213, 'mae': 0.8569, 'r2': 0.55854, 'spearmanr': 0.90706, 'mse': 1.79599, 'rmse': 1.34015, 'loss_recon': 0.0, 'loss_recon_node': 0.0, 'loss_recon_edge': 0.0, 'loss_recon_tuple': 0.0, 'loss_recon_nodepe': 0.0, 'loss_recon_edgepe': 0.0}
> Epoch 36: took 14.4s (avg 14.6s) | Best so far: epoch 23	train_loss: 0.6009 train_mae: 0.6009	val_loss: 0.4692 val_mae: 0.4692	test_loss: 0.5047 test_mae: 0.5047
train: {'epoch': 37, 'time_epoch': 13.33421, 'eta': 4899.84613, 'eta_hours': 1.36107, 'loss': 0.56990451, 'lr': 0.00098822, 'params': 553882, 'time_iter': 0.08493, 'mae': 0.5699, 'r2': 0.74775, 'spearmanr': 0.90865, 'mse': 1.01995, 'rmse': 1.00993}
val: {'epoch': 37, 'time_epoch': 0.51102, 'loss': 0.47051231, 'lr': 0, 'params': 553882, 'time_iter': 0.03194, 'mae': 0.47051, 'r2': 0.70689, 'spearmanr': 0.92996, 'mse': 1.15447, 'rmse': 1.07446, 'loss_recon': 0.0, 'loss_recon_node': 0.0, 'loss_recon_edge': 0.0, 'loss_recon_tuple': 0.0, 'loss_recon_nodepe': 0.0, 'loss_recon_edgepe': 0.0}
test: {'epoch': 37, 'time_epoch': 0.51152, 'loss': 0.513369, 'lr': 0, 'params': 553882, 'time_iter': 0.03197, 'mae': 0.51337, 'r2': 0.72978, 'spearmanr': 0.91631, 'mse': 1.09933, 'rmse': 1.04849, 'loss_recon': 0.0, 'loss_recon_node': 0.0, 'loss_recon_edge': 0.0, 'loss_recon_tuple': 0.0, 'loss_recon_nodepe': 0.0, 'loss_recon_edgepe': 0.0}
> Epoch 37: took 14.4s (avg 14.6s) | Best so far: epoch 23	train_loss: 0.6009 train_mae: 0.6009	val_loss: 0.4692 val_mae: 0.4692	test_loss: 0.5047 test_mae: 0.5047
train: {'epoch': 38, 'time_epoch': 13.32598, 'eta': 4884.37139, 'eta_hours': 1.35677, 'loss': 0.4856373, 'lr': 0.00098734, 'params': 553882, 'time_iter': 0.08488, 'mae': 0.48564, 'r2': 0.80716, 'spearmanr': 0.92681, 'mse': 0.77974, 'rmse': 0.88303}
val: {'epoch': 38, 'time_epoch': 0.50976, 'loss': 0.46459323, 'lr': 0, 'params': 553882, 'time_iter': 0.03186, 'mae': 0.46459, 'r2': 0.69373, 'spearmanr': 0.92928, 'mse': 1.20632, 'rmse': 1.09832, 'loss_recon': 0.0, 'loss_recon_node': 0.0, 'loss_recon_edge': 0.0, 'loss_recon_tuple': 0.0, 'loss_recon_nodepe': 0.0, 'loss_recon_edgepe': 0.0}
test: {'epoch': 38, 'time_epoch': 0.51036, 'loss': 0.50919324, 'lr': 0, 'params': 553882, 'time_iter': 0.0319, 'mae': 0.50919, 'r2': 0.7196, 'spearmanr': 0.91655, 'mse': 1.14076, 'rmse': 1.06806, 'loss_recon': 0.0, 'loss_recon_node': 0.0, 'loss_recon_edge': 0.0, 'loss_recon_tuple': 0.0, 'loss_recon_nodepe': 0.0, 'loss_recon_edgepe': 0.0}
> Epoch 38: took 14.4s (avg 14.6s) | Best so far: epoch 38	train_loss: 0.4856 train_mae: 0.4856	val_loss: 0.4646 val_mae: 0.4646	test_loss: 0.5092 test_mae: 0.5092
train: {'epoch': 39, 'time_epoch': 13.33174, 'eta': 4869.05589, 'eta_hours': 1.35252, 'loss': 0.46042609, 'lr': 0.00098642, 'params': 553882, 'time_iter': 0.08492, 'mae': 0.46043, 'r2': 0.79502, 'spearmanr': 0.93296, 'mse': 0.82881, 'rmse': 0.91039}
val: {'epoch': 39, 'time_epoch': 0.51143, 'loss': 0.69640423, 'lr': 0, 'params': 553882, 'time_iter': 0.03196, 'mae': 0.6964, 'r2': 0.59796, 'spearmanr': 0.92821, 'mse': 1.58354, 'rmse': 1.25839, 'loss_recon': 0.0, 'loss_recon_node': 0.0, 'loss_recon_edge': 0.0, 'loss_recon_tuple': 0.0, 'loss_recon_nodepe': 0.0, 'loss_recon_edgepe': 0.0}
test: {'epoch': 39, 'time_epoch': 0.512, 'loss': 0.7426164, 'lr': 0, 'params': 553882, 'time_iter': 0.032, 'mae': 0.74262, 'r2': 0.60833, 'spearmanr': 0.91264, 'mse': 1.59344, 'rmse': 1.26231, 'loss_recon': 0.0, 'loss_recon_node': 0.0, 'loss_recon_edge': 0.0, 'loss_recon_tuple': 0.0, 'loss_recon_nodepe': 0.0, 'loss_recon_edgepe': 0.0}
> Epoch 39: took 14.4s (avg 14.6s) | Best so far: epoch 38	train_loss: 0.4856 train_mae: 0.4856	val_loss: 0.4646 val_mae: 0.4646	test_loss: 0.5092 test_mae: 0.5092
train: {'epoch': 40, 'time_epoch': 13.32533, 'eta': 4853.78109, 'eta_hours': 1.34827, 'loss': 0.4285417, 'lr': 0.00098547, 'params': 553882, 'time_iter': 0.08487, 'mae': 0.42854, 'r2': 0.81557, 'spearmanr': 0.93745, 'mse': 0.74573, 'rmse': 0.86355}
val: {'epoch': 40, 'time_epoch': 0.51092, 'loss': 0.57648946, 'lr': 0, 'params': 553882, 'time_iter': 0.03193, 'mae': 0.57649, 'r2': 0.69409, 'spearmanr': 0.92959, 'mse': 1.20492, 'rmse': 1.09769, 'loss_recon': 0.0, 'loss_recon_node': 0.0, 'loss_recon_edge': 0.0, 'loss_recon_tuple': 0.0, 'loss_recon_nodepe': 0.0, 'loss_recon_edgepe': 0.0}
test: {'epoch': 40, 'time_epoch': 0.50924, 'loss': 0.60520691, 'lr': 0, 'params': 553882, 'time_iter': 0.03183, 'mae': 0.60521, 'r2': 0.73551, 'spearmanr': 0.91866, 'mse': 1.076, 'rmse': 1.03731, 'loss_recon': 0.0, 'loss_recon_node': 0.0, 'loss_recon_edge': 0.0, 'loss_recon_tuple': 0.0, 'loss_recon_nodepe': 0.0, 'loss_recon_edgepe': 0.0}
> Epoch 40: took 14.4s (avg 14.6s) | Best so far: epoch 38	train_loss: 0.4856 train_mae: 0.4856	val_loss: 0.4646 val_mae: 0.4646	test_loss: 0.5092 test_mae: 0.5092
train: {'epoch': 41, 'time_epoch': 13.32509, 'eta': 4838.59707, 'eta_hours': 1.34405, 'loss': 0.57130523, 'lr': 0.00098449, 'params': 553882, 'time_iter': 0.08487, 'mae': 0.57131, 'r2': 0.76627, 'spearmanr': 0.90933, 'mse': 0.94507, 'rmse': 0.97215}
val: {'epoch': 41, 'time_epoch': 0.51067, 'loss': 0.71310874, 'lr': 0, 'params': 553882, 'time_iter': 0.03192, 'mae': 0.71311, 'r2': 0.67407, 'spearmanr': 0.93249, 'mse': 1.28375, 'rmse': 1.13303, 'loss_recon': 0.0, 'loss_recon_node': 0.0, 'loss_recon_edge': 0.0, 'loss_recon_tuple': 0.0, 'loss_recon_nodepe': 0.0, 'loss_recon_edgepe': 0.0}
test: {'epoch': 41, 'time_epoch': 0.5103, 'loss': 0.74814243, 'lr': 0, 'params': 553882, 'time_iter': 0.03189, 'mae': 0.74814, 'r2': 0.71202, 'spearmanr': 0.91863, 'mse': 1.1716, 'rmse': 1.0824, 'loss_recon': 0.0, 'loss_recon_node': 0.0, 'loss_recon_edge': 0.0, 'loss_recon_tuple': 0.0, 'loss_recon_nodepe': 0.0, 'loss_recon_edgepe': 0.0}
> Epoch 41: took 14.4s (avg 14.6s) | Best so far: epoch 38	train_loss: 0.4856 train_mae: 0.4856	val_loss: 0.4646 val_mae: 0.4646	test_loss: 0.5092 test_mae: 0.5092
train: {'epoch': 42, 'time_epoch': 13.31337, 'eta': 4823.40218, 'eta_hours': 1.33983, 'loss': 0.50364383, 'lr': 0.00098348, 'params': 553882, 'time_iter': 0.0848, 'mae': 0.50364, 'r2': 0.79297, 'spearmanr': 0.9246, 'mse': 0.83711, 'rmse': 0.91494}
val: {'epoch': 42, 'time_epoch': 0.51039, 'loss': 0.53177727, 'lr': 0, 'params': 553882, 'time_iter': 0.0319, 'mae': 0.53178, 'r2': 0.67024, 'spearmanr': 0.92431, 'mse': 1.29883, 'rmse': 1.13966, 'loss_recon': 0.0, 'loss_recon_node': 0.0, 'loss_recon_edge': 0.0, 'loss_recon_tuple': 0.0, 'loss_recon_nodepe': 0.0, 'loss_recon_edgepe': 0.0}
test: {'epoch': 42, 'time_epoch': 0.51143, 'loss': 0.5708741, 'lr': 0, 'params': 553882, 'time_iter': 0.03196, 'mae': 0.57087, 'r2': 0.70262, 'spearmanr': 0.91302, 'mse': 1.20983, 'rmse': 1.09992, 'loss_recon': 0.0, 'loss_recon_node': 0.0, 'loss_recon_edge': 0.0, 'loss_recon_tuple': 0.0, 'loss_recon_nodepe': 0.0, 'loss_recon_edgepe': 0.0}
> Epoch 42: took 14.4s (avg 14.6s) | Best so far: epoch 38	train_loss: 0.4856 train_mae: 0.4856	val_loss: 0.4646 val_mae: 0.4646	test_loss: 0.5092 test_mae: 0.5092
train: {'epoch': 43, 'time_epoch': 13.31288, 'eta': 4808.28888, 'eta_hours': 1.33564, 'loss': 0.57057148, 'lr': 0.00098244, 'params': 553882, 'time_iter': 0.0848, 'mae': 0.57057, 'r2': 0.74915, 'spearmanr': 0.91009, 'mse': 1.0143, 'rmse': 1.00713}
val: {'epoch': 43, 'time_epoch': 0.50946, 'loss': 0.52778729, 'lr': 0, 'params': 553882, 'time_iter': 0.03184, 'mae': 0.52779, 'r2': 0.67912, 'spearmanr': 0.92404, 'mse': 1.26388, 'rmse': 1.12422, 'loss_recon': 0.0, 'loss_recon_node': 0.0, 'loss_recon_edge': 0.0, 'loss_recon_tuple': 0.0, 'loss_recon_nodepe': 0.0, 'loss_recon_edgepe': 0.0}
test: {'epoch': 43, 'time_epoch': 0.50943, 'loss': 0.5645821, 'lr': 0, 'params': 553882, 'time_iter': 0.03184, 'mae': 0.56458, 'r2': 0.70474, 'spearmanr': 0.91477, 'mse': 1.20121, 'rmse': 1.096, 'loss_recon': 0.0, 'loss_recon_node': 0.0, 'loss_recon_edge': 0.0, 'loss_recon_tuple': 0.0, 'loss_recon_nodepe': 0.0, 'loss_recon_edgepe': 0.0}
> Epoch 43: took 14.3s (avg 14.6s) | Best so far: epoch 38	train_loss: 0.4856 train_mae: 0.4856	val_loss: 0.4646 val_mae: 0.4646	test_loss: 0.5092 test_mae: 0.5092
train: {'epoch': 44, 'time_epoch': 13.31164, 'eta': 4793.24578, 'eta_hours': 1.33146, 'loss': 0.50877811, 'lr': 0.00098136, 'params': 553882, 'time_iter': 0.08479, 'mae': 0.50878, 'r2': 0.75348, 'spearmanr': 0.91851, 'mse': 0.9968, 'rmse': 0.9984}
val: {'epoch': 44, 'time_epoch': 0.51224, 'loss': 0.51968627, 'lr': 0, 'params': 553882, 'time_iter': 0.03202, 'mae': 0.51969, 'r2': 0.68711, 'spearmanr': 0.92828, 'mse': 1.23238, 'rmse': 1.11013, 'loss_recon': 0.0, 'loss_recon_node': 0.0, 'loss_recon_edge': 0.0, 'loss_recon_tuple': 0.0, 'loss_recon_nodepe': 0.0, 'loss_recon_edgepe': 0.0}
test: {'epoch': 44, 'time_epoch': 0.51175, 'loss': 0.56822157, 'lr': 0, 'params': 553882, 'time_iter': 0.03198, 'mae': 0.56822, 'r2': 0.70979, 'spearmanr': 0.91302, 'mse': 1.18068, 'rmse': 1.08659, 'loss_recon': 0.0, 'loss_recon_node': 0.0, 'loss_recon_edge': 0.0, 'loss_recon_tuple': 0.0, 'loss_recon_nodepe': 0.0, 'loss_recon_edgepe': 0.0}
> Epoch 44: took 14.4s (avg 14.6s) | Best so far: epoch 38	train_loss: 0.4856 train_mae: 0.4856	val_loss: 0.4646 val_mae: 0.4646	test_loss: 0.5092 test_mae: 0.5092
tensor([ 1,  1,  1,  1,  1,  1,  9,  1,  1,  5,  1, 11,  1,  1,  1,  1,  1,  1,
        22,  2], device='cuda:0')
tensor([[-0.1169,  0.2259,  0.1423, -0.1263],
        [-0.1248,  0.2318,  0.1419, -0.1275],
        [-0.1325,  0.2375,  0.1415, -0.1287],
        [-0.1312,  0.2366,  0.1416, -0.1285],
        [-0.1260,  0.2327,  0.1419, -0.1277],
        [-0.1246,  0.2316,  0.1419, -0.1275],
        [-0.0880,  0.2043,  0.1437, -0.1220],
        [-0.1203,  0.2284,  0.1421, -0.1268],
        [-0.1123,  0.2224,  0.1425, -0.1256],
        [-0.1298,  0.2355,  0.1417, -0.1283],
        [-0.1278,  0.2340,  0.1418, -0.1280],
        [-0.1209,  0.2289,  0.1421, -0.1269],
        [-0.1212,  0.2291,  0.1421, -0.1270],
        [-0.1235,  0.2308,  0.1420, -0.1273],
        [-0.1146,  0.2242,  0.1424, -0.1260],
        [-0.1218,  0.2295,  0.1421, -0.1271],
        [-0.1293,  0.2352,  0.1417, -0.1282],
        [-0.1283,  0.2343,  0.1417, -0.1280],
        [-2.9160,  5.1702,  2.6228, -3.5964],
        [-0.0880,  0.2043,  0.1437, -0.1220]], device='cuda:0',
       grad_fn=<SliceBackward0>)
tensor([8, 1, 0, 0, 0, 0, 0, 0, 0, 0, 0, 0, 0, 0, 0, 0, 0, 0, 5, 1],
       device='cuda:0')
tensor([[ 0.0595, -0.4501, -0.1467,  0.0429],
        [ 0.2967, -0.0425, -0.0498,  0.0869],
        [ 0.2721, -0.2791, -0.1236,  0.0693],
        [ 0.2636, -0.0535, -0.0563,  0.0769],
        [ 0.2821, -0.0534, -0.0614,  0.0801],
        [ 0.2616, -0.0543, -0.0568,  0.0763],
        [ 0.2595, -0.0353, -0.0621,  0.0723],
        [ 0.2927, -0.0446, -0.0485,  0.0854],
        [ 0.2927, -0.0446, -0.0485,  0.0854],
        [ 0.2927, -0.0446, -0.0485,  0.0854],
        [ 0.2927, -0.0446, -0.0485,  0.0854],
        [ 0.2656, -0.0218, -0.0632,  0.0720],
        [ 0.2907, -0.0429, -0.0495,  0.0845],
        [ 0.2813, -0.0350, -0.0547,  0.0798],
        [ 0.2659, -0.0220, -0.0630,  0.0721],
        [ 0.2704, -0.0259, -0.0605,  0.0744],
        [ 0.2771, -0.0533, -0.0657,  0.0776],
        [ 0.2584, -0.0519, -0.0585,  0.0748],
        [ 0.2160, -0.1276, -0.0552,  0.0733],
        [ 0.3046, -0.0385, -0.0523,  0.0897]], device='cuda:0',
       grad_fn=<SliceBackward0>)
train: {'epoch': 45, 'time_epoch': 13.34661, 'eta': 4778.54709, 'eta_hours': 1.32737, 'loss': 0.47989679, 'lr': 0.00098026, 'params': 553882, 'time_iter': 0.08501, 'mae': 0.4799, 'r2': 0.80354, 'spearmanr': 0.92695, 'mse': 0.79438, 'rmse': 0.89128}
val: {'epoch': 45, 'time_epoch': 0.50883, 'loss': 0.64560534, 'lr': 0, 'params': 553882, 'time_iter': 0.0318, 'mae': 0.64561, 'r2': 0.65215, 'spearmanr': 0.92853, 'mse': 1.37008, 'rmse': 1.17051, 'loss_recon': 0.0, 'loss_recon_node': 0.0, 'loss_recon_edge': 0.0, 'loss_recon_tuple': 0.0, 'loss_recon_nodepe': 0.0, 'loss_recon_edgepe': 0.0}
test: {'epoch': 45, 'time_epoch': 0.51006, 'loss': 0.68203673, 'lr': 0, 'params': 553882, 'time_iter': 0.03188, 'mae': 0.68204, 'r2': 0.68478, 'spearmanr': 0.91604, 'mse': 1.2824, 'rmse': 1.13243, 'loss_recon': 0.0, 'loss_recon_node': 0.0, 'loss_recon_edge': 0.0, 'loss_recon_tuple': 0.0, 'loss_recon_nodepe': 0.0, 'loss_recon_edgepe': 0.0}
> Epoch 45: took 14.4s (avg 14.5s) | Best so far: epoch 38	train_loss: 0.4856 train_mae: 0.4856	val_loss: 0.4646 val_mae: 0.4646	test_loss: 0.5092 test_mae: 0.5092
train: {'epoch': 46, 'time_epoch': 13.33182, 'eta': 4763.79487, 'eta_hours': 1.32328, 'loss': 0.50743845, 'lr': 0.00097912, 'params': 553882, 'time_iter': 0.08492, 'mae': 0.50744, 'r2': 0.76998, 'spearmanr': 0.92132, 'mse': 0.93005, 'rmse': 0.96439}
val: {'epoch': 46, 'time_epoch': 0.51016, 'loss': 1.22471549, 'lr': 0, 'params': 553882, 'time_iter': 0.03189, 'mae': 1.22472, 'r2': 0.35822, 'spearmanr': 0.87184, 'mse': 2.52782, 'rmse': 1.58991, 'loss_recon': 0.0, 'loss_recon_node': 0.0, 'loss_recon_edge': 0.0, 'loss_recon_tuple': 0.0, 'loss_recon_nodepe': 0.0, 'loss_recon_edgepe': 0.0}
test: {'epoch': 46, 'time_epoch': 0.50942, 'loss': 1.2173636, 'lr': 0, 'params': 553882, 'time_iter': 0.03184, 'mae': 1.21736, 'r2': 0.45391, 'spearmanr': 0.87695, 'mse': 2.22168, 'rmse': 1.49053, 'loss_recon': 0.0, 'loss_recon_node': 0.0, 'loss_recon_edge': 0.0, 'loss_recon_tuple': 0.0, 'loss_recon_nodepe': 0.0, 'loss_recon_edgepe': 0.0}
> Epoch 46: took 14.4s (avg 14.5s) | Best so far: epoch 38	train_loss: 0.4856 train_mae: 0.4856	val_loss: 0.4646 val_mae: 0.4646	test_loss: 0.5092 test_mae: 0.5092
train: {'epoch': 47, 'time_epoch': 13.31401, 'eta': 4748.97122, 'eta_hours': 1.31916, 'loss': 0.55281725, 'lr': 0.00097796, 'params': 553882, 'time_iter': 0.0848, 'mae': 0.55282, 'r2': 0.73855, 'spearmanr': 0.90469, 'mse': 1.05715, 'rmse': 1.02818}
val: {'epoch': 47, 'time_epoch': 0.5097, 'loss': 0.77056022, 'lr': 0, 'params': 553882, 'time_iter': 0.03186, 'mae': 0.77056, 'r2': 0.65266, 'spearmanr': 0.92142, 'mse': 1.36808, 'rmse': 1.16965, 'loss_recon': 0.0, 'loss_recon_node': 0.0, 'loss_recon_edge': 0.0, 'loss_recon_tuple': 0.0, 'loss_recon_nodepe': 0.0, 'loss_recon_edgepe': 0.0}
test: {'epoch': 47, 'time_epoch': 0.50926, 'loss': 0.79721811, 'lr': 0, 'params': 553882, 'time_iter': 0.03183, 'mae': 0.79722, 'r2': 0.70567, 'spearmanr': 0.91581, 'mse': 1.19742, 'rmse': 1.09427, 'loss_recon': 0.0, 'loss_recon_node': 0.0, 'loss_recon_edge': 0.0, 'loss_recon_tuple': 0.0, 'loss_recon_nodepe': 0.0, 'loss_recon_edgepe': 0.0}
> Epoch 47: took 14.3s (avg 14.5s) | Best so far: epoch 38	train_loss: 0.4856 train_mae: 0.4856	val_loss: 0.4646 val_mae: 0.4646	test_loss: 0.5092 test_mae: 0.5092
train: {'epoch': 48, 'time_epoch': 13.31608, 'eta': 4734.22398, 'eta_hours': 1.31506, 'loss': 0.48537648, 'lr': 0.00097676, 'params': 553882, 'time_iter': 0.08482, 'mae': 0.48538, 'r2': 0.79813, 'spearmanr': 0.92733, 'mse': 0.81624, 'rmse': 0.90346}
val: {'epoch': 48, 'time_epoch': 0.50954, 'loss': 0.6583728, 'lr': 0, 'params': 553882, 'time_iter': 0.03185, 'mae': 0.65837, 'r2': 0.64881, 'spearmanr': 0.89746, 'mse': 1.38325, 'rmse': 1.17612, 'loss_recon': 0.0, 'loss_recon_node': 0.0, 'loss_recon_edge': 0.0, 'loss_recon_tuple': 0.0, 'loss_recon_nodepe': 0.0, 'loss_recon_edgepe': 0.0}
test: {'epoch': 48, 'time_epoch': 0.50883, 'loss': 0.70249465, 'lr': 0, 'params': 553882, 'time_iter': 0.0318, 'mae': 0.70249, 'r2': 0.67427, 'spearmanr': 0.88768, 'mse': 1.32518, 'rmse': 1.15117, 'loss_recon': 0.0, 'loss_recon_node': 0.0, 'loss_recon_edge': 0.0, 'loss_recon_tuple': 0.0, 'loss_recon_nodepe': 0.0, 'loss_recon_edgepe': 0.0}
> Epoch 48: took 14.4s (avg 14.5s) | Best so far: epoch 38	train_loss: 0.4856 train_mae: 0.4856	val_loss: 0.4646 val_mae: 0.4646	test_loss: 0.5092 test_mae: 0.5092
train: {'epoch': 49, 'time_epoch': 13.33161, 'eta': 4719.64269, 'eta_hours': 1.31101, 'loss': 0.5150291, 'lr': 0.00097553, 'params': 553882, 'time_iter': 0.08491, 'mae': 0.51503, 'r2': 0.78378, 'spearmanr': 0.91914, 'mse': 0.87428, 'rmse': 0.93503}
val: {'epoch': 49, 'time_epoch': 0.51199, 'loss': 0.70725684, 'lr': 0, 'params': 553882, 'time_iter': 0.032, 'mae': 0.70726, 'r2': 0.67847, 'spearmanr': 0.93068, 'mse': 1.26642, 'rmse': 1.12535, 'loss_recon': 0.0, 'loss_recon_node': 0.0, 'loss_recon_edge': 0.0, 'loss_recon_tuple': 0.0, 'loss_recon_nodepe': 0.0, 'loss_recon_edgepe': 0.0}
test: {'epoch': 49, 'time_epoch': 0.5118, 'loss': 0.7360647, 'lr': 0, 'params': 553882, 'time_iter': 0.03199, 'mae': 0.73606, 'r2': 0.72505, 'spearmanr': 0.92215, 'mse': 1.11858, 'rmse': 1.05763, 'loss_recon': 0.0, 'loss_recon_node': 0.0, 'loss_recon_edge': 0.0, 'loss_recon_tuple': 0.0, 'loss_recon_nodepe': 0.0, 'loss_recon_edgepe': 0.0}
> Epoch 49: took 14.4s (avg 14.5s) | Best so far: epoch 38	train_loss: 0.4856 train_mae: 0.4856	val_loss: 0.4646 val_mae: 0.4646	test_loss: 0.5092 test_mae: 0.5092
train: {'epoch': 50, 'time_epoch': 13.33689, 'eta': 4705.14653, 'eta_hours': 1.30699, 'loss': 0.5990495, 'lr': 0.00097427, 'params': 553882, 'time_iter': 0.08495, 'mae': 0.59905, 'r2': 0.72999, 'spearmanr': 0.89734, 'mse': 1.09174, 'rmse': 1.04486}
val: {'epoch': 50, 'time_epoch': 0.50987, 'loss': 0.72460972, 'lr': 0, 'params': 553882, 'time_iter': 0.03187, 'mae': 0.72461, 'r2': 0.59068, 'spearmanr': 0.91976, 'mse': 1.61221, 'rmse': 1.26973, 'loss_recon': 0.0, 'loss_recon_node': 0.0, 'loss_recon_edge': 0.0, 'loss_recon_tuple': 0.0, 'loss_recon_nodepe': 0.0, 'loss_recon_edgepe': 0.0}
test: {'epoch': 50, 'time_epoch': 0.51003, 'loss': 0.7781035, 'lr': 0, 'params': 553882, 'time_iter': 0.03188, 'mae': 0.7781, 'r2': 0.60876, 'spearmanr': 0.90949, 'mse': 1.59167, 'rmse': 1.26161, 'loss_recon': 0.0, 'loss_recon_node': 0.0, 'loss_recon_edge': 0.0, 'loss_recon_tuple': 0.0, 'loss_recon_nodepe': 0.0, 'loss_recon_edgepe': 0.0}
> Epoch 50: took 14.4s (avg 14.5s) | Best so far: epoch 38	train_loss: 0.4856 train_mae: 0.4856	val_loss: 0.4646 val_mae: 0.4646	test_loss: 0.5092 test_mae: 0.5092
train: {'epoch': 51, 'time_epoch': 13.31294, 'eta': 4690.53469, 'eta_hours': 1.30293, 'loss': 0.45847908, 'lr': 0.00097298, 'params': 553882, 'time_iter': 0.0848, 'mae': 0.45848, 'r2': 0.80442, 'spearmanr': 0.93702, 'mse': 0.7908, 'rmse': 0.88927}
val: {'epoch': 51, 'time_epoch': 0.50993, 'loss': 0.51389531, 'lr': 0, 'params': 553882, 'time_iter': 0.03187, 'mae': 0.5139, 'r2': 0.67355, 'spearmanr': 0.92248, 'mse': 1.28581, 'rmse': 1.13394, 'loss_recon': 0.0, 'loss_recon_node': 0.0, 'loss_recon_edge': 0.0, 'loss_recon_tuple': 0.0, 'loss_recon_nodepe': 0.0, 'loss_recon_edgepe': 0.0}
test: {'epoch': 51, 'time_epoch': 0.50881, 'loss': 0.55475003, 'lr': 0, 'params': 553882, 'time_iter': 0.0318, 'mae': 0.55475, 'r2': 0.6939, 'spearmanr': 0.91049, 'mse': 1.2453, 'rmse': 1.11593, 'loss_recon': 0.0, 'loss_recon_node': 0.0, 'loss_recon_edge': 0.0, 'loss_recon_tuple': 0.0, 'loss_recon_nodepe': 0.0, 'loss_recon_edgepe': 0.0}
> Epoch 51: took 14.3s (avg 14.5s) | Best so far: epoch 38	train_loss: 0.4856 train_mae: 0.4856	val_loss: 0.4646 val_mae: 0.4646	test_loss: 0.5092 test_mae: 0.5092
train: {'epoch': 52, 'time_epoch': 13.3314, 'eta': 4676.09276, 'eta_hours': 1.29891, 'loss': 0.47275428, 'lr': 0.00097166, 'params': 553882, 'time_iter': 0.08491, 'mae': 0.47275, 'r2': 0.77403, 'spearmanr': 0.92805, 'mse': 0.91369, 'rmse': 0.95587}
val: {'epoch': 52, 'time_epoch': 0.51264, 'loss': 0.91813185, 'lr': 0, 'params': 553882, 'time_iter': 0.03204, 'mae': 0.91813, 'r2': 0.47309, 'spearmanr': 0.90655, 'mse': 2.07539, 'rmse': 1.44062, 'loss_recon': 0.0, 'loss_recon_node': 0.0, 'loss_recon_edge': 0.0, 'loss_recon_tuple': 0.0, 'loss_recon_nodepe': 0.0, 'loss_recon_edgepe': 0.0}
test: {'epoch': 52, 'time_epoch': 0.51179, 'loss': 0.96651014, 'lr': 0, 'params': 553882, 'time_iter': 0.03199, 'mae': 0.96651, 'r2': 0.49931, 'spearmanr': 0.89717, 'mse': 2.03697, 'rmse': 1.42722, 'loss_recon': 0.0, 'loss_recon_node': 0.0, 'loss_recon_edge': 0.0, 'loss_recon_tuple': 0.0, 'loss_recon_nodepe': 0.0, 'loss_recon_edgepe': 0.0}
> Epoch 52: took 14.4s (avg 14.5s) | Best so far: epoch 38	train_loss: 0.4856 train_mae: 0.4856	val_loss: 0.4646 val_mae: 0.4646	test_loss: 0.5092 test_mae: 0.5092
train: {'epoch': 53, 'time_epoch': 13.33703, 'eta': 4661.72799, 'eta_hours': 1.29492, 'loss': 0.45847583, 'lr': 0.0009703, 'params': 553882, 'time_iter': 0.08495, 'mae': 0.45848, 'r2': 0.7931, 'spearmanr': 0.94148, 'mse': 0.83657, 'rmse': 0.91464}
val: {'epoch': 53, 'time_epoch': 0.5089, 'loss': 0.59306639, 'lr': 0, 'params': 553882, 'time_iter': 0.03181, 'mae': 0.59307, 'r2': 0.69394, 'spearmanr': 0.90975, 'mse': 1.20549, 'rmse': 1.09795, 'loss_recon': 0.0, 'loss_recon_node': 0.0, 'loss_recon_edge': 0.0, 'loss_recon_tuple': 0.0, 'loss_recon_nodepe': 0.0, 'loss_recon_edgepe': 0.0}
test: {'epoch': 53, 'time_epoch': 0.50834, 'loss': 0.60179009, 'lr': 0, 'params': 553882, 'time_iter': 0.03177, 'mae': 0.60179, 'r2': 0.75882, 'spearmanr': 0.90868, 'mse': 0.98121, 'rmse': 0.99056, 'loss_recon': 0.0, 'loss_recon_node': 0.0, 'loss_recon_edge': 0.0, 'loss_recon_tuple': 0.0, 'loss_recon_nodepe': 0.0, 'loss_recon_edgepe': 0.0}
> Epoch 53: took 14.4s (avg 14.5s) | Best so far: epoch 38	train_loss: 0.4856 train_mae: 0.4856	val_loss: 0.4646 val_mae: 0.4646	test_loss: 0.5092 test_mae: 0.5092
tensor([1, 1, 1, 1, 3, 1, 2, 5, 1, 3, 1, 3, 1, 3, 1, 1, 1, 3, 1, 1],
       device='cuda:0')
tensor([[-0.1007,  0.1959,  0.1347, -0.1127],
        [-0.1590,  0.2396,  0.1320, -0.1217],
        [-0.1586,  0.2394,  0.1320, -0.1216],
        [-0.1602,  0.2405,  0.1320, -0.1219],
        [-0.1007,  0.1959,  0.1347, -0.1127],
        [-0.1132,  0.2053,  0.1341, -0.1146],
        [-0.1113,  0.2039,  0.1342, -0.1144],
        [-0.1007,  0.1959,  0.1347, -0.1127],
        [-0.1007,  0.1959,  0.1347, -0.1127],
        [-0.1007,  0.1959,  0.1347, -0.1127],
        [-0.1301,  0.2180,  0.1333, -0.1173],
        [-0.1143,  0.2062,  0.1341, -0.1148],
        [-0.1230,  0.2127,  0.1337, -0.1162],
        [-0.1222,  0.2121,  0.1337, -0.1160],
        [-0.1647,  0.2440,  0.1317, -0.1226],
        [-0.1399,  0.2253,  0.1329, -0.1188],
        [-0.1452,  0.2294,  0.1326, -0.1196],
        [-0.1007,  0.1959,  0.1347, -0.1127],
        [-0.1007,  0.1959,  0.1347, -0.1127],
        [-0.1007,  0.1959,  0.1347, -0.1127]], device='cuda:0',
       grad_fn=<SliceBackward0>)
tensor([8, 1, 0, 0, 0, 0, 0, 0, 0, 0, 0, 0, 0, 0, 0, 0, 0, 0, 0, 0],
       device='cuda:0')
tensor([[ 0.0319, -0.4551, -0.1385,  0.0393],
        [ 0.2834, -0.0496, -0.0488,  0.0845],
        [ 0.2682, -0.0312, -0.0577,  0.0719],
        [ 0.2526, -0.0936, -0.0547,  0.0714],
        [ 0.2816, -0.0377, -0.0521,  0.0817],
        [ 0.2888, -0.0438, -0.0483,  0.0853],
        [ 0.2821, -0.0381, -0.0518,  0.0819],
        [ 0.2888, -0.0439, -0.0483,  0.0853],
        [ 0.2730, -0.0303, -0.0567,  0.0773],
        [ 0.2888, -0.0439, -0.0483,  0.0853],
        [ 0.2776, -0.0343, -0.0542,  0.0796],
        [ 0.2769, -0.0337, -0.0546,  0.0793],
        [ 0.2790, -0.0355, -0.0535,  0.0804],
        [ 0.2715, -0.0291, -0.0575,  0.0765],
        [ 0.2641, -0.0228, -0.0614,  0.0728],
        [ 0.2705, -0.0282, -0.0580,  0.0760],
        [ 0.2505, -0.1009, -0.0718,  0.0670],
        [ 0.2887, -0.0438, -0.0483,  0.0853],
        [ 0.2888, -0.0439, -0.0483,  0.0853],
        [ 0.2888, -0.0439, -0.0483,  0.0853]], device='cuda:0',
       grad_fn=<SliceBackward0>)
train: {'epoch': 54, 'time_epoch': 13.32523, 'eta': 4647.32659, 'eta_hours': 1.29092, 'loss': 0.53035776, 'lr': 0.00096892, 'params': 553882, 'time_iter': 0.08487, 'mae': 0.53036, 'r2': 0.76049, 'spearmanr': 0.91598, 'mse': 0.96844, 'rmse': 0.98409}
val: {'epoch': 54, 'time_epoch': 0.51188, 'loss': 0.93557863, 'lr': 0, 'params': 553882, 'time_iter': 0.03199, 'mae': 0.93558, 'r2': 0.53377, 'spearmanr': 0.87229, 'mse': 1.83635, 'rmse': 1.35512, 'loss_recon': 0.0, 'loss_recon_node': 0.0, 'loss_recon_edge': 0.0, 'loss_recon_tuple': 0.0, 'loss_recon_nodepe': 0.0, 'loss_recon_edgepe': 0.0}
test: {'epoch': 54, 'time_epoch': 0.50947, 'loss': 0.98991287, 'lr': 0, 'params': 553882, 'time_iter': 0.03184, 'mae': 0.98991, 'r2': 0.57886, 'spearmanr': 0.86147, 'mse': 1.71332, 'rmse': 1.30894, 'loss_recon': 0.0, 'loss_recon_node': 0.0, 'loss_recon_edge': 0.0, 'loss_recon_tuple': 0.0, 'loss_recon_nodepe': 0.0, 'loss_recon_edgepe': 0.0}
> Epoch 54: took 14.4s (avg 14.5s) | Best so far: epoch 38	train_loss: 0.4856 train_mae: 0.4856	val_loss: 0.4646 val_mae: 0.4646	test_loss: 0.5092 test_mae: 0.5092
train: {'epoch': 55, 'time_epoch': 13.32065, 'eta': 4632.93553, 'eta_hours': 1.28693, 'loss': 0.57020449, 'lr': 0.00096751, 'params': 553882, 'time_iter': 0.08484, 'mae': 0.5702, 'r2': 0.7781, 'spearmanr': 0.9099, 'mse': 0.89721, 'rmse': 0.94721}
val: {'epoch': 55, 'time_epoch': 0.51198, 'loss': 0.77253215, 'lr': 0, 'params': 553882, 'time_iter': 0.032, 'mae': 0.77253, 'r2': 0.56061, 'spearmanr': 0.91045, 'mse': 1.73063, 'rmse': 1.31554, 'loss_recon': 0.0, 'loss_recon_node': 0.0, 'loss_recon_edge': 0.0, 'loss_recon_tuple': 0.0, 'loss_recon_nodepe': 0.0, 'loss_recon_edgepe': 0.0}
test: {'epoch': 55, 'time_epoch': 0.50966, 'loss': 0.8161745, 'lr': 0, 'params': 553882, 'time_iter': 0.03185, 'mae': 0.81617, 'r2': 0.58269, 'spearmanr': 0.90134, 'mse': 1.69774, 'rmse': 1.30297, 'loss_recon': 0.0, 'loss_recon_node': 0.0, 'loss_recon_edge': 0.0, 'loss_recon_tuple': 0.0, 'loss_recon_nodepe': 0.0, 'loss_recon_edgepe': 0.0}
> Epoch 55: took 14.4s (avg 14.5s) | Best so far: epoch 38	train_loss: 0.4856 train_mae: 0.4856	val_loss: 0.4646 val_mae: 0.4646	test_loss: 0.5092 test_mae: 0.5092
train: {'epoch': 56, 'time_epoch': 13.34003, 'eta': 4618.69861, 'eta_hours': 1.28297, 'loss': 0.43501419, 'lr': 0.00096606, 'params': 553882, 'time_iter': 0.08497, 'mae': 0.43501, 'r2': 0.78885, 'spearmanr': 0.94276, 'mse': 0.85376, 'rmse': 0.92399}
val: {'epoch': 56, 'time_epoch': 0.51004, 'loss': 0.4895585, 'lr': 0, 'params': 553882, 'time_iter': 0.03188, 'mae': 0.48956, 'r2': 0.71749, 'spearmanr': 0.93517, 'mse': 1.11273, 'rmse': 1.05486, 'loss_recon': 0.0, 'loss_recon_node': 0.0, 'loss_recon_edge': 0.0, 'loss_recon_tuple': 0.0, 'loss_recon_nodepe': 0.0, 'loss_recon_edgepe': 0.0}
test: {'epoch': 56, 'time_epoch': 0.50943, 'loss': 0.52499186, 'lr': 0, 'params': 553882, 'time_iter': 0.03184, 'mae': 0.52499, 'r2': 0.7527, 'spearmanr': 0.92177, 'mse': 1.0061, 'rmse': 1.00304, 'loss_recon': 0.0, 'loss_recon_node': 0.0, 'loss_recon_edge': 0.0, 'loss_recon_tuple': 0.0, 'loss_recon_nodepe': 0.0, 'loss_recon_edgepe': 0.0}
> Epoch 56: took 14.4s (avg 14.5s) | Best so far: epoch 38	train_loss: 0.4856 train_mae: 0.4856	val_loss: 0.4646 val_mae: 0.4646	test_loss: 0.5092 test_mae: 0.5092
train: {'epoch': 57, 'time_epoch': 13.33559, 'eta': 4604.46644, 'eta_hours': 1.27902, 'loss': 0.43955427, 'lr': 0.00096459, 'params': 553882, 'time_iter': 0.08494, 'mae': 0.43955, 'r2': 0.82576, 'spearmanr': 0.93756, 'mse': 0.70452, 'rmse': 0.83936}
val: {'epoch': 57, 'time_epoch': 0.51111, 'loss': 0.55433898, 'lr': 0, 'params': 553882, 'time_iter': 0.03194, 'mae': 0.55434, 'r2': 0.66455, 'spearmanr': 0.92931, 'mse': 1.32125, 'rmse': 1.14946, 'loss_recon': 0.0, 'loss_recon_node': 0.0, 'loss_recon_edge': 0.0, 'loss_recon_tuple': 0.0, 'loss_recon_nodepe': 0.0, 'loss_recon_edgepe': 0.0}
test: {'epoch': 57, 'time_epoch': 0.50989, 'loss': 0.59354487, 'lr': 0, 'params': 553882, 'time_iter': 0.03187, 'mae': 0.59354, 'r2': 0.69374, 'spearmanr': 0.91714, 'mse': 1.24597, 'rmse': 1.11623, 'loss_recon': 0.0, 'loss_recon_node': 0.0, 'loss_recon_edge': 0.0, 'loss_recon_tuple': 0.0, 'loss_recon_nodepe': 0.0, 'loss_recon_edgepe': 0.0}
> Epoch 57: took 14.4s (avg 14.5s) | Best so far: epoch 38	train_loss: 0.4856 train_mae: 0.4856	val_loss: 0.4646 val_mae: 0.4646	test_loss: 0.5092 test_mae: 0.5092
train: {'epoch': 58, 'time_epoch': 13.33206, 'eta': 4590.24427, 'eta_hours': 1.27507, 'loss': 0.44844968, 'lr': 0.00096309, 'params': 553882, 'time_iter': 0.08492, 'mae': 0.44845, 'r2': 0.82561, 'spearmanr': 0.93583, 'mse': 0.70514, 'rmse': 0.83973}
val: {'epoch': 58, 'time_epoch': 0.51223, 'loss': 0.63092984, 'lr': 0, 'params': 553882, 'time_iter': 0.03201, 'mae': 0.63093, 'r2': 0.62375, 'spearmanr': 0.92717, 'mse': 1.48197, 'rmse': 1.21736, 'loss_recon': 0.0, 'loss_recon_node': 0.0, 'loss_recon_edge': 0.0, 'loss_recon_tuple': 0.0, 'loss_recon_nodepe': 0.0, 'loss_recon_edgepe': 0.0}
test: {'epoch': 58, 'time_epoch': 0.51233, 'loss': 0.67053297, 'lr': 0, 'params': 553882, 'time_iter': 0.03202, 'mae': 0.67053, 'r2': 0.64977, 'spearmanr': 0.91655, 'mse': 1.42484, 'rmse': 1.19367, 'loss_recon': 0.0, 'loss_recon_node': 0.0, 'loss_recon_edge': 0.0, 'loss_recon_tuple': 0.0, 'loss_recon_nodepe': 0.0, 'loss_recon_edgepe': 0.0}
> Epoch 58: took 14.4s (avg 14.5s) | Best so far: epoch 38	train_loss: 0.4856 train_mae: 0.4856	val_loss: 0.4646 val_mae: 0.4646	test_loss: 0.5092 test_mae: 0.5092
train: {'epoch': 59, 'time_epoch': 13.35403, 'eta': 4576.17625, 'eta_hours': 1.27116, 'loss': 0.4202578, 'lr': 0.00096155, 'params': 553882, 'time_iter': 0.08506, 'mae': 0.42026, 'r2': 0.80263, 'spearmanr': 0.94418, 'mse': 0.79805, 'rmse': 0.89334}
val: {'epoch': 59, 'time_epoch': 0.51141, 'loss': 0.58804063, 'lr': 0, 'params': 553882, 'time_iter': 0.03196, 'mae': 0.58804, 'r2': 0.66052, 'spearmanr': 0.90151, 'mse': 1.33713, 'rmse': 1.15634, 'loss_recon': 0.0, 'loss_recon_node': 0.0, 'loss_recon_edge': 0.0, 'loss_recon_tuple': 0.0, 'loss_recon_nodepe': 0.0, 'loss_recon_edgepe': 0.0}
test: {'epoch': 59, 'time_epoch': 0.50975, 'loss': 0.63186017, 'lr': 0, 'params': 553882, 'time_iter': 0.03186, 'mae': 0.63186, 'r2': 0.69457, 'spearmanr': 0.8946, 'mse': 1.24257, 'rmse': 1.11471, 'loss_recon': 0.0, 'loss_recon_node': 0.0, 'loss_recon_edge': 0.0, 'loss_recon_tuple': 0.0, 'loss_recon_nodepe': 0.0, 'loss_recon_edgepe': 0.0}
> Epoch 59: took 14.4s (avg 14.5s) | Best so far: epoch 38	train_loss: 0.4856 train_mae: 0.4856	val_loss: 0.4646 val_mae: 0.4646	test_loss: 0.5092 test_mae: 0.5092
train: {'epoch': 60, 'time_epoch': 13.32259, 'eta': 4561.95692, 'eta_hours': 1.26721, 'loss': 0.47521399, 'lr': 0.00095999, 'params': 553882, 'time_iter': 0.08486, 'mae': 0.47521, 'r2': 0.79564, 'spearmanr': 0.93227, 'mse': 0.82631, 'rmse': 0.90902}
val: {'epoch': 60, 'time_epoch': 0.50996, 'loss': 0.65000262, 'lr': 0, 'params': 553882, 'time_iter': 0.03187, 'mae': 0.65, 'r2': 0.60779, 'spearmanr': 0.91883, 'mse': 1.54481, 'rmse': 1.2429, 'loss_recon': 0.0, 'loss_recon_node': 0.0, 'loss_recon_edge': 0.0, 'loss_recon_tuple': 0.0, 'loss_recon_nodepe': 0.0, 'loss_recon_edgepe': 0.0}
test: {'epoch': 60, 'time_epoch': 0.50971, 'loss': 0.6777414, 'lr': 0, 'params': 553882, 'time_iter': 0.03186, 'mae': 0.67774, 'r2': 0.62861, 'spearmanr': 0.90595, 'mse': 1.51093, 'rmse': 1.2292, 'loss_recon': 0.0, 'loss_recon_node': 0.0, 'loss_recon_edge': 0.0, 'loss_recon_tuple': 0.0, 'loss_recon_nodepe': 0.0, 'loss_recon_edgepe': 0.0}
> Epoch 60: took 14.4s (avg 14.5s) | Best so far: epoch 38	train_loss: 0.4856 train_mae: 0.4856	val_loss: 0.4646 val_mae: 0.4646	test_loss: 0.5092 test_mae: 0.5092
train: {'epoch': 61, 'time_epoch': 13.31701, 'eta': 4547.73611, 'eta_hours': 1.26326, 'loss': 0.44125873, 'lr': 0.0009584, 'params': 553882, 'time_iter': 0.08482, 'mae': 0.44126, 'r2': 0.83169, 'spearmanr': 0.93857, 'mse': 0.68052, 'rmse': 0.82494}
val: {'epoch': 61, 'time_epoch': 0.50904, 'loss': 0.65894273, 'lr': 0, 'params': 553882, 'time_iter': 0.03181, 'mae': 0.65894, 'r2': 0.59804, 'spearmanr': 0.91099, 'mse': 1.5832, 'rmse': 1.25825, 'loss_recon': 0.0, 'loss_recon_node': 0.0, 'loss_recon_edge': 0.0, 'loss_recon_tuple': 0.0, 'loss_recon_nodepe': 0.0, 'loss_recon_edgepe': 0.0}
test: {'epoch': 61, 'time_epoch': 0.5091, 'loss': 0.6946874, 'lr': 0, 'params': 553882, 'time_iter': 0.03182, 'mae': 0.69469, 'r2': 0.63308, 'spearmanr': 0.90938, 'mse': 1.49275, 'rmse': 1.22178, 'loss_recon': 0.0, 'loss_recon_node': 0.0, 'loss_recon_edge': 0.0, 'loss_recon_tuple': 0.0, 'loss_recon_nodepe': 0.0, 'loss_recon_edgepe': 0.0}
> Epoch 61: took 14.4s (avg 14.5s) | Best so far: epoch 38	train_loss: 0.4856 train_mae: 0.4856	val_loss: 0.4646 val_mae: 0.4646	test_loss: 0.5092 test_mae: 0.5092
train: {'epoch': 62, 'time_epoch': 13.33916, 'eta': 4533.66249, 'eta_hours': 1.25935, 'loss': 0.52345302, 'lr': 0.00095677, 'params': 553882, 'time_iter': 0.08496, 'mae': 0.52345, 'r2': 0.77902, 'spearmanr': 0.91953, 'mse': 0.89351, 'rmse': 0.94526}
val: {'epoch': 62, 'time_epoch': 0.51209, 'loss': 0.49490725, 'lr': 0, 'params': 553882, 'time_iter': 0.03201, 'mae': 0.49491, 'r2': 0.68176, 'spearmanr': 0.9319, 'mse': 1.25349, 'rmse': 1.11959, 'loss_recon': 0.0, 'loss_recon_node': 0.0, 'loss_recon_edge': 0.0, 'loss_recon_tuple': 0.0, 'loss_recon_nodepe': 0.0, 'loss_recon_edgepe': 0.0}
test: {'epoch': 62, 'time_epoch': 0.51203, 'loss': 0.54926923, 'lr': 0, 'params': 553882, 'time_iter': 0.032, 'mae': 0.54927, 'r2': 0.71199, 'spearmanr': 0.91788, 'mse': 1.1717, 'rmse': 1.08245, 'loss_recon': 0.0, 'loss_recon_node': 0.0, 'loss_recon_edge': 0.0, 'loss_recon_tuple': 0.0, 'loss_recon_nodepe': 0.0, 'loss_recon_edgepe': 0.0}
> Epoch 62: took 14.4s (avg 14.5s) | Best so far: epoch 38	train_loss: 0.4856 train_mae: 0.4856	val_loss: 0.4646 val_mae: 0.4646	test_loss: 0.5092 test_mae: 0.5092
tensor([1, 1, 1, 1, 2, 3, 1, 2, 3, 1, 1, 2, 3, 1, 1, 1, 5, 1, 1, 1],
       device='cuda:0')
tensor([[-0.2618,  0.3061,  0.1233, -0.1314],
        [-0.2704,  0.3122,  0.1227, -0.1325],
        [-0.2633,  0.3072,  0.1232, -0.1316],
        [-0.1918,  0.2562,  0.1276, -0.1222],
        [-0.1998,  0.2619,  0.1271, -0.1232],
        [-0.2636,  0.3074,  0.1232, -0.1316],
        [-0.1633,  0.2359,  0.1294, -0.1184],
        [-0.2148,  0.2726,  0.1262, -0.1252],
        [-0.2670,  0.3098,  0.1230, -0.1320],
        [-0.2664,  0.3094,  0.1230, -0.1320],
        [-0.2147,  0.2725,  0.1262, -0.1252],
        [-0.1845,  0.2510,  0.1281, -0.1212],
        [-0.2689,  0.3112,  0.1228, -0.1323],
        [-0.2643,  0.3079,  0.1231, -0.1317],
        [-0.2637,  0.3075,  0.1232, -0.1316],
        [-0.2637,  0.3074,  0.1232, -0.1316],
        [-0.2702,  0.3120,  0.1228, -0.1325],
        [-0.1060,  0.1950,  0.1329, -0.1109],
        [-0.1060,  0.1950,  0.1329, -0.1109],
        [-0.1060,  0.1950,  0.1329, -0.1109]], device='cuda:0',
       grad_fn=<SliceBackward0>)
tensor([8, 1, 0, 0, 0, 0, 0, 0, 0, 0, 0, 0, 0, 0, 0, 0, 0, 0, 0, 0],
       device='cuda:0')
tensor([[-0.1306, -0.6500, -0.1613, -0.0054],
        [ 0.2847, -0.0429, -0.0480,  0.0851],
        [ 0.2843, -0.0478, -0.0502,  0.0847],
        [ 0.2330, -0.0718, -0.0929,  0.0570],
        [ 0.2847, -0.0429, -0.0480,  0.0851],
        [ 0.2847, -0.0429, -0.0480,  0.0851],
        [ 0.2475, -0.0695, -0.0544,  0.0777],
        [ 0.2847, -0.0429, -0.0480,  0.0851],
        [ 0.2300, -0.0807, -0.1093,  0.0550],
        [ 0.2847, -0.0429, -0.0480,  0.0851],
        [ 0.2847, -0.0429, -0.0480,  0.0851],
        [ 0.2847, -0.0429, -0.0480,  0.0851],
        [ 0.2847, -0.0429, -0.0480,  0.0851],
        [ 0.2847, -0.0429, -0.0480,  0.0851],
        [ 0.2847, -0.0429, -0.0480,  0.0851],
        [ 0.2847, -0.0429, -0.0480,  0.0851],
        [ 0.2847, -0.0429, -0.0480,  0.0851],
        [ 0.2830, -0.0414, -0.0489,  0.0843],
        [ 0.2799, -0.0389, -0.0505,  0.0828],
        [ 0.2775, -0.0368, -0.0518,  0.0815]], device='cuda:0',
       grad_fn=<SliceBackward0>)
train: {'epoch': 63, 'time_epoch': 13.35493, 'eta': 4519.69458, 'eta_hours': 1.25547, 'loss': 0.53452699, 'lr': 0.00095512, 'params': 553882, 'time_iter': 0.08506, 'mae': 0.53453, 'r2': 0.77902, 'spearmanr': 0.92176, 'mse': 0.89352, 'rmse': 0.94526}
val: {'epoch': 63, 'time_epoch': 0.5137, 'loss': 0.6527772, 'lr': 0, 'params': 553882, 'time_iter': 0.03211, 'mae': 0.65278, 'r2': 0.67872, 'spearmanr': 0.91699, 'mse': 1.26544, 'rmse': 1.12492, 'loss_recon': 0.0, 'loss_recon_node': 0.0, 'loss_recon_edge': 0.0, 'loss_recon_tuple': 0.0, 'loss_recon_nodepe': 0.0, 'loss_recon_edgepe': 0.0}
test: {'epoch': 63, 'time_epoch': 0.50958, 'loss': 0.68999415, 'lr': 0, 'params': 553882, 'time_iter': 0.03185, 'mae': 0.68999, 'r2': 0.71415, 'spearmanr': 0.90254, 'mse': 1.16293, 'rmse': 1.07839, 'loss_recon': 0.0, 'loss_recon_node': 0.0, 'loss_recon_edge': 0.0, 'loss_recon_tuple': 0.0, 'loss_recon_nodepe': 0.0, 'loss_recon_edgepe': 0.0}
> Epoch 63: took 14.4s (avg 14.5s) | Best so far: epoch 38	train_loss: 0.4856 train_mae: 0.4856	val_loss: 0.4646 val_mae: 0.4646	test_loss: 0.5092 test_mae: 0.5092
train: {'epoch': 64, 'time_epoch': 13.31851, 'eta': 4505.55785, 'eta_hours': 1.25154, 'loss': 0.50571977, 'lr': 0.00095344, 'params': 553882, 'time_iter': 0.08483, 'mae': 0.50572, 'r2': 0.79275, 'spearmanr': 0.92413, 'mse': 0.83797, 'rmse': 0.91541}
val: {'epoch': 64, 'time_epoch': 0.50903, 'loss': 0.79869967, 'lr': 0, 'params': 553882, 'time_iter': 0.03181, 'mae': 0.7987, 'r2': 0.65095, 'spearmanr': 0.93454, 'mse': 1.37483, 'rmse': 1.17253, 'loss_recon': 0.0, 'loss_recon_node': 0.0, 'loss_recon_edge': 0.0, 'loss_recon_tuple': 0.0, 'loss_recon_nodepe': 0.0, 'loss_recon_edgepe': 0.0}
test: {'epoch': 64, 'time_epoch': 0.50969, 'loss': 0.82590931, 'lr': 0, 'params': 553882, 'time_iter': 0.03186, 'mae': 0.82591, 'r2': 0.69947, 'spearmanr': 0.92211, 'mse': 1.22263, 'rmse': 1.10572, 'loss_recon': 0.0, 'loss_recon_node': 0.0, 'loss_recon_edge': 0.0, 'loss_recon_tuple': 0.0, 'loss_recon_nodepe': 0.0, 'loss_recon_edgepe': 0.0}
> Epoch 64: took 14.4s (avg 14.5s) | Best so far: epoch 38	train_loss: 0.4856 train_mae: 0.4856	val_loss: 0.4646 val_mae: 0.4646	test_loss: 0.5092 test_mae: 0.5092
train: {'epoch': 65, 'time_epoch': 13.31192, 'eta': 4491.41255, 'eta_hours': 1.24761, 'loss': 0.48473744, 'lr': 0.00095173, 'params': 553882, 'time_iter': 0.08479, 'mae': 0.48474, 'r2': 0.78058, 'spearmanr': 0.92716, 'mse': 0.88721, 'rmse': 0.94192}
val: {'epoch': 65, 'time_epoch': 0.50971, 'loss': 0.43476612, 'lr': 0, 'params': 553882, 'time_iter': 0.03186, 'mae': 0.43477, 'r2': 0.71515, 'spearmanr': 0.93473, 'mse': 1.12194, 'rmse': 1.05922, 'loss_recon': 0.0, 'loss_recon_node': 0.0, 'loss_recon_edge': 0.0, 'loss_recon_tuple': 0.0, 'loss_recon_nodepe': 0.0, 'loss_recon_edgepe': 0.0}
test: {'epoch': 65, 'time_epoch': 0.51067, 'loss': 0.46010794, 'lr': 0, 'params': 553882, 'time_iter': 0.03192, 'mae': 0.46011, 'r2': 0.74811, 'spearmanr': 0.92451, 'mse': 1.02476, 'rmse': 1.0123, 'loss_recon': 0.0, 'loss_recon_node': 0.0, 'loss_recon_edge': 0.0, 'loss_recon_tuple': 0.0, 'loss_recon_nodepe': 0.0, 'loss_recon_edgepe': 0.0}
> Epoch 65: took 14.3s (avg 14.5s) | Best so far: epoch 65	train_loss: 0.4847 train_mae: 0.4847	val_loss: 0.4348 val_mae: 0.4348	test_loss: 0.4601 test_mae: 0.4601
train: {'epoch': 66, 'time_epoch': 13.35695, 'eta': 4477.51594, 'eta_hours': 1.24375, 'loss': 0.52483809, 'lr': 0.00094998, 'params': 553882, 'time_iter': 0.08508, 'mae': 0.52484, 'r2': 0.75503, 'spearmanr': 0.91528, 'mse': 0.99049, 'rmse': 0.99524}
val: {'epoch': 66, 'time_epoch': 0.51568, 'loss': 0.66335023, 'lr': 0, 'params': 553882, 'time_iter': 0.03223, 'mae': 0.66335, 'r2': 0.62125, 'spearmanr': 0.87131, 'mse': 1.49182, 'rmse': 1.2214, 'loss_recon': 0.0, 'loss_recon_node': 0.0, 'loss_recon_edge': 0.0, 'loss_recon_tuple': 0.0, 'loss_recon_nodepe': 0.0, 'loss_recon_edgepe': 0.0}
test: {'epoch': 66, 'time_epoch': 0.51023, 'loss': 0.70483933, 'lr': 0, 'params': 553882, 'time_iter': 0.03189, 'mae': 0.70484, 'r2': 0.62931, 'spearmanr': 0.8664, 'mse': 1.50809, 'rmse': 1.22804, 'loss_recon': 0.0, 'loss_recon_node': 0.0, 'loss_recon_edge': 0.0, 'loss_recon_tuple': 0.0, 'loss_recon_nodepe': 0.0, 'loss_recon_edgepe': 0.0}
> Epoch 66: took 14.4s (avg 14.5s) | Best so far: epoch 65	train_loss: 0.4847 train_mae: 0.4847	val_loss: 0.4348 val_mae: 0.4348	test_loss: 0.4601 test_mae: 0.4601
train: {'epoch': 67, 'time_epoch': 13.31946, 'eta': 4463.45217, 'eta_hours': 1.23985, 'loss': 0.5183421, 'lr': 0.00094821, 'params': 553882, 'time_iter': 0.08484, 'mae': 0.51834, 'r2': 0.7999, 'spearmanr': 0.91697, 'mse': 0.80909, 'rmse': 0.8995}
val: {'epoch': 67, 'time_epoch': 0.50933, 'loss': 0.49622479, 'lr': 0, 'params': 553882, 'time_iter': 0.03183, 'mae': 0.49622, 'r2': 0.68593, 'spearmanr': 0.9213, 'mse': 1.23703, 'rmse': 1.11222, 'loss_recon': 0.0, 'loss_recon_node': 0.0, 'loss_recon_edge': 0.0, 'loss_recon_tuple': 0.0, 'loss_recon_nodepe': 0.0, 'loss_recon_edgepe': 0.0}
test: {'epoch': 67, 'time_epoch': 0.50924, 'loss': 0.54614119, 'lr': 0, 'params': 553882, 'time_iter': 0.03183, 'mae': 0.54614, 'r2': 0.6925, 'spearmanr': 0.89958, 'mse': 1.25102, 'rmse': 1.11849, 'loss_recon': 0.0, 'loss_recon_node': 0.0, 'loss_recon_edge': 0.0, 'loss_recon_tuple': 0.0, 'loss_recon_nodepe': 0.0, 'loss_recon_edgepe': 0.0}
> Epoch 67: took 14.4s (avg 14.5s) | Best so far: epoch 65	train_loss: 0.4847 train_mae: 0.4847	val_loss: 0.4348 val_mae: 0.4348	test_loss: 0.4601 test_mae: 0.4601
train: {'epoch': 68, 'time_epoch': 13.3215, 'eta': 4449.41977, 'eta_hours': 1.23595, 'loss': 0.47007311, 'lr': 0.00094641, 'params': 553882, 'time_iter': 0.08485, 'mae': 0.47007, 'r2': 0.78151, 'spearmanr': 0.93197, 'mse': 0.88346, 'rmse': 0.93993}
val: {'epoch': 68, 'time_epoch': 0.50985, 'loss': 0.45544983, 'lr': 0, 'params': 553882, 'time_iter': 0.03187, 'mae': 0.45545, 'r2': 0.71755, 'spearmanr': 0.93415, 'mse': 1.11249, 'rmse': 1.05474, 'loss_recon': 0.0, 'loss_recon_node': 0.0, 'loss_recon_edge': 0.0, 'loss_recon_tuple': 0.0, 'loss_recon_nodepe': 0.0, 'loss_recon_edgepe': 0.0}
test: {'epoch': 68, 'time_epoch': 0.50927, 'loss': 0.48870958, 'lr': 0, 'params': 553882, 'time_iter': 0.03183, 'mae': 0.48871, 'r2': 0.74138, 'spearmanr': 0.91832, 'mse': 1.05213, 'rmse': 1.02573, 'loss_recon': 0.0, 'loss_recon_node': 0.0, 'loss_recon_edge': 0.0, 'loss_recon_tuple': 0.0, 'loss_recon_nodepe': 0.0, 'loss_recon_edgepe': 0.0}
> Epoch 68: took 14.4s (avg 14.5s) | Best so far: epoch 65	train_loss: 0.4847 train_mae: 0.4847	val_loss: 0.4348 val_mae: 0.4348	test_loss: 0.4601 test_mae: 0.4601
train: {'epoch': 69, 'time_epoch': 13.32731, 'eta': 4435.43503, 'eta_hours': 1.23207, 'loss': 0.45813273, 'lr': 0.00094459, 'params': 553882, 'time_iter': 0.08489, 'mae': 0.45813, 'r2': 0.80729, 'spearmanr': 0.93599, 'mse': 0.77922, 'rmse': 0.88274}
val: {'epoch': 69, 'time_epoch': 0.51178, 'loss': 0.46265888, 'lr': 0, 'params': 553882, 'time_iter': 0.03199, 'mae': 0.46266, 'r2': 0.71251, 'spearmanr': 0.93223, 'mse': 1.13236, 'rmse': 1.06412, 'loss_recon': 0.0, 'loss_recon_node': 0.0, 'loss_recon_edge': 0.0, 'loss_recon_tuple': 0.0, 'loss_recon_nodepe': 0.0, 'loss_recon_edgepe': 0.0}
test: {'epoch': 69, 'time_epoch': 0.50967, 'loss': 0.50819246, 'lr': 0, 'params': 553882, 'time_iter': 0.03185, 'mae': 0.50819, 'r2': 0.73837, 'spearmanr': 0.91718, 'mse': 1.06439, 'rmse': 1.03169, 'loss_recon': 0.0, 'loss_recon_node': 0.0, 'loss_recon_edge': 0.0, 'loss_recon_tuple': 0.0, 'loss_recon_nodepe': 0.0, 'loss_recon_edgepe': 0.0}
> Epoch 69: took 14.4s (avg 14.5s) | Best so far: epoch 65	train_loss: 0.4847 train_mae: 0.4847	val_loss: 0.4348 val_mae: 0.4348	test_loss: 0.4601 test_mae: 0.4601
train: {'epoch': 70, 'time_epoch': 13.34296, 'eta': 4421.54134, 'eta_hours': 1.22821, 'loss': 0.41695727, 'lr': 0.00094273, 'params': 553882, 'time_iter': 0.08499, 'mae': 0.41696, 'r2': 0.84856, 'spearmanr': 0.94395, 'mse': 0.61232, 'rmse': 0.78251}
val: {'epoch': 70, 'time_epoch': 0.50973, 'loss': 0.61877277, 'lr': 0, 'params': 553882, 'time_iter': 0.03186, 'mae': 0.61877, 'r2': 0.69759, 'spearmanr': 0.93263, 'mse': 1.19113, 'rmse': 1.09139, 'loss_recon': 0.0, 'loss_recon_node': 0.0, 'loss_recon_edge': 0.0, 'loss_recon_tuple': 0.0, 'loss_recon_nodepe': 0.0, 'loss_recon_edgepe': 0.0}
test: {'epoch': 70, 'time_epoch': 0.50876, 'loss': 0.66562186, 'lr': 0, 'params': 553882, 'time_iter': 0.0318, 'mae': 0.66562, 'r2': 0.7271, 'spearmanr': 0.91502, 'mse': 1.11026, 'rmse': 1.05369, 'loss_recon': 0.0, 'loss_recon_node': 0.0, 'loss_recon_edge': 0.0, 'loss_recon_tuple': 0.0, 'loss_recon_nodepe': 0.0, 'loss_recon_edgepe': 0.0}
> Epoch 70: took 14.4s (avg 14.5s) | Best so far: epoch 65	train_loss: 0.4847 train_mae: 0.4847	val_loss: 0.4348 val_mae: 0.4348	test_loss: 0.4601 test_mae: 0.4601
train: {'epoch': 71, 'time_epoch': 13.31781, 'eta': 4407.5484, 'eta_hours': 1.22432, 'loss': 0.43000487, 'lr': 0.00094084, 'params': 553882, 'time_iter': 0.08483, 'mae': 0.43, 'r2': 0.80457, 'spearmanr': 0.9425, 'mse': 0.79021, 'rmse': 0.88894}
val: {'epoch': 71, 'time_epoch': 0.50941, 'loss': 0.45041014, 'lr': 0, 'params': 553882, 'time_iter': 0.03184, 'mae': 0.45041, 'r2': 0.71298, 'spearmanr': 0.92991, 'mse': 1.13052, 'rmse': 1.06326, 'loss_recon': 0.0, 'loss_recon_node': 0.0, 'loss_recon_edge': 0.0, 'loss_recon_tuple': 0.0, 'loss_recon_nodepe': 0.0, 'loss_recon_edgepe': 0.0}
test: {'epoch': 71, 'time_epoch': 0.5086, 'loss': 0.48433071, 'lr': 0, 'params': 553882, 'time_iter': 0.03179, 'mae': 0.48433, 'r2': 0.73824, 'spearmanr': 0.91993, 'mse': 1.06491, 'rmse': 1.03194, 'loss_recon': 0.0, 'loss_recon_node': 0.0, 'loss_recon_edge': 0.0, 'loss_recon_tuple': 0.0, 'loss_recon_nodepe': 0.0, 'loss_recon_edgepe': 0.0}
> Epoch 71: took 14.4s (avg 14.5s) | Best so far: epoch 65	train_loss: 0.4847 train_mae: 0.4847	val_loss: 0.4348 val_mae: 0.4348	test_loss: 0.4601 test_mae: 0.4601
tensor([1, 1, 2, 1, 1, 1, 1, 1, 2, 1, 1, 2, 1, 2, 3, 1, 1, 1, 1, 1],
       device='cuda:0')
tensor([[-0.1127,  0.1929,  0.1299, -0.1077],
        [-0.1127,  0.1929,  0.1299, -0.1077],
        [-0.1127,  0.1929,  0.1299, -0.1077],
        [-0.1339,  0.2090,  0.1292, -0.1112],
        [-0.1388,  0.2127,  0.1290, -0.1120],
        [-0.1397,  0.2133,  0.1290, -0.1121],
        [-0.1361,  0.2107,  0.1291, -0.1115],
        [-0.1392,  0.2130,  0.1290, -0.1120],
        [-0.1477,  0.2194,  0.1287, -0.1134],
        [-0.1127,  0.1929,  0.1299, -0.1077],
        [-0.1127,  0.1929,  0.1299, -0.1077],
        [-0.1127,  0.1929,  0.1299, -0.1077],
        [-0.1496,  0.2209,  0.1286, -0.1137],
        [-0.1447,  0.2172,  0.1288, -0.1129],
        [-0.1127,  0.1929,  0.1299, -0.1077],
        [-0.1127,  0.1929,  0.1299, -0.1077],
        [-0.1127,  0.1929,  0.1299, -0.1077],
        [-0.1127,  0.1929,  0.1299, -0.1077],
        [-0.1328,  0.2082,  0.1292, -0.1110],
        [-0.1360,  0.2106,  0.1291, -0.1115]], device='cuda:0',
       grad_fn=<SliceBackward0>)
tensor([8, 1, 0, 0, 0, 0, 0, 0, 0, 0, 0, 0, 0, 0, 0, 0, 0, 0, 0, 0],
       device='cuda:0')
tensor([[-0.1383, -0.5178, -0.1507,  0.0143],
        [ 0.2801, -0.0419, -0.0478,  0.0852],
        [ 0.1821, -0.0356, -0.1142,  0.0381],
        [ 0.2513, -0.0760, -0.0530,  0.0812],
        [ 0.2727, -0.0357, -0.0517,  0.0815],
        [ 0.2738, -0.0366, -0.0511,  0.0820],
        [ 0.2789, -0.0409, -0.0485,  0.0846],
        [ 0.2801, -0.0419, -0.0478,  0.0852],
        [ 0.2723, -0.0353, -0.0519,  0.0813],
        [ 0.2801, -0.0419, -0.0478,  0.0852],
        [ 0.2801, -0.0419, -0.0478,  0.0852],
        [ 0.2801, -0.0419, -0.0478,  0.0852],
        [ 0.2801, -0.0419, -0.0478,  0.0852],
        [ 0.2734, -0.0362, -0.0513,  0.0818],
        [ 0.2801, -0.0419, -0.0478,  0.0852],
        [ 0.2801, -0.0419, -0.0478,  0.0852],
        [ 0.2801, -0.0419, -0.0478,  0.0852],
        [ 0.2801, -0.0419, -0.0478,  0.0852],
        [ 0.2801, -0.0419, -0.0478,  0.0852],
        [ 0.2770, -0.0393, -0.0495,  0.0836]], device='cuda:0',
       grad_fn=<SliceBackward0>)
train: {'epoch': 72, 'time_epoch': 13.32423, 'eta': 4393.60269, 'eta_hours': 1.22045, 'loss': 0.44335184, 'lr': 0.00093893, 'params': 553882, 'time_iter': 0.08487, 'mae': 0.44335, 'r2': 0.80042, 'spearmanr': 0.93532, 'mse': 0.80697, 'rmse': 0.89831}
val: {'epoch': 72, 'time_epoch': 0.50975, 'loss': 0.61786001, 'lr': 0, 'params': 553882, 'time_iter': 0.03186, 'mae': 0.61786, 'r2': 0.69752, 'spearmanr': 0.93376, 'mse': 1.1914, 'rmse': 1.09151, 'loss_recon': 0.0, 'loss_recon_node': 0.0, 'loss_recon_edge': 0.0, 'loss_recon_tuple': 0.0, 'loss_recon_nodepe': 0.0, 'loss_recon_edgepe': 0.0}
test: {'epoch': 72, 'time_epoch': 0.5086, 'loss': 0.65051262, 'lr': 0, 'params': 553882, 'time_iter': 0.03179, 'mae': 0.65051, 'r2': 0.73995, 'spearmanr': 0.92452, 'mse': 1.05796, 'rmse': 1.02857, 'loss_recon': 0.0, 'loss_recon_node': 0.0, 'loss_recon_edge': 0.0, 'loss_recon_tuple': 0.0, 'loss_recon_nodepe': 0.0, 'loss_recon_edgepe': 0.0}
> Epoch 72: took 14.4s (avg 14.5s) | Best so far: epoch 65	train_loss: 0.4847 train_mae: 0.4847	val_loss: 0.4348 val_mae: 0.4348	test_loss: 0.4601 test_mae: 0.4601
train: {'epoch': 73, 'time_epoch': 13.30729, 'eta': 4379.59914, 'eta_hours': 1.21656, 'loss': 0.4321657, 'lr': 0.00093698, 'params': 553882, 'time_iter': 0.08476, 'mae': 0.43217, 'r2': 0.83915, 'spearmanr': 0.94064, 'mse': 0.65039, 'rmse': 0.80647}
val: {'epoch': 73, 'time_epoch': 0.50867, 'loss': 0.50502795, 'lr': 0, 'params': 553882, 'time_iter': 0.03179, 'mae': 0.50503, 'r2': 0.68756, 'spearmanr': 0.92548, 'mse': 1.23061, 'rmse': 1.10933, 'loss_recon': 0.0, 'loss_recon_node': 0.0, 'loss_recon_edge': 0.0, 'loss_recon_tuple': 0.0, 'loss_recon_nodepe': 0.0, 'loss_recon_edgepe': 0.0}
test: {'epoch': 73, 'time_epoch': 0.50911, 'loss': 0.54458408, 'lr': 0, 'params': 553882, 'time_iter': 0.03182, 'mae': 0.54458, 'r2': 0.72328, 'spearmanr': 0.92022, 'mse': 1.12577, 'rmse': 1.06102, 'loss_recon': 0.0, 'loss_recon_node': 0.0, 'loss_recon_edge': 0.0, 'loss_recon_tuple': 0.0, 'loss_recon_nodepe': 0.0, 'loss_recon_edgepe': 0.0}
> Epoch 73: took 14.3s (avg 14.5s) | Best so far: epoch 65	train_loss: 0.4847 train_mae: 0.4847	val_loss: 0.4348 val_mae: 0.4348	test_loss: 0.4601 test_mae: 0.4601
train: {'epoch': 74, 'time_epoch': 13.3344, 'eta': 4365.73166, 'eta_hours': 1.2127, 'loss': 0.41510947, 'lr': 0.00093501, 'params': 553882, 'time_iter': 0.08493, 'mae': 0.41511, 'r2': 0.83163, 'spearmanr': 0.94466, 'mse': 0.68078, 'rmse': 0.82509}
val: {'epoch': 74, 'time_epoch': 0.51167, 'loss': 0.42528012, 'lr': 0, 'params': 553882, 'time_iter': 0.03198, 'mae': 0.42528, 'r2': 0.72015, 'spearmanr': 0.938, 'mse': 1.10227, 'rmse': 1.04989, 'loss_recon': 0.0, 'loss_recon_node': 0.0, 'loss_recon_edge': 0.0, 'loss_recon_tuple': 0.0, 'loss_recon_nodepe': 0.0, 'loss_recon_edgepe': 0.0}
test: {'epoch': 74, 'time_epoch': 0.51154, 'loss': 0.46274697, 'lr': 0, 'params': 553882, 'time_iter': 0.03197, 'mae': 0.46275, 'r2': 0.74595, 'spearmanr': 0.92339, 'mse': 1.03356, 'rmse': 1.01664, 'loss_recon': 0.0, 'loss_recon_node': 0.0, 'loss_recon_edge': 0.0, 'loss_recon_tuple': 0.0, 'loss_recon_nodepe': 0.0, 'loss_recon_edgepe': 0.0}
> Epoch 74: took 14.4s (avg 14.5s) | Best so far: epoch 74	train_loss: 0.4151 train_mae: 0.4151	val_loss: 0.4253 val_mae: 0.4253	test_loss: 0.4627 test_mae: 0.4627
train: {'epoch': 75, 'time_epoch': 13.32388, 'eta': 4351.83338, 'eta_hours': 1.20884, 'loss': 0.39865025, 'lr': 0.00093301, 'params': 553882, 'time_iter': 0.08487, 'mae': 0.39865, 'r2': 0.86492, 'spearmanr': 0.9439, 'mse': 0.54617, 'rmse': 0.73903}
val: {'epoch': 75, 'time_epoch': 0.50961, 'loss': 0.43558114, 'lr': 0, 'params': 553882, 'time_iter': 0.03185, 'mae': 0.43558, 'r2': 0.69431, 'spearmanr': 0.93723, 'mse': 1.20403, 'rmse': 1.09728, 'loss_recon': 0.0, 'loss_recon_node': 0.0, 'loss_recon_edge': 0.0, 'loss_recon_tuple': 0.0, 'loss_recon_nodepe': 0.0, 'loss_recon_edgepe': 0.0}
test: {'epoch': 75, 'time_epoch': 0.50843, 'loss': 0.46619389, 'lr': 0, 'params': 553882, 'time_iter': 0.03178, 'mae': 0.46619, 'r2': 0.72066, 'spearmanr': 0.92572, 'mse': 1.13644, 'rmse': 1.06604, 'loss_recon': 0.0, 'loss_recon_node': 0.0, 'loss_recon_edge': 0.0, 'loss_recon_tuple': 0.0, 'loss_recon_nodepe': 0.0, 'loss_recon_edgepe': 0.0}
> Epoch 75: took 14.4s (avg 14.5s) | Best so far: epoch 74	train_loss: 0.4151 train_mae: 0.4151	val_loss: 0.4253 val_mae: 0.4253	test_loss: 0.4627 test_mae: 0.4627
train: {'epoch': 76, 'time_epoch': 13.3301, 'eta': 4337.97606, 'eta_hours': 1.20499, 'loss': 0.48078729, 'lr': 0.00093098, 'params': 553882, 'time_iter': 0.08491, 'mae': 0.48079, 'r2': 0.80719, 'spearmanr': 0.92681, 'mse': 0.77961, 'rmse': 0.88295}
val: {'epoch': 76, 'time_epoch': 0.5096, 'loss': 0.48131792, 'lr': 0, 'params': 553882, 'time_iter': 0.03185, 'mae': 0.48132, 'r2': 0.69924, 'spearmanr': 0.93076, 'mse': 1.18462, 'rmse': 1.0884, 'loss_recon': 0.0, 'loss_recon_node': 0.0, 'loss_recon_edge': 0.0, 'loss_recon_tuple': 0.0, 'loss_recon_nodepe': 0.0, 'loss_recon_edgepe': 0.0}
test: {'epoch': 76, 'time_epoch': 0.50851, 'loss': 0.50931972, 'lr': 0, 'params': 553882, 'time_iter': 0.03178, 'mae': 0.50932, 'r2': 0.72601, 'spearmanr': 0.91595, 'mse': 1.11466, 'rmse': 1.05577, 'loss_recon': 0.0, 'loss_recon_node': 0.0, 'loss_recon_edge': 0.0, 'loss_recon_tuple': 0.0, 'loss_recon_nodepe': 0.0, 'loss_recon_edgepe': 0.0}
> Epoch 76: took 14.4s (avg 14.5s) | Best so far: epoch 74	train_loss: 0.4151 train_mae: 0.4151	val_loss: 0.4253 val_mae: 0.4253	test_loss: 0.4627 test_mae: 0.4627
train: {'epoch': 77, 'time_epoch': 13.31033, 'eta': 4324.05066, 'eta_hours': 1.20113, 'loss': 0.46236779, 'lr': 0.00092893, 'params': 553882, 'time_iter': 0.08478, 'mae': 0.46237, 'r2': 0.78562, 'spearmanr': 0.93452, 'mse': 0.86684, 'rmse': 0.93104}
val: {'epoch': 77, 'time_epoch': 0.5094, 'loss': 0.695922, 'lr': 0, 'params': 553882, 'time_iter': 0.03184, 'mae': 0.69592, 'r2': 0.6062, 'spearmanr': 0.92866, 'mse': 1.5511, 'rmse': 1.24543, 'loss_recon': 0.0, 'loss_recon_node': 0.0, 'loss_recon_edge': 0.0, 'loss_recon_tuple': 0.0, 'loss_recon_nodepe': 0.0, 'loss_recon_edgepe': 0.0}
test: {'epoch': 77, 'time_epoch': 0.50924, 'loss': 0.73272962, 'lr': 0, 'params': 553882, 'time_iter': 0.03183, 'mae': 0.73273, 'r2': 0.62094, 'spearmanr': 0.91635, 'mse': 1.54212, 'rmse': 1.24182, 'loss_recon': 0.0, 'loss_recon_node': 0.0, 'loss_recon_edge': 0.0, 'loss_recon_tuple': 0.0, 'loss_recon_nodepe': 0.0, 'loss_recon_edgepe': 0.0}
> Epoch 77: took 14.3s (avg 14.5s) | Best so far: epoch 74	train_loss: 0.4151 train_mae: 0.4151	val_loss: 0.4253 val_mae: 0.4253	test_loss: 0.4627 test_mae: 0.4627
train: {'epoch': 78, 'time_epoch': 13.31357, 'eta': 4310.15399, 'eta_hours': 1.19726, 'loss': 0.4824456, 'lr': 0.00092685, 'params': 553882, 'time_iter': 0.0848, 'mae': 0.48245, 'r2': 0.77036, 'spearmanr': 0.92895, 'mse': 0.92855, 'rmse': 0.96361}
val: {'epoch': 78, 'time_epoch': 0.50992, 'loss': 0.68155902, 'lr': 0, 'params': 553882, 'time_iter': 0.03187, 'mae': 0.68156, 'r2': 0.6773, 'spearmanr': 0.93134, 'mse': 1.27104, 'rmse': 1.1274, 'loss_recon': 0.0, 'loss_recon_node': 0.0, 'loss_recon_edge': 0.0, 'loss_recon_tuple': 0.0, 'loss_recon_nodepe': 0.0, 'loss_recon_edgepe': 0.0}
test: {'epoch': 78, 'time_epoch': 0.5084, 'loss': 0.71276034, 'lr': 0, 'params': 553882, 'time_iter': 0.03178, 'mae': 0.71276, 'r2': 0.72179, 'spearmanr': 0.91953, 'mse': 1.13183, 'rmse': 1.06388, 'loss_recon': 0.0, 'loss_recon_node': 0.0, 'loss_recon_edge': 0.0, 'loss_recon_tuple': 0.0, 'loss_recon_nodepe': 0.0, 'loss_recon_edgepe': 0.0}
> Epoch 78: took 14.3s (avg 14.5s) | Best so far: epoch 74	train_loss: 0.4151 train_mae: 0.4151	val_loss: 0.4253 val_mae: 0.4253	test_loss: 0.4627 test_mae: 0.4627
train: {'epoch': 79, 'time_epoch': 13.31054, 'eta': 4296.2598, 'eta_hours': 1.19341, 'loss': 0.42775628, 'lr': 0.00092473, 'params': 553882, 'time_iter': 0.08478, 'mae': 0.42776, 'r2': 0.79714, 'spearmanr': 0.94187, 'mse': 0.82023, 'rmse': 0.90567}
val: {'epoch': 79, 'time_epoch': 0.50874, 'loss': 0.51180548, 'lr': 0, 'params': 553882, 'time_iter': 0.0318, 'mae': 0.51181, 'r2': 0.68653, 'spearmanr': 0.92872, 'mse': 1.23466, 'rmse': 1.11115, 'loss_recon': 0.0, 'loss_recon_node': 0.0, 'loss_recon_edge': 0.0, 'loss_recon_tuple': 0.0, 'loss_recon_nodepe': 0.0, 'loss_recon_edgepe': 0.0}
test: {'epoch': 79, 'time_epoch': 0.50736, 'loss': 0.53007867, 'lr': 0, 'params': 553882, 'time_iter': 0.03171, 'mae': 0.53008, 'r2': 0.72863, 'spearmanr': 0.92225, 'mse': 1.10401, 'rmse': 1.05072, 'loss_recon': 0.0, 'loss_recon_node': 0.0, 'loss_recon_edge': 0.0, 'loss_recon_tuple': 0.0, 'loss_recon_nodepe': 0.0, 'loss_recon_edgepe': 0.0}
> Epoch 79: took 14.3s (avg 14.5s) | Best so far: epoch 74	train_loss: 0.4151 train_mae: 0.4151	val_loss: 0.4253 val_mae: 0.4253	test_loss: 0.4627 test_mae: 0.4627
train: {'epoch': 80, 'time_epoch': 13.32161, 'eta': 4282.42362, 'eta_hours': 1.18956, 'loss': 0.44985342, 'lr': 0.0009226, 'params': 553882, 'time_iter': 0.08485, 'mae': 0.44985, 'r2': 0.81461, 'spearmanr': 0.94001, 'mse': 0.74961, 'rmse': 0.8658}
val: {'epoch': 80, 'time_epoch': 0.51026, 'loss': 0.57333381, 'lr': 0, 'params': 553882, 'time_iter': 0.03189, 'mae': 0.57333, 'r2': 0.70848, 'spearmanr': 0.9383, 'mse': 1.14824, 'rmse': 1.07156, 'loss_recon': 0.0, 'loss_recon_node': 0.0, 'loss_recon_edge': 0.0, 'loss_recon_tuple': 0.0, 'loss_recon_nodepe': 0.0, 'loss_recon_edgepe': 0.0}
test: {'epoch': 80, 'time_epoch': 0.5096, 'loss': 0.60772342, 'lr': 0, 'params': 553882, 'time_iter': 0.03185, 'mae': 0.60772, 'r2': 0.74885, 'spearmanr': 0.92731, 'mse': 1.02177, 'rmse': 1.01083, 'loss_recon': 0.0, 'loss_recon_node': 0.0, 'loss_recon_edge': 0.0, 'loss_recon_tuple': 0.0, 'loss_recon_nodepe': 0.0, 'loss_recon_edgepe': 0.0}
> Epoch 80: took 14.4s (avg 14.5s) | Best so far: epoch 74	train_loss: 0.4151 train_mae: 0.4151	val_loss: 0.4253 val_mae: 0.4253	test_loss: 0.4627 test_mae: 0.4627
tensor([2, 1, 1, 1, 3, 1, 3, 1, 1, 2, 3, 1, 1, 2, 5, 1, 1, 1, 1, 5],
       device='cuda:0')
tensor([[-0.1205,  0.1898,  0.1261, -0.1037],
        [-0.1205,  0.1898,  0.1261, -0.1037],
        [-0.1205,  0.1898,  0.1261, -0.1037],
        [-0.1205,  0.1898,  0.1261, -0.1037],
        [-0.1205,  0.1898,  0.1261, -0.1037],
        [-0.1205,  0.1898,  0.1261, -0.1037],
        [-0.1205,  0.1898,  0.1261, -0.1037],
        [-0.1205,  0.1898,  0.1261, -0.1037],
        [-0.1205,  0.1898,  0.1261, -0.1037],
        [-0.1205,  0.1898,  0.1261, -0.1037],
        [-0.1205,  0.1898,  0.1261, -0.1037],
        [-0.1205,  0.1898,  0.1261, -0.1037],
        [-0.1205,  0.1898,  0.1261, -0.1037],
        [-0.1205,  0.1898,  0.1261, -0.1037],
        [-0.1205,  0.1898,  0.1261, -0.1037],
        [-0.1205,  0.1898,  0.1261, -0.1037],
        [-0.1205,  0.1898,  0.1261, -0.1037],
        [-0.1205,  0.1898,  0.1261, -0.1037],
        [-0.1205,  0.1898,  0.1261, -0.1037],
        [-0.1205,  0.1898,  0.1261, -0.1037]], device='cuda:0',
       grad_fn=<SliceBackward0>)
tensor([8, 2, 0, 0, 0, 0, 0, 0, 0, 0, 0, 0, 0, 0, 0, 0, 0, 0, 0, 0],
       device='cuda:0')
tensor([[ 0.2766, -0.0398, -0.0464,  0.0840],
        [ 0.2766, -0.0398, -0.0464,  0.0840],
        [ 0.2766, -0.0398, -0.0464,  0.0840],
        [ 0.2766, -0.0398, -0.0464,  0.0840],
        [ 0.2345, -0.0860,  0.0110,  0.0360],
        [ 0.2766, -0.0398, -0.0464,  0.0840],
        [ 0.2766, -0.0398, -0.0464,  0.0840],
        [ 0.2766, -0.0398, -0.0464,  0.0840],
        [ 0.2766, -0.0398, -0.0464,  0.0840],
        [ 0.2766, -0.0398, -0.0464,  0.0840],
        [ 0.2711, -0.0459, -0.0389,  0.0776],
        [ 0.2766, -0.0398, -0.0464,  0.0840],
        [ 0.2766, -0.0398, -0.0464,  0.0840],
        [ 0.2766, -0.0398, -0.0464,  0.0840],
        [ 0.2766, -0.0398, -0.0464,  0.0840],
        [ 0.2766, -0.0398, -0.0464,  0.0840],
        [ 0.2766, -0.0398, -0.0464,  0.0840],
        [ 0.2766, -0.0398, -0.0464,  0.0840],
        [ 0.2766, -0.0398, -0.0464,  0.0840],
        [ 0.2766, -0.0398, -0.0464,  0.0840]], device='cuda:0',
       grad_fn=<SliceBackward0>)
train: {'epoch': 81, 'time_epoch': 13.33666, 'eta': 4268.65834, 'eta_hours': 1.18574, 'loss': 0.48185733, 'lr': 0.00092043, 'params': 553882, 'time_iter': 0.08495, 'mae': 0.48186, 'r2': 0.78396, 'spearmanr': 0.93416, 'mse': 0.87354, 'rmse': 0.93463}
val: {'epoch': 81, 'time_epoch': 0.50942, 'loss': 0.73327911, 'lr': 0, 'params': 553882, 'time_iter': 0.03184, 'mae': 0.73328, 'r2': 0.6674, 'spearmanr': 0.93377, 'mse': 1.31002, 'rmse': 1.14456, 'loss_recon': 0.0, 'loss_recon_node': 0.0, 'loss_recon_edge': 0.0, 'loss_recon_tuple': 0.0, 'loss_recon_nodepe': 0.0, 'loss_recon_edgepe': 0.0}
test: {'epoch': 81, 'time_epoch': 0.5092, 'loss': 0.76155964, 'lr': 0, 'params': 553882, 'time_iter': 0.03183, 'mae': 0.76156, 'r2': 0.71639, 'spearmanr': 0.92023, 'mse': 1.15382, 'rmse': 1.07416, 'loss_recon': 0.0, 'loss_recon_node': 0.0, 'loss_recon_edge': 0.0, 'loss_recon_tuple': 0.0, 'loss_recon_nodepe': 0.0, 'loss_recon_edgepe': 0.0}
> Epoch 81: took 14.4s (avg 14.5s) | Best so far: epoch 74	train_loss: 0.4151 train_mae: 0.4151	val_loss: 0.4253 val_mae: 0.4253	test_loss: 0.4627 test_mae: 0.4627
train: {'epoch': 82, 'time_epoch': 13.30677, 'eta': 4254.78924, 'eta_hours': 1.18189, 'loss': 0.49429977, 'lr': 0.00091824, 'params': 553882, 'time_iter': 0.08476, 'mae': 0.4943, 'r2': 0.79588, 'spearmanr': 0.92849, 'mse': 0.82536, 'rmse': 0.90849}
val: {'epoch': 82, 'time_epoch': 0.50893, 'loss': 0.54337396, 'lr': 0, 'params': 553882, 'time_iter': 0.03181, 'mae': 0.54337, 'r2': 0.71111, 'spearmanr': 0.92994, 'mse': 1.13787, 'rmse': 1.06671, 'loss_recon': 0.0, 'loss_recon_node': 0.0, 'loss_recon_edge': 0.0, 'loss_recon_tuple': 0.0, 'loss_recon_nodepe': 0.0, 'loss_recon_edgepe': 0.0}
test: {'epoch': 82, 'time_epoch': 0.50848, 'loss': 0.56957657, 'lr': 0, 'params': 553882, 'time_iter': 0.03178, 'mae': 0.56958, 'r2': 0.75108, 'spearmanr': 0.91953, 'mse': 1.01267, 'rmse': 1.00631, 'loss_recon': 0.0, 'loss_recon_node': 0.0, 'loss_recon_edge': 0.0, 'loss_recon_tuple': 0.0, 'loss_recon_nodepe': 0.0, 'loss_recon_edgepe': 0.0}
> Epoch 82: took 14.3s (avg 14.5s) | Best so far: epoch 74	train_loss: 0.4151 train_mae: 0.4151	val_loss: 0.4253 val_mae: 0.4253	test_loss: 0.4627 test_mae: 0.4627
train: {'epoch': 83, 'time_epoch': 13.31083, 'eta': 4240.94881, 'eta_hours': 1.17804, 'loss': 0.43391577, 'lr': 0.00091601, 'params': 553882, 'time_iter': 0.08478, 'mae': 0.43392, 'r2': 0.79569, 'spearmanr': 0.94072, 'mse': 0.82613, 'rmse': 0.90891}
val: {'epoch': 83, 'time_epoch': 0.50853, 'loss': 0.53421243, 'lr': 0, 'params': 553882, 'time_iter': 0.03178, 'mae': 0.53421, 'r2': 0.7126, 'spearmanr': 0.93505, 'mse': 1.132, 'rmse': 1.06396, 'loss_recon': 0.0, 'loss_recon_node': 0.0, 'loss_recon_edge': 0.0, 'loss_recon_tuple': 0.0, 'loss_recon_nodepe': 0.0, 'loss_recon_edgepe': 0.0}
test: {'epoch': 83, 'time_epoch': 0.50866, 'loss': 0.57009862, 'lr': 0, 'params': 553882, 'time_iter': 0.03179, 'mae': 0.5701, 'r2': 0.74755, 'spearmanr': 0.92314, 'mse': 1.02702, 'rmse': 1.01342, 'loss_recon': 0.0, 'loss_recon_node': 0.0, 'loss_recon_edge': 0.0, 'loss_recon_tuple': 0.0, 'loss_recon_nodepe': 0.0, 'loss_recon_edgepe': 0.0}
> Epoch 83: took 14.3s (avg 14.5s) | Best so far: epoch 74	train_loss: 0.4151 train_mae: 0.4151	val_loss: 0.4253 val_mae: 0.4253	test_loss: 0.4627 test_mae: 0.4627
train: {'epoch': 84, 'time_epoch': 13.30157, 'eta': 4227.08654, 'eta_hours': 1.17419, 'loss': 0.4079394, 'lr': 0.00091377, 'params': 553882, 'time_iter': 0.08472, 'mae': 0.40794, 'r2': 0.86168, 'spearmanr': 0.94692, 'mse': 0.55928, 'rmse': 0.74785}
val: {'epoch': 84, 'time_epoch': 0.50833, 'loss': 0.47930134, 'lr': 0, 'params': 553882, 'time_iter': 0.03177, 'mae': 0.4793, 'r2': 0.71691, 'spearmanr': 0.93348, 'mse': 1.11502, 'rmse': 1.05595, 'loss_recon': 0.0, 'loss_recon_node': 0.0, 'loss_recon_edge': 0.0, 'loss_recon_tuple': 0.0, 'loss_recon_nodepe': 0.0, 'loss_recon_edgepe': 0.0}
test: {'epoch': 84, 'time_epoch': 0.50943, 'loss': 0.52883747, 'lr': 0, 'params': 553882, 'time_iter': 0.03184, 'mae': 0.52884, 'r2': 0.74223, 'spearmanr': 0.91841, 'mse': 1.0487, 'rmse': 1.02406, 'loss_recon': 0.0, 'loss_recon_node': 0.0, 'loss_recon_edge': 0.0, 'loss_recon_tuple': 0.0, 'loss_recon_nodepe': 0.0, 'loss_recon_edgepe': 0.0}
> Epoch 84: took 14.3s (avg 14.5s) | Best so far: epoch 74	train_loss: 0.4151 train_mae: 0.4151	val_loss: 0.4253 val_mae: 0.4253	test_loss: 0.4627 test_mae: 0.4627
train: {'epoch': 85, 'time_epoch': 13.30834, 'eta': 4213.26201, 'eta_hours': 1.17035, 'loss': 0.3904898, 'lr': 0.00091149, 'params': 553882, 'time_iter': 0.08477, 'mae': 0.39049, 'r2': 0.81045, 'spearmanr': 0.95062, 'mse': 0.76643, 'rmse': 0.87546}
val: {'epoch': 85, 'time_epoch': 0.50919, 'loss': 0.51229931, 'lr': 0, 'params': 553882, 'time_iter': 0.03182, 'mae': 0.5123, 'r2': 0.71046, 'spearmanr': 0.92576, 'mse': 1.14042, 'rmse': 1.06791, 'loss_recon': 0.0, 'loss_recon_node': 0.0, 'loss_recon_edge': 0.0, 'loss_recon_tuple': 0.0, 'loss_recon_nodepe': 0.0, 'loss_recon_edgepe': 0.0}
test: {'epoch': 85, 'time_epoch': 0.50839, 'loss': 0.52358183, 'lr': 0, 'params': 553882, 'time_iter': 0.03177, 'mae': 0.52358, 'r2': 0.75633, 'spearmanr': 0.9203, 'mse': 0.99133, 'rmse': 0.99566, 'loss_recon': 0.0, 'loss_recon_node': 0.0, 'loss_recon_edge': 0.0, 'loss_recon_tuple': 0.0, 'loss_recon_nodepe': 0.0, 'loss_recon_edgepe': 0.0}
> Epoch 85: took 14.3s (avg 14.5s) | Best so far: epoch 74	train_loss: 0.4151 train_mae: 0.4151	val_loss: 0.4253 val_mae: 0.4253	test_loss: 0.4627 test_mae: 0.4627
train: {'epoch': 86, 'time_epoch': 13.31891, 'eta': 4199.48736, 'eta_hours': 1.16652, 'loss': 0.38907296, 'lr': 0.00090919, 'params': 553882, 'time_iter': 0.08483, 'mae': 0.38907, 'r2': 0.79561, 'spearmanr': 0.95018, 'mse': 0.82645, 'rmse': 0.90909}
val: {'epoch': 86, 'time_epoch': 0.5093, 'loss': 0.49330133, 'lr': 0, 'params': 553882, 'time_iter': 0.03183, 'mae': 0.4933, 'r2': 0.69744, 'spearmanr': 0.93573, 'mse': 1.19171, 'rmse': 1.09165, 'loss_recon': 0.0, 'loss_recon_node': 0.0, 'loss_recon_edge': 0.0, 'loss_recon_tuple': 0.0, 'loss_recon_nodepe': 0.0, 'loss_recon_edgepe': 0.0}
test: {'epoch': 86, 'time_epoch': 0.50949, 'loss': 0.52833725, 'lr': 0, 'params': 553882, 'time_iter': 0.03184, 'mae': 0.52834, 'r2': 0.72721, 'spearmanr': 0.92608, 'mse': 1.10981, 'rmse': 1.05347, 'loss_recon': 0.0, 'loss_recon_node': 0.0, 'loss_recon_edge': 0.0, 'loss_recon_tuple': 0.0, 'loss_recon_nodepe': 0.0, 'loss_recon_edgepe': 0.0}
> Epoch 86: took 14.4s (avg 14.5s) | Best so far: epoch 74	train_loss: 0.4151 train_mae: 0.4151	val_loss: 0.4253 val_mae: 0.4253	test_loss: 0.4627 test_mae: 0.4627
train: {'epoch': 87, 'time_epoch': 13.30361, 'eta': 4185.66882, 'eta_hours': 1.16269, 'loss': 0.43463945, 'lr': 0.00090686, 'params': 553882, 'time_iter': 0.08474, 'mae': 0.43464, 'r2': 0.84164, 'spearmanr': 0.94093, 'mse': 0.6403, 'rmse': 0.80018}
val: {'epoch': 87, 'time_epoch': 0.50934, 'loss': 0.85670143, 'lr': 0, 'params': 553882, 'time_iter': 0.03183, 'mae': 0.8567, 'r2': 0.6276, 'spearmanr': 0.9333, 'mse': 1.46677, 'rmse': 1.2111, 'loss_recon': 0.0, 'loss_recon_node': 0.0, 'loss_recon_edge': 0.0, 'loss_recon_tuple': 0.0, 'loss_recon_nodepe': 0.0, 'loss_recon_edgepe': 0.0}
test: {'epoch': 87, 'time_epoch': 0.50837, 'loss': 0.89202811, 'lr': 0, 'params': 553882, 'time_iter': 0.03177, 'mae': 0.89203, 'r2': 0.67967, 'spearmanr': 0.92266, 'mse': 1.30321, 'rmse': 1.14158, 'loss_recon': 0.0, 'loss_recon_node': 0.0, 'loss_recon_edge': 0.0, 'loss_recon_tuple': 0.0, 'loss_recon_nodepe': 0.0, 'loss_recon_edgepe': 0.0}
> Epoch 87: took 14.3s (avg 14.5s) | Best so far: epoch 74	train_loss: 0.4151 train_mae: 0.4151	val_loss: 0.4253 val_mae: 0.4253	test_loss: 0.4627 test_mae: 0.4627
train: {'epoch': 88, 'time_epoch': 13.30472, 'eta': 4171.86573, 'eta_hours': 1.15885, 'loss': 0.392973, 'lr': 0.00090451, 'params': 553882, 'time_iter': 0.08474, 'mae': 0.39297, 'r2': 0.80216, 'spearmanr': 0.94974, 'mse': 0.79996, 'rmse': 0.89441}
val: {'epoch': 88, 'time_epoch': 0.5078, 'loss': 0.47603056, 'lr': 0, 'params': 553882, 'time_iter': 0.03174, 'mae': 0.47603, 'r2': 0.69391, 'spearmanr': 0.93275, 'mse': 1.20563, 'rmse': 1.09801, 'loss_recon': 0.0, 'loss_recon_node': 0.0, 'loss_recon_edge': 0.0, 'loss_recon_tuple': 0.0, 'loss_recon_nodepe': 0.0, 'loss_recon_edgepe': 0.0}
test: {'epoch': 88, 'time_epoch': 0.50783, 'loss': 0.50385235, 'lr': 0, 'params': 553882, 'time_iter': 0.03174, 'mae': 0.50385, 'r2': 0.72536, 'spearmanr': 0.92274, 'mse': 1.11731, 'rmse': 1.05703, 'loss_recon': 0.0, 'loss_recon_node': 0.0, 'loss_recon_edge': 0.0, 'loss_recon_tuple': 0.0, 'loss_recon_nodepe': 0.0, 'loss_recon_edgepe': 0.0}
> Epoch 88: took 14.3s (avg 14.5s) | Best so far: epoch 74	train_loss: 0.4151 train_mae: 0.4151	val_loss: 0.4253 val_mae: 0.4253	test_loss: 0.4627 test_mae: 0.4627
train: {'epoch': 89, 'time_epoch': 13.29806, 'eta': 4158.05078, 'eta_hours': 1.15501, 'loss': 0.3619612, 'lr': 0.00090213, 'params': 553882, 'time_iter': 0.0847, 'mae': 0.36196, 'r2': 0.87068, 'spearmanr': 0.9542, 'mse': 0.52287, 'rmse': 0.7231}
val: {'epoch': 89, 'time_epoch': 0.50808, 'loss': 0.51122607, 'lr': 0, 'params': 553882, 'time_iter': 0.03175, 'mae': 0.51123, 'r2': 0.70147, 'spearmanr': 0.93158, 'mse': 1.17584, 'rmse': 1.08436, 'loss_recon': 0.0, 'loss_recon_node': 0.0, 'loss_recon_edge': 0.0, 'loss_recon_tuple': 0.0, 'loss_recon_nodepe': 0.0, 'loss_recon_edgepe': 0.0}
test: {'epoch': 89, 'time_epoch': 0.50826, 'loss': 0.54099614, 'lr': 0, 'params': 553882, 'time_iter': 0.03177, 'mae': 0.541, 'r2': 0.73256, 'spearmanr': 0.91902, 'mse': 1.08802, 'rmse': 1.04308, 'loss_recon': 0.0, 'loss_recon_node': 0.0, 'loss_recon_edge': 0.0, 'loss_recon_tuple': 0.0, 'loss_recon_nodepe': 0.0, 'loss_recon_edgepe': 0.0}
> Epoch 89: took 14.3s (avg 14.5s) | Best so far: epoch 74	train_loss: 0.4151 train_mae: 0.4151	val_loss: 0.4253 val_mae: 0.4253	test_loss: 0.4627 test_mae: 0.4627
tensor([1, 2, 1, 1, 1, 1, 1, 1, 1, 6, 1, 3, 1, 1, 1, 1, 1, 1, 1, 1],
       device='cuda:0')
tensor([[-0.1267,  0.1881,  0.1234, -0.1009],
        [-0.1267,  0.1881,  0.1234, -0.1009],
        [-0.1267,  0.1881,  0.1234, -0.1009],
        [-0.1267,  0.1881,  0.1234, -0.1009],
        [-0.1267,  0.1881,  0.1234, -0.1009],
        [-0.1267,  0.1881,  0.1234, -0.1009],
        [-0.1267,  0.1881,  0.1234, -0.1009],
        [-0.1267,  0.1881,  0.1234, -0.1009],
        [-0.1267,  0.1881,  0.1234, -0.1009],
        [-0.1267,  0.1881,  0.1234, -0.1009],
        [-0.1267,  0.1881,  0.1234, -0.1009],
        [-0.1267,  0.1881,  0.1234, -0.1009],
        [-0.1267,  0.1881,  0.1234, -0.1009],
        [-0.1267,  0.1881,  0.1234, -0.1009],
        [-0.1267,  0.1881,  0.1234, -0.1009],
        [-0.1267,  0.1881,  0.1234, -0.1009],
        [-0.1267,  0.1881,  0.1234, -0.1009],
        [-0.1267,  0.1881,  0.1234, -0.1009],
        [-0.1267,  0.1881,  0.1234, -0.1009],
        [-0.1267,  0.1881,  0.1234, -0.1009]], device='cuda:0',
       grad_fn=<SliceBackward0>)
tensor([8, 1, 0, 0, 0, 0, 0, 0, 0, 0, 0, 0, 0, 0, 0, 0, 0, 0, 0, 0],
       device='cuda:0')
tensor([[-0.2565, -0.3420, -0.2229, -0.0494],
        [ 0.2720, -0.0390, -0.0466,  0.0844],
        [ 0.2684, -0.0687, -0.0601,  0.0816],
        [ 0.2720, -0.0390, -0.0466,  0.0844],
        [ 0.2715, -0.0387, -0.0470,  0.0841],
        [ 0.2720, -0.0390, -0.0466,  0.0844],
        [ 0.2715, -0.0429, -0.0484,  0.0840],
        [ 0.2720, -0.0390, -0.0466,  0.0844],
        [ 0.2720, -0.0390, -0.0466,  0.0844],
        [ 0.2720, -0.0389, -0.0467,  0.0844],
        [ 0.2720, -0.0390, -0.0466,  0.0844],
        [ 0.2720, -0.0390, -0.0466,  0.0844],
        [ 0.2720, -0.0390, -0.0466,  0.0844],
        [ 0.2720, -0.0390, -0.0466,  0.0844],
        [ 0.2720, -0.0390, -0.0466,  0.0844],
        [ 0.2720, -0.0390, -0.0466,  0.0844],
        [ 0.2720, -0.0390, -0.0466,  0.0844],
        [ 0.2720, -0.0390, -0.0466,  0.0844],
        [ 0.2720, -0.0390, -0.0466,  0.0844],
        [ 0.2720, -0.0390, -0.0466,  0.0844]], device='cuda:0',
       grad_fn=<SliceBackward0>)
train: {'epoch': 90, 'time_epoch': 13.31366, 'eta': 4144.30015, 'eta_hours': 1.15119, 'loss': 0.40521159, 'lr': 0.00089972, 'params': 553882, 'time_iter': 0.0848, 'mae': 0.40521, 'r2': 0.8208, 'spearmanr': 0.95003, 'mse': 0.72456, 'rmse': 0.85121}
val: {'epoch': 90, 'time_epoch': 0.50888, 'loss': 0.5144468, 'lr': 0, 'params': 553882, 'time_iter': 0.0318, 'mae': 0.51445, 'r2': 0.67172, 'spearmanr': 0.93534, 'mse': 1.29303, 'rmse': 1.13712, 'loss_recon': 0.0, 'loss_recon_node': 0.0, 'loss_recon_edge': 0.0, 'loss_recon_tuple': 0.0, 'loss_recon_nodepe': 0.0, 'loss_recon_edgepe': 0.0}
test: {'epoch': 90, 'time_epoch': 0.50776, 'loss': 0.55551091, 'lr': 0, 'params': 553882, 'time_iter': 0.03174, 'mae': 0.55551, 'r2': 0.69102, 'spearmanr': 0.92116, 'mse': 1.25703, 'rmse': 1.12117, 'loss_recon': 0.0, 'loss_recon_node': 0.0, 'loss_recon_edge': 0.0, 'loss_recon_tuple': 0.0, 'loss_recon_nodepe': 0.0, 'loss_recon_edgepe': 0.0}
> Epoch 90: took 14.3s (avg 14.5s) | Best so far: epoch 74	train_loss: 0.4151 train_mae: 0.4151	val_loss: 0.4253 val_mae: 0.4253	test_loss: 0.4627 test_mae: 0.4627
train: {'epoch': 91, 'time_epoch': 13.32327, 'eta': 4130.59121, 'eta_hours': 1.14739, 'loss': 0.42798059, 'lr': 0.00089729, 'params': 553882, 'time_iter': 0.08486, 'mae': 0.42798, 'r2': 0.82335, 'spearmanr': 0.9422, 'mse': 0.71426, 'rmse': 0.84514}
val: {'epoch': 91, 'time_epoch': 0.50872, 'loss': 0.56801498, 'lr': 0, 'params': 553882, 'time_iter': 0.0318, 'mae': 0.56801, 'r2': 0.70033, 'spearmanr': 0.92981, 'mse': 1.18031, 'rmse': 1.08642, 'loss_recon': 0.0, 'loss_recon_node': 0.0, 'loss_recon_edge': 0.0, 'loss_recon_tuple': 0.0, 'loss_recon_nodepe': 0.0, 'loss_recon_edgepe': 0.0}
test: {'epoch': 91, 'time_epoch': 0.50945, 'loss': 0.61113115, 'lr': 0, 'params': 553882, 'time_iter': 0.03184, 'mae': 0.61113, 'r2': 0.72883, 'spearmanr': 0.91649, 'mse': 1.10319, 'rmse': 1.05033, 'loss_recon': 0.0, 'loss_recon_node': 0.0, 'loss_recon_edge': 0.0, 'loss_recon_tuple': 0.0, 'loss_recon_nodepe': 0.0, 'loss_recon_edgepe': 0.0}
> Epoch 91: took 14.4s (avg 14.5s) | Best so far: epoch 74	train_loss: 0.4151 train_mae: 0.4151	val_loss: 0.4253 val_mae: 0.4253	test_loss: 0.4627 test_mae: 0.4627
train: {'epoch': 92, 'time_epoch': 13.30822, 'eta': 4116.84089, 'eta_hours': 1.14357, 'loss': 0.44811226, 'lr': 0.00089483, 'params': 553882, 'time_iter': 0.08477, 'mae': 0.44811, 'r2': 0.78828, 'spearmanr': 0.93965, 'mse': 0.85608, 'rmse': 0.92525}
val: {'epoch': 92, 'time_epoch': 0.50873, 'loss': 0.6867549, 'lr': 0, 'params': 553882, 'time_iter': 0.0318, 'mae': 0.68675, 'r2': 0.68, 'spearmanr': 0.93435, 'mse': 1.2604, 'rmse': 1.12267, 'loss_recon': 0.0, 'loss_recon_node': 0.0, 'loss_recon_edge': 0.0, 'loss_recon_tuple': 0.0, 'loss_recon_nodepe': 0.0, 'loss_recon_edgepe': 0.0}
test: {'epoch': 92, 'time_epoch': 0.50997, 'loss': 0.72521434, 'lr': 0, 'params': 553882, 'time_iter': 0.03187, 'mae': 0.72521, 'r2': 0.71175, 'spearmanr': 0.91741, 'mse': 1.1727, 'rmse': 1.08291, 'loss_recon': 0.0, 'loss_recon_node': 0.0, 'loss_recon_edge': 0.0, 'loss_recon_tuple': 0.0, 'loss_recon_nodepe': 0.0, 'loss_recon_edgepe': 0.0}
> Epoch 92: took 14.3s (avg 14.5s) | Best so far: epoch 74	train_loss: 0.4151 train_mae: 0.4151	val_loss: 0.4253 val_mae: 0.4253	test_loss: 0.4627 test_mae: 0.4627
train: {'epoch': 93, 'time_epoch': 13.50781, 'eta': 4103.74969, 'eta_hours': 1.13993, 'loss': 0.41213894, 'lr': 0.00089235, 'params': 553882, 'time_iter': 0.08604, 'mae': 0.41214, 'r2': 0.8379, 'spearmanr': 0.94607, 'mse': 0.65543, 'rmse': 0.80959}
val: {'epoch': 93, 'time_epoch': 0.50955, 'loss': 0.41847172, 'lr': 0, 'params': 553882, 'time_iter': 0.03185, 'mae': 0.41847, 'r2': 0.71945, 'spearmanr': 0.93764, 'mse': 1.10501, 'rmse': 1.0512, 'loss_recon': 0.0, 'loss_recon_node': 0.0, 'loss_recon_edge': 0.0, 'loss_recon_tuple': 0.0, 'loss_recon_nodepe': 0.0, 'loss_recon_edgepe': 0.0}
test: {'epoch': 93, 'time_epoch': 0.5086, 'loss': 0.458279, 'lr': 0, 'params': 553882, 'time_iter': 0.03179, 'mae': 0.45828, 'r2': 0.74563, 'spearmanr': 0.92616, 'mse': 1.03484, 'rmse': 1.01727, 'loss_recon': 0.0, 'loss_recon_node': 0.0, 'loss_recon_edge': 0.0, 'loss_recon_tuple': 0.0, 'loss_recon_nodepe': 0.0, 'loss_recon_edgepe': 0.0}
> Epoch 93: took 14.5s (avg 14.5s) | Best so far: epoch 93	train_loss: 0.4121 train_mae: 0.4121	val_loss: 0.4185 val_mae: 0.4185	test_loss: 0.4583 test_mae: 0.4583
train: {'epoch': 94, 'time_epoch': 13.29724, 'eta': 4089.97368, 'eta_hours': 1.1361, 'loss': 0.39070843, 'lr': 0.00088984, 'params': 553882, 'time_iter': 0.0847, 'mae': 0.39071, 'r2': 0.8348, 'spearmanr': 0.94688, 'mse': 0.66796, 'rmse': 0.81729}
val: {'epoch': 94, 'time_epoch': 0.51291, 'loss': 0.43823859, 'lr': 0, 'params': 553882, 'time_iter': 0.03206, 'mae': 0.43824, 'r2': 0.70004, 'spearmanr': 0.93565, 'mse': 1.18147, 'rmse': 1.08696, 'loss_recon': 0.0, 'loss_recon_node': 0.0, 'loss_recon_edge': 0.0, 'loss_recon_tuple': 0.0, 'loss_recon_nodepe': 0.0, 'loss_recon_edgepe': 0.0}
test: {'epoch': 94, 'time_epoch': 0.51741, 'loss': 0.47302114, 'lr': 0, 'params': 553882, 'time_iter': 0.03234, 'mae': 0.47302, 'r2': 0.71766, 'spearmanr': 0.91914, 'mse': 1.14865, 'rmse': 1.07175, 'loss_recon': 0.0, 'loss_recon_node': 0.0, 'loss_recon_edge': 0.0, 'loss_recon_tuple': 0.0, 'loss_recon_nodepe': 0.0, 'loss_recon_edgepe': 0.0}
> Epoch 94: took 14.3s (avg 14.5s) | Best so far: epoch 93	train_loss: 0.4121 train_mae: 0.4121	val_loss: 0.4185 val_mae: 0.4185	test_loss: 0.4583 test_mae: 0.4583
train: {'epoch': 95, 'time_epoch': 13.30672, 'eta': 4076.23767, 'eta_hours': 1.13229, 'loss': 0.38020115, 'lr': 0.0008873, 'params': 553882, 'time_iter': 0.08476, 'mae': 0.3802, 'r2': 0.83041, 'spearmanr': 0.95248, 'mse': 0.6857, 'rmse': 0.82807}
val: {'epoch': 95, 'time_epoch': 0.50996, 'loss': 0.44465599, 'lr': 0, 'params': 553882, 'time_iter': 0.03187, 'mae': 0.44466, 'r2': 0.69029, 'spearmanr': 0.93558, 'mse': 1.21985, 'rmse': 1.10447, 'loss_recon': 0.0, 'loss_recon_node': 0.0, 'loss_recon_edge': 0.0, 'loss_recon_tuple': 0.0, 'loss_recon_nodepe': 0.0, 'loss_recon_edgepe': 0.0}
test: {'epoch': 95, 'time_epoch': 0.50894, 'loss': 0.46900346, 'lr': 0, 'params': 553882, 'time_iter': 0.03181, 'mae': 0.469, 'r2': 0.71184, 'spearmanr': 0.92223, 'mse': 1.17233, 'rmse': 1.08274, 'loss_recon': 0.0, 'loss_recon_node': 0.0, 'loss_recon_edge': 0.0, 'loss_recon_tuple': 0.0, 'loss_recon_nodepe': 0.0, 'loss_recon_edgepe': 0.0}
> Epoch 95: took 14.3s (avg 14.5s) | Best so far: epoch 93	train_loss: 0.4121 train_mae: 0.4121	val_loss: 0.4185 val_mae: 0.4185	test_loss: 0.4583 test_mae: 0.4583
train: {'epoch': 96, 'time_epoch': 13.30802, 'eta': 4062.51456, 'eta_hours': 1.12848, 'loss': 0.38207374, 'lr': 0.00088474, 'params': 553882, 'time_iter': 0.08476, 'mae': 0.38207, 'r2': 0.85074, 'spearmanr': 0.94919, 'mse': 0.60353, 'rmse': 0.77687}
val: {'epoch': 96, 'time_epoch': 0.50956, 'loss': 0.3960738, 'lr': 0, 'params': 553882, 'time_iter': 0.03185, 'mae': 0.39607, 'r2': 0.72559, 'spearmanr': 0.94059, 'mse': 1.08084, 'rmse': 1.03964, 'loss_recon': 0.0, 'loss_recon_node': 0.0, 'loss_recon_edge': 0.0, 'loss_recon_tuple': 0.0, 'loss_recon_nodepe': 0.0, 'loss_recon_edgepe': 0.0}
test: {'epoch': 96, 'time_epoch': 0.50874, 'loss': 0.42976798, 'lr': 0, 'params': 553882, 'time_iter': 0.0318, 'mae': 0.42977, 'r2': 0.75371, 'spearmanr': 0.92811, 'mse': 1.00196, 'rmse': 1.00098, 'loss_recon': 0.0, 'loss_recon_node': 0.0, 'loss_recon_edge': 0.0, 'loss_recon_tuple': 0.0, 'loss_recon_nodepe': 0.0, 'loss_recon_edgepe': 0.0}
> Epoch 96: took 14.3s (avg 14.5s) | Best so far: epoch 96	train_loss: 0.3821 train_mae: 0.3821	val_loss: 0.3961 val_mae: 0.3961	test_loss: 0.4298 test_mae: 0.4298
train: {'epoch': 97, 'time_epoch': 13.31667, 'eta': 4048.82658, 'eta_hours': 1.12467, 'loss': 0.40833987, 'lr': 0.00088216, 'params': 553882, 'time_iter': 0.08482, 'mae': 0.40834, 'r2': 0.84015, 'spearmanr': 0.94422, 'mse': 0.64634, 'rmse': 0.80395}
val: {'epoch': 97, 'time_epoch': 0.50982, 'loss': 0.40023772, 'lr': 0, 'params': 553882, 'time_iter': 0.03186, 'mae': 0.40024, 'r2': 0.7107, 'spearmanr': 0.93854, 'mse': 1.13947, 'rmse': 1.06746, 'loss_recon': 0.0, 'loss_recon_node': 0.0, 'loss_recon_edge': 0.0, 'loss_recon_tuple': 0.0, 'loss_recon_nodepe': 0.0, 'loss_recon_edgepe': 0.0}
test: {'epoch': 97, 'time_epoch': 0.51025, 'loss': 0.43164802, 'lr': 0, 'params': 553882, 'time_iter': 0.03189, 'mae': 0.43165, 'r2': 0.7381, 'spearmanr': 0.92747, 'mse': 1.06548, 'rmse': 1.03222, 'loss_recon': 0.0, 'loss_recon_node': 0.0, 'loss_recon_edge': 0.0, 'loss_recon_tuple': 0.0, 'loss_recon_nodepe': 0.0, 'loss_recon_edgepe': 0.0}
> Epoch 97: took 14.4s (avg 14.4s) | Best so far: epoch 96	train_loss: 0.3821 train_mae: 0.3821	val_loss: 0.3961 val_mae: 0.3961	test_loss: 0.4298 test_mae: 0.4298
train: {'epoch': 98, 'time_epoch': 13.30176, 'eta': 4035.10079, 'eta_hours': 1.12086, 'loss': 0.38671734, 'lr': 0.00087955, 'params': 553882, 'time_iter': 0.08472, 'mae': 0.38672, 'r2': 0.85584, 'spearmanr': 0.95004, 'mse': 0.5829, 'rmse': 0.76348}
val: {'epoch': 98, 'time_epoch': 0.51159, 'loss': 0.48546617, 'lr': 0, 'params': 553882, 'time_iter': 0.03197, 'mae': 0.48547, 'r2': 0.67159, 'spearmanr': 0.93338, 'mse': 1.29353, 'rmse': 1.13733, 'loss_recon': 0.0, 'loss_recon_node': 0.0, 'loss_recon_edge': 0.0, 'loss_recon_tuple': 0.0, 'loss_recon_nodepe': 0.0, 'loss_recon_edgepe': 0.0}
test: {'epoch': 98, 'time_epoch': 0.5091, 'loss': 0.51335698, 'lr': 0, 'params': 553882, 'time_iter': 0.03182, 'mae': 0.51336, 'r2': 0.69464, 'spearmanr': 0.92028, 'mse': 1.24228, 'rmse': 1.11457, 'loss_recon': 0.0, 'loss_recon_node': 0.0, 'loss_recon_edge': 0.0, 'loss_recon_tuple': 0.0, 'loss_recon_nodepe': 0.0, 'loss_recon_edgepe': 0.0}
> Epoch 98: took 14.3s (avg 14.4s) | Best so far: epoch 96	train_loss: 0.3821 train_mae: 0.3821	val_loss: 0.3961 val_mae: 0.3961	test_loss: 0.4298 test_mae: 0.4298
tensor([ 1,  1,  1, 12,  5,  1,  1,  1,  6,  1,  1,  3,  5,  1,  1,  1,  1,  1,
         1,  3], device='cuda:0')
tensor([[-0.1609,  0.2146,  0.1241, -0.1076],
        [-0.1290,  0.1900,  0.1247, -0.1021],
        [-0.1290,  0.1900,  0.1247, -0.1021],
        [-0.1290,  0.1900,  0.1247, -0.1021],
        [-0.1290,  0.1900,  0.1247, -0.1021],
        [-0.1290,  0.1900,  0.1247, -0.1021],
        [-0.1566,  0.2113,  0.1241, -0.1068],
        [-0.1514,  0.2073,  0.1242, -0.1060],
        [-0.1508,  0.2069,  0.1243, -0.1058],
        [-0.1838,  0.2323,  0.1236, -0.1116],
        [-0.1509,  0.2069,  0.1243, -0.1059],
        [-0.1834,  0.2320,  0.1236, -0.1115],
        [-0.1290,  0.1900,  0.1247, -0.1021],
        [-0.1290,  0.1900,  0.1247, -0.1021],
        [-0.1311,  0.1917,  0.1247, -0.1024],
        [-0.1561,  0.2109,  0.1242, -0.1068],
        [-0.1531,  0.2086,  0.1242, -0.1062],
        [-0.1544,  0.2096,  0.1242, -0.1065],
        [-0.1596,  0.2136,  0.1241, -0.1074],
        [-0.1835,  0.2320,  0.1236, -0.1115]], device='cuda:0',
       grad_fn=<SliceBackward0>)
tensor([8, 1, 0, 0, 0, 0, 0, 0, 0, 0, 0, 0, 0, 0, 0, 0, 0, 0, 0, 0],
       device='cuda:0')
tensor([[-0.2994, -0.3618, -0.2273, -0.0552],
        [ 0.2678, -0.0381, -0.0465,  0.0846],
        [ 0.0948, -0.0120, -0.1744, -0.0080],
        [ 0.2678, -0.0381, -0.0465,  0.0846],
        [ 0.2571, -0.0449, -0.0573,  0.0785],
        [ 0.2678, -0.0381, -0.0465,  0.0846],
        [ 0.2678, -0.0381, -0.0465,  0.0846],
        [ 0.2678, -0.0381, -0.0465,  0.0846],
        [ 0.2678, -0.0381, -0.0465,  0.0846],
        [ 0.2678, -0.0381, -0.0465,  0.0846],
        [ 0.2678, -0.0381, -0.0465,  0.0846],
        [ 0.2678, -0.0381, -0.0465,  0.0846],
        [ 0.2678, -0.0381, -0.0465,  0.0846],
        [ 0.2678, -0.0381, -0.0465,  0.0846],
        [ 0.2678, -0.0381, -0.0465,  0.0846],
        [ 0.2678, -0.0381, -0.0465,  0.0846],
        [ 0.2678, -0.0381, -0.0465,  0.0846],
        [ 0.2678, -0.0381, -0.0465,  0.0846],
        [ 0.2678, -0.0381, -0.0465,  0.0846],
        [ 0.2678, -0.0381, -0.0465,  0.0846]], device='cuda:0',
       grad_fn=<SliceBackward0>)
train: {'epoch': 99, 'time_epoch': 13.31057, 'eta': 4021.40991, 'eta_hours': 1.11706, 'loss': 0.40918573, 'lr': 0.00087691, 'params': 553882, 'time_iter': 0.08478, 'mae': 0.40919, 'r2': 0.83892, 'spearmanr': 0.94397, 'mse': 0.65133, 'rmse': 0.80705}
val: {'epoch': 99, 'time_epoch': 0.50845, 'loss': 0.54582228, 'lr': 0, 'params': 553882, 'time_iter': 0.03178, 'mae': 0.54582, 'r2': 0.714, 'spearmanr': 0.93425, 'mse': 1.12648, 'rmse': 1.06136, 'loss_recon': 0.0, 'loss_recon_node': 0.0, 'loss_recon_edge': 0.0, 'loss_recon_tuple': 0.0, 'loss_recon_nodepe': 0.0, 'loss_recon_edgepe': 0.0}
test: {'epoch': 99, 'time_epoch': 0.50896, 'loss': 0.57381409, 'lr': 0, 'params': 553882, 'time_iter': 0.03181, 'mae': 0.57381, 'r2': 0.74605, 'spearmanr': 0.91979, 'mse': 1.03313, 'rmse': 1.01643, 'loss_recon': 0.0, 'loss_recon_node': 0.0, 'loss_recon_edge': 0.0, 'loss_recon_tuple': 0.0, 'loss_recon_nodepe': 0.0, 'loss_recon_edgepe': 0.0}
> Epoch 99: took 14.3s (avg 14.4s) | Best so far: epoch 96	train_loss: 0.3821 train_mae: 0.3821	val_loss: 0.3961 val_mae: 0.3961	test_loss: 0.4298 test_mae: 0.4298
train: {'epoch': 100, 'time_epoch': 13.29303, 'eta': 4007.67461, 'eta_hours': 1.11324, 'loss': 0.38383515, 'lr': 0.00087426, 'params': 553882, 'time_iter': 0.08467, 'mae': 0.38384, 'r2': 0.81059, 'spearmanr': 0.95283, 'mse': 0.76585, 'rmse': 0.87513}
val: {'epoch': 100, 'time_epoch': 0.50936, 'loss': 0.69114774, 'lr': 0, 'params': 553882, 'time_iter': 0.03183, 'mae': 0.69115, 'r2': 0.67626, 'spearmanr': 0.93554, 'mse': 1.27513, 'rmse': 1.12922, 'loss_recon': 0.0, 'loss_recon_node': 0.0, 'loss_recon_edge': 0.0, 'loss_recon_tuple': 0.0, 'loss_recon_nodepe': 0.0, 'loss_recon_edgepe': 0.0}
test: {'epoch': 100, 'time_epoch': 0.51131, 'loss': 0.71042324, 'lr': 0, 'params': 553882, 'time_iter': 0.03196, 'mae': 0.71042, 'r2': 0.73366, 'spearmanr': 0.92906, 'mse': 1.08355, 'rmse': 1.04094, 'loss_recon': 0.0, 'loss_recon_node': 0.0, 'loss_recon_edge': 0.0, 'loss_recon_tuple': 0.0, 'loss_recon_nodepe': 0.0, 'loss_recon_edgepe': 0.0}
> Epoch 100: took 14.3s (avg 14.4s) | Best so far: epoch 96	train_loss: 0.3821 train_mae: 0.3821	val_loss: 0.3961 val_mae: 0.3961	test_loss: 0.4298 test_mae: 0.4298
train: {'epoch': 101, 'time_epoch': 13.31422, 'eta': 3994.00991, 'eta_hours': 1.10945, 'loss': 0.41249438, 'lr': 0.00087157, 'params': 553882, 'time_iter': 0.0848, 'mae': 0.41249, 'r2': 0.80089, 'spearmanr': 0.94277, 'mse': 0.8051, 'rmse': 0.89727}
val: {'epoch': 101, 'time_epoch': 0.5097, 'loss': 0.43141199, 'lr': 0, 'params': 553882, 'time_iter': 0.03186, 'mae': 0.43141, 'r2': 0.72392, 'spearmanr': 0.93734, 'mse': 1.08742, 'rmse': 1.04279, 'loss_recon': 0.0, 'loss_recon_node': 0.0, 'loss_recon_edge': 0.0, 'loss_recon_tuple': 0.0, 'loss_recon_nodepe': 0.0, 'loss_recon_edgepe': 0.0}
test: {'epoch': 101, 'time_epoch': 0.50911, 'loss': 0.4709033, 'lr': 0, 'params': 553882, 'time_iter': 0.03182, 'mae': 0.4709, 'r2': 0.75229, 'spearmanr': 0.92722, 'mse': 1.00777, 'rmse': 1.00388, 'loss_recon': 0.0, 'loss_recon_node': 0.0, 'loss_recon_edge': 0.0, 'loss_recon_tuple': 0.0, 'loss_recon_nodepe': 0.0, 'loss_recon_edgepe': 0.0}
> Epoch 101: took 14.3s (avg 14.4s) | Best so far: epoch 96	train_loss: 0.3821 train_mae: 0.3821	val_loss: 0.3961 val_mae: 0.3961	test_loss: 0.4298 test_mae: 0.4298
train: {'epoch': 102, 'time_epoch': 13.30633, 'eta': 3980.32926, 'eta_hours': 1.10565, 'loss': 0.34503851, 'lr': 0.00086887, 'params': 553882, 'time_iter': 0.08475, 'mae': 0.34504, 'r2': 0.85384, 'spearmanr': 0.9569, 'mse': 0.59096, 'rmse': 0.76874}
val: {'epoch': 102, 'time_epoch': 0.50965, 'loss': 0.42528002, 'lr': 0, 'params': 553882, 'time_iter': 0.03185, 'mae': 0.42528, 'r2': 0.70957, 'spearmanr': 0.93423, 'mse': 1.14392, 'rmse': 1.06954, 'loss_recon': 0.0, 'loss_recon_node': 0.0, 'loss_recon_edge': 0.0, 'loss_recon_tuple': 0.0, 'loss_recon_nodepe': 0.0, 'loss_recon_edgepe': 0.0}
test: {'epoch': 102, 'time_epoch': 0.50972, 'loss': 0.46376626, 'lr': 0, 'params': 553882, 'time_iter': 0.03186, 'mae': 0.46377, 'r2': 0.73659, 'spearmanr': 0.92125, 'mse': 1.07162, 'rmse': 1.03519, 'loss_recon': 0.0, 'loss_recon_node': 0.0, 'loss_recon_edge': 0.0, 'loss_recon_tuple': 0.0, 'loss_recon_nodepe': 0.0, 'loss_recon_edgepe': 0.0}
> Epoch 102: took 14.3s (avg 14.4s) | Best so far: epoch 96	train_loss: 0.3821 train_mae: 0.3821	val_loss: 0.3961 val_mae: 0.3961	test_loss: 0.4298 test_mae: 0.4298
train: {'epoch': 103, 'time_epoch': 13.30675, 'eta': 3966.65701, 'eta_hours': 1.10185, 'loss': 0.38788941, 'lr': 0.00086613, 'params': 553882, 'time_iter': 0.08476, 'mae': 0.38789, 'r2': 0.87114, 'spearmanr': 0.94997, 'mse': 0.52104, 'rmse': 0.72183}
val: {'epoch': 103, 'time_epoch': 0.50818, 'loss': 0.62722545, 'lr': 0, 'params': 553882, 'time_iter': 0.03176, 'mae': 0.62723, 'r2': 0.70242, 'spearmanr': 0.94045, 'mse': 1.1721, 'rmse': 1.08263, 'loss_recon': 0.0, 'loss_recon_node': 0.0, 'loss_recon_edge': 0.0, 'loss_recon_tuple': 0.0, 'loss_recon_nodepe': 0.0, 'loss_recon_edgepe': 0.0}
test: {'epoch': 103, 'time_epoch': 0.51048, 'loss': 0.65627379, 'lr': 0, 'params': 553882, 'time_iter': 0.03191, 'mae': 0.65627, 'r2': 0.74498, 'spearmanr': 0.92777, 'mse': 1.03751, 'rmse': 1.01858, 'loss_recon': 0.0, 'loss_recon_node': 0.0, 'loss_recon_edge': 0.0, 'loss_recon_tuple': 0.0, 'loss_recon_nodepe': 0.0, 'loss_recon_edgepe': 0.0}
> Epoch 103: took 14.3s (avg 14.4s) | Best so far: epoch 96	train_loss: 0.3821 train_mae: 0.3821	val_loss: 0.3961 val_mae: 0.3961	test_loss: 0.4298 test_mae: 0.4298
train: {'epoch': 104, 'time_epoch': 13.32109, 'eta': 3953.03201, 'eta_hours': 1.09806, 'loss': 0.3564745, 'lr': 0.00086338, 'params': 553882, 'time_iter': 0.08485, 'mae': 0.35647, 'r2': 0.88166, 'spearmanr': 0.95396, 'mse': 0.47848, 'rmse': 0.69172}
val: {'epoch': 104, 'time_epoch': 0.50964, 'loss': 0.88164608, 'lr': 0, 'params': 553882, 'time_iter': 0.03185, 'mae': 0.88165, 'r2': 0.51838, 'spearmanr': 0.93324, 'mse': 1.89698, 'rmse': 1.37731, 'loss_recon': 0.0, 'loss_recon_node': 0.0, 'loss_recon_edge': 0.0, 'loss_recon_tuple': 0.0, 'loss_recon_nodepe': 0.0, 'loss_recon_edgepe': 0.0}
test: {'epoch': 104, 'time_epoch': 0.51231, 'loss': 0.94249141, 'lr': 0, 'params': 553882, 'time_iter': 0.03202, 'mae': 0.94249, 'r2': 0.52587, 'spearmanr': 0.91896, 'mse': 1.92892, 'rmse': 1.38886, 'loss_recon': 0.0, 'loss_recon_node': 0.0, 'loss_recon_edge': 0.0, 'loss_recon_tuple': 0.0, 'loss_recon_nodepe': 0.0, 'loss_recon_edgepe': 0.0}
> Epoch 104: took 14.4s (avg 14.4s) | Best so far: epoch 96	train_loss: 0.3821 train_mae: 0.3821	val_loss: 0.3961 val_mae: 0.3961	test_loss: 0.4298 test_mae: 0.4298
train: {'epoch': 105, 'time_epoch': 13.31131, 'eta': 3939.38562, 'eta_hours': 1.09427, 'loss': 0.37986123, 'lr': 0.0008606, 'params': 553882, 'time_iter': 0.08479, 'mae': 0.37986, 'r2': 0.80765, 'spearmanr': 0.95315, 'mse': 0.77774, 'rmse': 0.8819}
val: {'epoch': 105, 'time_epoch': 0.50906, 'loss': 0.48562206, 'lr': 0, 'params': 553882, 'time_iter': 0.03182, 'mae': 0.48562, 'r2': 0.72136, 'spearmanr': 0.9398, 'mse': 1.09751, 'rmse': 1.04762, 'loss_recon': 0.0, 'loss_recon_node': 0.0, 'loss_recon_edge': 0.0, 'loss_recon_tuple': 0.0, 'loss_recon_nodepe': 0.0, 'loss_recon_edgepe': 0.0}
test: {'epoch': 105, 'time_epoch': 0.50695, 'loss': 0.51372087, 'lr': 0, 'params': 553882, 'time_iter': 0.03168, 'mae': 0.51372, 'r2': 0.7572, 'spearmanr': 0.9282, 'mse': 0.98778, 'rmse': 0.99387, 'loss_recon': 0.0, 'loss_recon_node': 0.0, 'loss_recon_edge': 0.0, 'loss_recon_tuple': 0.0, 'loss_recon_nodepe': 0.0, 'loss_recon_edgepe': 0.0}
> Epoch 105: took 14.3s (avg 14.4s) | Best so far: epoch 96	train_loss: 0.3821 train_mae: 0.3821	val_loss: 0.3961 val_mae: 0.3961	test_loss: 0.4298 test_mae: 0.4298
train: {'epoch': 106, 'time_epoch': 13.32241, 'eta': 3925.77588, 'eta_hours': 1.09049, 'loss': 0.41407323, 'lr': 0.0008578, 'params': 553882, 'time_iter': 0.08486, 'mae': 0.41407, 'r2': 0.82654, 'spearmanr': 0.94661, 'mse': 0.70136, 'rmse': 0.83747}
val: {'epoch': 106, 'time_epoch': 0.51051, 'loss': 0.60946445, 'lr': 0, 'params': 553882, 'time_iter': 0.03191, 'mae': 0.60946, 'r2': 0.7027, 'spearmanr': 0.9389, 'mse': 1.17098, 'rmse': 1.08212, 'loss_recon': 0.0, 'loss_recon_node': 0.0, 'loss_recon_edge': 0.0, 'loss_recon_tuple': 0.0, 'loss_recon_nodepe': 0.0, 'loss_recon_edgepe': 0.0}
test: {'epoch': 106, 'time_epoch': 0.50986, 'loss': 0.64163766, 'lr': 0, 'params': 553882, 'time_iter': 0.03187, 'mae': 0.64164, 'r2': 0.73185, 'spearmanr': 0.92333, 'mse': 1.09092, 'rmse': 1.04447, 'loss_recon': 0.0, 'loss_recon_node': 0.0, 'loss_recon_edge': 0.0, 'loss_recon_tuple': 0.0, 'loss_recon_nodepe': 0.0, 'loss_recon_edgepe': 0.0}
> Epoch 106: took 14.4s (avg 14.4s) | Best so far: epoch 96	train_loss: 0.3821 train_mae: 0.3821	val_loss: 0.3961 val_mae: 0.3961	test_loss: 0.4298 test_mae: 0.4298
train: {'epoch': 107, 'time_epoch': 13.31137, 'eta': 3912.1416, 'eta_hours': 1.08671, 'loss': 0.36880117, 'lr': 0.00085497, 'params': 553882, 'time_iter': 0.08479, 'mae': 0.3688, 'r2': 0.85308, 'spearmanr': 0.95198, 'mse': 0.59404, 'rmse': 0.77074}
val: {'epoch': 107, 'time_epoch': 0.51029, 'loss': 0.86732885, 'lr': 0, 'params': 553882, 'time_iter': 0.03189, 'mae': 0.86733, 'r2': 0.60344, 'spearmanr': 0.92761, 'mse': 1.56196, 'rmse': 1.24978, 'loss_recon': 0.0, 'loss_recon_node': 0.0, 'loss_recon_edge': 0.0, 'loss_recon_tuple': 0.0, 'loss_recon_nodepe': 0.0, 'loss_recon_edgepe': 0.0}
test: {'epoch': 107, 'time_epoch': 0.50813, 'loss': 0.89984028, 'lr': 0, 'params': 553882, 'time_iter': 0.03176, 'mae': 0.89984, 'r2': 0.65405, 'spearmanr': 0.918, 'mse': 1.40744, 'rmse': 1.18635, 'loss_recon': 0.0, 'loss_recon_node': 0.0, 'loss_recon_edge': 0.0, 'loss_recon_tuple': 0.0, 'loss_recon_nodepe': 0.0, 'loss_recon_edgepe': 0.0}
> Epoch 107: took 14.3s (avg 14.4s) | Best so far: epoch 96	train_loss: 0.3821 train_mae: 0.3821	val_loss: 0.3961 val_mae: 0.3961	test_loss: 0.4298 test_mae: 0.4298
tensor([ 1,  1,  3,  3,  1,  1,  7,  1,  1, 12,  1,  1,  1,  2,  1,  1,  1,  1,
         1, 22], device='cuda:0')
tensor([[-0.1780,  0.2195,  0.1193, -0.1143],
        [-0.2186,  0.2418,  0.1116, -0.1313],
        [-0.2216,  0.2432,  0.1108, -0.1328],
        [-0.1885,  0.2254,  0.1173, -0.1187],
        [-0.1778,  0.2196,  0.1194, -0.1142],
        [-0.1984,  0.2313,  0.1158, -0.1223],
        [-0.1913,  0.2268,  0.1168, -0.1199],
        [-0.1592,  0.2099,  0.1235, -0.1057],
        [-0.1331,  0.1900,  0.1240, -0.1012],
        [-0.1330,  0.1895,  0.1240, -0.1014],
        [-0.1331,  0.1900,  0.1240, -0.1012],
        [-0.1341,  0.1907,  0.1240, -0.1014],
        [-0.1795,  0.2206,  0.1192, -0.1147],
        [-0.1808,  0.2212,  0.1189, -0.1154],
        [-0.1481,  0.2015,  0.1237, -0.1038],
        [-0.1675,  0.2139,  0.1214, -0.1099],
        [-0.1917,  0.2271,  0.1168, -0.1200],
        [-0.1876,  0.2249,  0.1175, -0.1183],
        [-0.1883,  0.2252,  0.1174, -0.1186],
        [-2.2748,  9.4002,  6.6391, -5.3594]], device='cuda:0',
       grad_fn=<SliceBackward0>)
tensor([8, 1, 0, 0, 0, 0, 0, 0, 0, 0, 0, 0, 0, 0, 0, 0, 0, 0, 0, 5],
       device='cuda:0')
tensor([[-0.1951, -0.2859, -0.1834, -0.0186],
        [ 0.2637, -0.0373, -0.0465,  0.0848],
        [ 0.2429, -0.0401, -0.0565,  0.0773],
        [ 0.2549, -0.0310, -0.0512,  0.0804],
        [ 0.2637, -0.0373, -0.0465,  0.0848],
        [ 0.2614, -0.0401, -0.0471,  0.0846],
        [ 0.2637, -0.0373, -0.0465,  0.0848],
        [ 0.1937, -0.0160, -0.0916,  0.0503],
        [ 0.2637, -0.0373, -0.0465,  0.0848],
        [ 0.2637, -0.0373, -0.0465,  0.0848],
        [ 0.2637, -0.0373, -0.0465,  0.0848],
        [ 0.2637, -0.0373, -0.0465,  0.0848],
        [ 0.2637, -0.0373, -0.0465,  0.0848],
        [ 0.2637, -0.0373, -0.0465,  0.0848],
        [ 0.2637, -0.0373, -0.0465,  0.0848],
        [ 0.2637, -0.0373, -0.0465,  0.0848],
        [ 0.2637, -0.0373, -0.0465,  0.0848],
        [ 0.2637, -0.0373, -0.0465,  0.0848],
        [ 0.2637, -0.0373, -0.0465,  0.0848],
        [-0.0146, -0.1607, -0.1317,  0.0175]], device='cuda:0',
       grad_fn=<SliceBackward0>)
train: {'epoch': 108, 'time_epoch': 13.3242, 'eta': 3898.54751, 'eta_hours': 1.08293, 'loss': 0.39445537, 'lr': 0.00085213, 'params': 553882, 'time_iter': 0.08487, 'mae': 0.39446, 'r2': 0.85177, 'spearmanr': 0.95077, 'mse': 0.59937, 'rmse': 0.77419}
val: {'epoch': 108, 'time_epoch': 0.50925, 'loss': 0.41049561, 'lr': 0, 'params': 553882, 'time_iter': 0.03183, 'mae': 0.4105, 'r2': 0.7286, 'spearmanr': 0.94296, 'mse': 1.06897, 'rmse': 1.03391, 'loss_recon': 0.0, 'loss_recon_node': 0.0, 'loss_recon_edge': 0.0, 'loss_recon_tuple': 0.0, 'loss_recon_nodepe': 0.0, 'loss_recon_edgepe': 0.0}
test: {'epoch': 108, 'time_epoch': 0.50878, 'loss': 0.44405208, 'lr': 0, 'params': 553882, 'time_iter': 0.0318, 'mae': 0.44405, 'r2': 0.7608, 'spearmanr': 0.93116, 'mse': 0.97315, 'rmse': 0.98648, 'loss_recon': 0.0, 'loss_recon_node': 0.0, 'loss_recon_edge': 0.0, 'loss_recon_tuple': 0.0, 'loss_recon_nodepe': 0.0, 'loss_recon_edgepe': 0.0}
> Epoch 108: took 14.4s (avg 14.4s) | Best so far: epoch 96	train_loss: 0.3821 train_mae: 0.3821	val_loss: 0.3961 val_mae: 0.3961	test_loss: 0.4298 test_mae: 0.4298
train: {'epoch': 109, 'time_epoch': 13.31481, 'eta': 3884.93358, 'eta_hours': 1.07915, 'loss': 0.35707037, 'lr': 0.00084926, 'params': 553882, 'time_iter': 0.08481, 'mae': 0.35707, 'r2': 0.83383, 'spearmanr': 0.95687, 'mse': 0.67187, 'rmse': 0.81968}
val: {'epoch': 109, 'time_epoch': 0.51098, 'loss': 0.43480555, 'lr': 0, 'params': 553882, 'time_iter': 0.03194, 'mae': 0.43481, 'r2': 0.72747, 'spearmanr': 0.94033, 'mse': 1.07344, 'rmse': 1.03607, 'loss_recon': 0.0, 'loss_recon_node': 0.0, 'loss_recon_edge': 0.0, 'loss_recon_tuple': 0.0, 'loss_recon_nodepe': 0.0, 'loss_recon_edgepe': 0.0}
test: {'epoch': 109, 'time_epoch': 0.50963, 'loss': 0.46439347, 'lr': 0, 'params': 553882, 'time_iter': 0.03185, 'mae': 0.46439, 'r2': 0.76163, 'spearmanr': 0.93038, 'mse': 0.96975, 'rmse': 0.98476, 'loss_recon': 0.0, 'loss_recon_node': 0.0, 'loss_recon_edge': 0.0, 'loss_recon_tuple': 0.0, 'loss_recon_nodepe': 0.0, 'loss_recon_edgepe': 0.0}
> Epoch 109: took 14.4s (avg 14.4s) | Best so far: epoch 96	train_loss: 0.3821 train_mae: 0.3821	val_loss: 0.3961 val_mae: 0.3961	test_loss: 0.4298 test_mae: 0.4298
train: {'epoch': 110, 'time_epoch': 13.30765, 'eta': 3871.30638, 'eta_hours': 1.07536, 'loss': 0.33156977, 'lr': 0.00084636, 'params': 553882, 'time_iter': 0.08476, 'mae': 0.33157, 'r2': 0.87221, 'spearmanr': 0.96063, 'mse': 0.5167, 'rmse': 0.71882}
val: {'epoch': 110, 'time_epoch': 0.50775, 'loss': 0.38532803, 'lr': 0, 'params': 553882, 'time_iter': 0.03173, 'mae': 0.38533, 'r2': 0.71995, 'spearmanr': 0.94225, 'mse': 1.10305, 'rmse': 1.05026, 'loss_recon': 0.0, 'loss_recon_node': 0.0, 'loss_recon_edge': 0.0, 'loss_recon_tuple': 0.0, 'loss_recon_nodepe': 0.0, 'loss_recon_edgepe': 0.0}
test: {'epoch': 110, 'time_epoch': 0.50904, 'loss': 0.41472629, 'lr': 0, 'params': 553882, 'time_iter': 0.03182, 'mae': 0.41473, 'r2': 0.74831, 'spearmanr': 0.93037, 'mse': 1.02394, 'rmse': 1.0119, 'loss_recon': 0.0, 'loss_recon_node': 0.0, 'loss_recon_edge': 0.0, 'loss_recon_tuple': 0.0, 'loss_recon_nodepe': 0.0, 'loss_recon_edgepe': 0.0}
> Epoch 110: took 14.3s (avg 14.4s) | Best so far: epoch 110	train_loss: 0.3316 train_mae: 0.3316	val_loss: 0.3853 val_mae: 0.3853	test_loss: 0.4147 test_mae: 0.4147
train: {'epoch': 111, 'time_epoch': 13.33779, 'eta': 3857.76241, 'eta_hours': 1.0716, 'loss': 0.33730526, 'lr': 0.00084345, 'params': 553882, 'time_iter': 0.08495, 'mae': 0.33731, 'r2': 0.86449, 'spearmanr': 0.95912, 'mse': 0.54793, 'rmse': 0.74022}
val: {'epoch': 111, 'time_epoch': 0.51113, 'loss': 0.8484809, 'lr': 0, 'params': 553882, 'time_iter': 0.03195, 'mae': 0.84848, 'r2': 0.53275, 'spearmanr': 0.93031, 'mse': 1.84038, 'rmse': 1.35661, 'loss_recon': 0.0, 'loss_recon_node': 0.0, 'loss_recon_edge': 0.0, 'loss_recon_tuple': 0.0, 'loss_recon_nodepe': 0.0, 'loss_recon_edgepe': 0.0}
test: {'epoch': 111, 'time_epoch': 0.51041, 'loss': 0.8941728, 'lr': 0, 'params': 553882, 'time_iter': 0.0319, 'mae': 0.89417, 'r2': 0.54851, 'spearmanr': 0.9199, 'mse': 1.83678, 'rmse': 1.35528, 'loss_recon': 0.0, 'loss_recon_node': 0.0, 'loss_recon_edge': 0.0, 'loss_recon_tuple': 0.0, 'loss_recon_nodepe': 0.0, 'loss_recon_edgepe': 0.0}
> Epoch 111: took 14.4s (avg 14.4s) | Best so far: epoch 110	train_loss: 0.3316 train_mae: 0.3316	val_loss: 0.3853 val_mae: 0.3853	test_loss: 0.4147 test_mae: 0.4147
train: {'epoch': 112, 'time_epoch': 13.30981, 'eta': 3844.151, 'eta_hours': 1.06782, 'loss': 0.39906138, 'lr': 0.00084051, 'params': 553882, 'time_iter': 0.08478, 'mae': 0.39906, 'r2': 0.8121, 'spearmanr': 0.94583, 'mse': 0.75975, 'rmse': 0.87163}
val: {'epoch': 112, 'time_epoch': 0.50897, 'loss': 0.43979582, 'lr': 0, 'params': 553882, 'time_iter': 0.03181, 'mae': 0.4398, 'r2': 0.68288, 'spearmanr': 0.93752, 'mse': 1.24907, 'rmse': 1.11762, 'loss_recon': 0.0, 'loss_recon_node': 0.0, 'loss_recon_edge': 0.0, 'loss_recon_tuple': 0.0, 'loss_recon_nodepe': 0.0, 'loss_recon_edgepe': 0.0}
test: {'epoch': 112, 'time_epoch': 0.50876, 'loss': 0.46820125, 'lr': 0, 'params': 553882, 'time_iter': 0.0318, 'mae': 0.4682, 'r2': 0.70698, 'spearmanr': 0.92344, 'mse': 1.19211, 'rmse': 1.09184, 'loss_recon': 0.0, 'loss_recon_node': 0.0, 'loss_recon_edge': 0.0, 'loss_recon_tuple': 0.0, 'loss_recon_nodepe': 0.0, 'loss_recon_edgepe': 0.0}
> Epoch 112: took 14.3s (avg 14.4s) | Best so far: epoch 110	train_loss: 0.3316 train_mae: 0.3316	val_loss: 0.3853 val_mae: 0.3853	test_loss: 0.4147 test_mae: 0.4147
train: {'epoch': 113, 'time_epoch': 13.33578, 'eta': 3830.61003, 'eta_hours': 1.06406, 'loss': 0.36946335, 'lr': 0.00083755, 'params': 553882, 'time_iter': 0.08494, 'mae': 0.36946, 'r2': 0.84712, 'spearmanr': 0.94958, 'mse': 0.61814, 'rmse': 0.78622}
val: {'epoch': 113, 'time_epoch': 0.5089, 'loss': 0.93831312, 'lr': 0, 'params': 553882, 'time_iter': 0.03181, 'mae': 0.93831, 'r2': 0.60086, 'spearmanr': 0.93702, 'mse': 1.5721, 'rmse': 1.25383, 'loss_recon': 0.0, 'loss_recon_node': 0.0, 'loss_recon_edge': 0.0, 'loss_recon_tuple': 0.0, 'loss_recon_nodepe': 0.0, 'loss_recon_edgepe': 0.0}
test: {'epoch': 113, 'time_epoch': 0.50946, 'loss': 0.96095227, 'lr': 0, 'params': 553882, 'time_iter': 0.03184, 'mae': 0.96095, 'r2': 0.66487, 'spearmanr': 0.92669, 'mse': 1.36339, 'rmse': 1.16764, 'loss_recon': 0.0, 'loss_recon_node': 0.0, 'loss_recon_edge': 0.0, 'loss_recon_tuple': 0.0, 'loss_recon_nodepe': 0.0, 'loss_recon_edgepe': 0.0}
> Epoch 113: took 14.4s (avg 14.4s) | Best so far: epoch 110	train_loss: 0.3316 train_mae: 0.3316	val_loss: 0.3853 val_mae: 0.3853	test_loss: 0.4147 test_mae: 0.4147
train: {'epoch': 114, 'time_epoch': 13.30906, 'eta': 3817.00643, 'eta_hours': 1.06028, 'loss': 0.4274628, 'lr': 0.00083457, 'params': 553882, 'time_iter': 0.08477, 'mae': 0.42746, 'r2': 0.84367, 'spearmanr': 0.94585, 'mse': 0.63211, 'rmse': 0.79505}
val: {'epoch': 114, 'time_epoch': 0.51122, 'loss': 0.46159908, 'lr': 0, 'params': 553882, 'time_iter': 0.03195, 'mae': 0.4616, 'r2': 0.68178, 'spearmanr': 0.93596, 'mse': 1.25341, 'rmse': 1.11956, 'loss_recon': 0.0, 'loss_recon_node': 0.0, 'loss_recon_edge': 0.0, 'loss_recon_tuple': 0.0, 'loss_recon_nodepe': 0.0, 'loss_recon_edgepe': 0.0}
test: {'epoch': 114, 'time_epoch': 0.51153, 'loss': 0.50546874, 'lr': 0, 'params': 553882, 'time_iter': 0.03197, 'mae': 0.50547, 'r2': 0.69551, 'spearmanr': 0.92154, 'mse': 1.23876, 'rmse': 1.113, 'loss_recon': 0.0, 'loss_recon_node': 0.0, 'loss_recon_edge': 0.0, 'loss_recon_tuple': 0.0, 'loss_recon_nodepe': 0.0, 'loss_recon_edgepe': 0.0}
> Epoch 114: took 14.3s (avg 14.4s) | Best so far: epoch 110	train_loss: 0.3316 train_mae: 0.3316	val_loss: 0.3853 val_mae: 0.3853	test_loss: 0.4147 test_mae: 0.4147
train: {'epoch': 115, 'time_epoch': 13.31404, 'eta': 3803.42011, 'eta_hours': 1.05651, 'loss': 0.41422939, 'lr': 0.00083156, 'params': 553882, 'time_iter': 0.0848, 'mae': 0.41423, 'r2': 0.81271, 'spearmanr': 0.94319, 'mse': 0.75729, 'rmse': 0.87023}
val: {'epoch': 115, 'time_epoch': 0.51012, 'loss': 0.57064697, 'lr': 0, 'params': 553882, 'time_iter': 0.03188, 'mae': 0.57065, 'r2': 0.71159, 'spearmanr': 0.94444, 'mse': 1.13599, 'rmse': 1.06583, 'loss_recon': 0.0, 'loss_recon_node': 0.0, 'loss_recon_edge': 0.0, 'loss_recon_tuple': 0.0, 'loss_recon_nodepe': 0.0, 'loss_recon_edgepe': 0.0}
test: {'epoch': 115, 'time_epoch': 0.50862, 'loss': 0.5979908, 'lr': 0, 'params': 553882, 'time_iter': 0.03179, 'mae': 0.59799, 'r2': 0.74948, 'spearmanr': 0.93178, 'mse': 1.01918, 'rmse': 1.00954, 'loss_recon': 0.0, 'loss_recon_node': 0.0, 'loss_recon_edge': 0.0, 'loss_recon_tuple': 0.0, 'loss_recon_nodepe': 0.0, 'loss_recon_edgepe': 0.0}
> Epoch 115: took 14.3s (avg 14.4s) | Best so far: epoch 110	train_loss: 0.3316 train_mae: 0.3316	val_loss: 0.3853 val_mae: 0.3853	test_loss: 0.4147 test_mae: 0.4147
train: {'epoch': 116, 'time_epoch': 13.31985, 'eta': 3789.85247, 'eta_hours': 1.05274, 'loss': 0.34384086, 'lr': 0.00082854, 'params': 553882, 'time_iter': 0.08484, 'mae': 0.34384, 'r2': 0.86105, 'spearmanr': 0.95684, 'mse': 0.56182, 'rmse': 0.74955}
val: {'epoch': 116, 'time_epoch': 0.50909, 'loss': 0.41930488, 'lr': 0, 'params': 553882, 'time_iter': 0.03182, 'mae': 0.4193, 'r2': 0.72878, 'spearmanr': 0.94547, 'mse': 1.06828, 'rmse': 1.03358, 'loss_recon': 0.0, 'loss_recon_node': 0.0, 'loss_recon_edge': 0.0, 'loss_recon_tuple': 0.0, 'loss_recon_nodepe': 0.0, 'loss_recon_edgepe': 0.0}
test: {'epoch': 116, 'time_epoch': 0.51158, 'loss': 0.44847773, 'lr': 0, 'params': 553882, 'time_iter': 0.03197, 'mae': 0.44848, 'r2': 0.76153, 'spearmanr': 0.93258, 'mse': 0.97018, 'rmse': 0.98498, 'loss_recon': 0.0, 'loss_recon_node': 0.0, 'loss_recon_edge': 0.0, 'loss_recon_tuple': 0.0, 'loss_recon_nodepe': 0.0, 'loss_recon_edgepe': 0.0}
> Epoch 116: took 14.4s (avg 14.4s) | Best so far: epoch 110	train_loss: 0.3316 train_mae: 0.3316	val_loss: 0.3853 val_mae: 0.3853	test_loss: 0.4147 test_mae: 0.4147
tensor([1, 5, 6, 1, 3, 1, 1, 1, 1, 1, 1, 1, 1, 3, 3, 1, 2, 3, 1, 3],
       device='cuda:0')
tensor([[-0.2192,  0.2369,  0.1095, -0.1343],
        [-0.2159,  0.2349,  0.1100, -0.1332],
        [-0.2250,  0.2406,  0.1088, -0.1363],
        [-0.2507,  0.2567,  0.1056, -0.1451],
        [-0.2356,  0.2472,  0.1075, -0.1399],
        [-0.2345,  0.2465,  0.1076, -0.1395],
        [-0.2152,  0.2345,  0.1101, -0.1329],
        [-0.2328,  0.2454,  0.1078, -0.1391],
        [-0.2149,  0.2342,  0.1101, -0.1328],
        [-0.2187,  0.2366,  0.1096, -0.1341],
        [-0.2153,  0.2345,  0.1100, -0.1330],
        [-0.2156,  0.2347,  0.1100, -0.1331],
        [-0.2195,  0.2371,  0.1095, -0.1344],
        [-0.2373,  0.2483,  0.1073, -0.1405],
        [-0.2201,  0.2375,  0.1094, -0.1346],
        [-0.2054,  0.2283,  0.1113, -0.1296],
        [-0.2335,  0.2458,  0.1077, -0.1393],
        [-0.1902,  0.2188,  0.1132, -0.1243],
        [-0.2468,  0.2542,  0.1061, -0.1437],
        [-0.2364,  0.2477,  0.1074, -0.1402]], device='cuda:0',
       grad_fn=<SliceBackward0>)
tensor([8, 1, 0, 0, 0, 0, 0, 0, 0, 0, 0, 0, 0, 0, 0, 0, 0, 0, 0, 0],
       device='cuda:0')
tensor([[-0.3273, -0.2910, -0.2367, -0.0534],
        [ 0.2611, -0.0348, -0.0447,  0.0833],
        [ 0.1219,  0.0266, -0.1306,  0.0140],
        [ 0.2514, -0.0430, -0.0462,  0.0824],
        [ 0.2611, -0.0348, -0.0447,  0.0833],
        [ 0.2611, -0.0348, -0.0447,  0.0833],
        [ 0.2611, -0.0348, -0.0447,  0.0833],
        [ 0.2611, -0.0348, -0.0447,  0.0833],
        [ 0.2611, -0.0348, -0.0447,  0.0833],
        [ 0.2611, -0.0348, -0.0447,  0.0833],
        [ 0.2611, -0.0348, -0.0447,  0.0833],
        [ 0.2611, -0.0348, -0.0447,  0.0833],
        [ 0.2611, -0.0348, -0.0447,  0.0833],
        [ 0.2611, -0.0348, -0.0447,  0.0833],
        [ 0.2611, -0.0348, -0.0447,  0.0833],
        [ 0.2606, -0.0374, -0.0459,  0.0830],
        [ 0.2611, -0.0348, -0.0447,  0.0833],
        [ 0.2611, -0.0348, -0.0447,  0.0833],
        [ 0.2611, -0.0348, -0.0447,  0.0833],
        [ 0.2611, -0.0348, -0.0447,  0.0833]], device='cuda:0',
       grad_fn=<SliceBackward0>)
train: {'epoch': 117, 'time_epoch': 13.31949, 'eta': 3776.28817, 'eta_hours': 1.04897, 'loss': 0.3598234, 'lr': 0.00082549, 'params': 553882, 'time_iter': 0.08484, 'mae': 0.35982, 'r2': 0.81886, 'spearmanr': 0.95032, 'mse': 0.7324, 'rmse': 0.8558}
val: {'epoch': 117, 'time_epoch': 0.50784, 'loss': 0.3853421, 'lr': 0, 'params': 553882, 'time_iter': 0.03174, 'mae': 0.38534, 'r2': 0.71343, 'spearmanr': 0.94429, 'mse': 1.12875, 'rmse': 1.06243, 'loss_recon': 0.0, 'loss_recon_node': 0.0, 'loss_recon_edge': 0.0, 'loss_recon_tuple': 0.0, 'loss_recon_nodepe': 0.0, 'loss_recon_edgepe': 0.0}
test: {'epoch': 117, 'time_epoch': 0.50596, 'loss': 0.4113453, 'lr': 0, 'params': 553882, 'time_iter': 0.03162, 'mae': 0.41135, 'r2': 0.74565, 'spearmanr': 0.93436, 'mse': 1.03475, 'rmse': 1.01723, 'loss_recon': 0.0, 'loss_recon_node': 0.0, 'loss_recon_edge': 0.0, 'loss_recon_tuple': 0.0, 'loss_recon_nodepe': 0.0, 'loss_recon_edgepe': 0.0}
> Epoch 117: took 14.3s (avg 14.4s) | Best so far: epoch 110	train_loss: 0.3316 train_mae: 0.3316	val_loss: 0.3853 val_mae: 0.3853	test_loss: 0.4147 test_mae: 0.4147
train: {'epoch': 118, 'time_epoch': 13.3222, 'eta': 3762.7344, 'eta_hours': 1.0452, 'loss': 0.37076851, 'lr': 0.00082242, 'params': 553882, 'time_iter': 0.08485, 'mae': 0.37077, 'r2': 0.82254, 'spearmanr': 0.9519, 'mse': 0.71753, 'rmse': 0.84707}
val: {'epoch': 118, 'time_epoch': 0.51003, 'loss': 0.41534215, 'lr': 0, 'params': 553882, 'time_iter': 0.03188, 'mae': 0.41534, 'r2': 0.70313, 'spearmanr': 0.93989, 'mse': 1.16929, 'rmse': 1.08134, 'loss_recon': 0.0, 'loss_recon_node': 0.0, 'loss_recon_edge': 0.0, 'loss_recon_tuple': 0.0, 'loss_recon_nodepe': 0.0, 'loss_recon_edgepe': 0.0}
test: {'epoch': 118, 'time_epoch': 0.50964, 'loss': 0.45764633, 'lr': 0, 'params': 553882, 'time_iter': 0.03185, 'mae': 0.45765, 'r2': 0.7275, 'spearmanr': 0.92722, 'mse': 1.10861, 'rmse': 1.0529, 'loss_recon': 0.0, 'loss_recon_node': 0.0, 'loss_recon_edge': 0.0, 'loss_recon_tuple': 0.0, 'loss_recon_nodepe': 0.0, 'loss_recon_edgepe': 0.0}
> Epoch 118: took 14.4s (avg 14.4s) | Best so far: epoch 110	train_loss: 0.3316 train_mae: 0.3316	val_loss: 0.3853 val_mae: 0.3853	test_loss: 0.4147 test_mae: 0.4147
train: {'epoch': 119, 'time_epoch': 13.30256, 'eta': 3749.13866, 'eta_hours': 1.04143, 'loss': 0.42838264, 'lr': 0.00081933, 'params': 553882, 'time_iter': 0.08473, 'mae': 0.42838, 'r2': 0.84528, 'spearmanr': 0.9378, 'mse': 0.62558, 'rmse': 0.79093}
val: {'epoch': 119, 'time_epoch': 0.50894, 'loss': 0.41957133, 'lr': 0, 'params': 553882, 'time_iter': 0.03181, 'mae': 0.41957, 'r2': 0.70478, 'spearmanr': 0.93771, 'mse': 1.1628, 'rmse': 1.07833, 'loss_recon': 0.0, 'loss_recon_node': 0.0, 'loss_recon_edge': 0.0, 'loss_recon_tuple': 0.0, 'loss_recon_nodepe': 0.0, 'loss_recon_edgepe': 0.0}
test: {'epoch': 119, 'time_epoch': 0.50877, 'loss': 0.45290128, 'lr': 0, 'params': 553882, 'time_iter': 0.0318, 'mae': 0.4529, 'r2': 0.73629, 'spearmanr': 0.92642, 'mse': 1.07287, 'rmse': 1.03579, 'loss_recon': 0.0, 'loss_recon_node': 0.0, 'loss_recon_edge': 0.0, 'loss_recon_tuple': 0.0, 'loss_recon_nodepe': 0.0, 'loss_recon_edgepe': 0.0}
> Epoch 119: took 14.3s (avg 14.4s) | Best so far: epoch 110	train_loss: 0.3316 train_mae: 0.3316	val_loss: 0.3853 val_mae: 0.3853	test_loss: 0.4147 test_mae: 0.4147
train: {'epoch': 120, 'time_epoch': 13.3206, 'eta': 3735.58936, 'eta_hours': 1.03766, 'loss': 0.39878023, 'lr': 0.00081622, 'params': 553882, 'time_iter': 0.08484, 'mae': 0.39878, 'r2': 0.7938, 'spearmanr': 0.94706, 'mse': 0.83373, 'rmse': 0.91309}
val: {'epoch': 120, 'time_epoch': 0.51001, 'loss': 0.46164796, 'lr': 0, 'params': 553882, 'time_iter': 0.03188, 'mae': 0.46165, 'r2': 0.70442, 'spearmanr': 0.92751, 'mse': 1.16423, 'rmse': 1.079, 'loss_recon': 0.0, 'loss_recon_node': 0.0, 'loss_recon_edge': 0.0, 'loss_recon_tuple': 0.0, 'loss_recon_nodepe': 0.0, 'loss_recon_edgepe': 0.0}
test: {'epoch': 120, 'time_epoch': 0.50941, 'loss': 0.50125276, 'lr': 0, 'params': 553882, 'time_iter': 0.03184, 'mae': 0.50125, 'r2': 0.7329, 'spearmanr': 0.91687, 'mse': 1.08664, 'rmse': 1.04242, 'loss_recon': 0.0, 'loss_recon_node': 0.0, 'loss_recon_edge': 0.0, 'loss_recon_tuple': 0.0, 'loss_recon_nodepe': 0.0, 'loss_recon_edgepe': 0.0}
> Epoch 120: took 14.4s (avg 14.4s) | Best so far: epoch 110	train_loss: 0.3316 train_mae: 0.3316	val_loss: 0.3853 val_mae: 0.3853	test_loss: 0.4147 test_mae: 0.4147
train: {'epoch': 121, 'time_epoch': 13.3101, 'eta': 3722.01988, 'eta_hours': 1.03389, 'loss': 0.38530464, 'lr': 0.00081309, 'params': 553882, 'time_iter': 0.08478, 'mae': 0.3853, 'r2': 0.80297, 'spearmanr': 0.94991, 'mse': 0.79666, 'rmse': 0.89256}
val: {'epoch': 121, 'time_epoch': 0.50902, 'loss': 0.47363719, 'lr': 0, 'params': 553882, 'time_iter': 0.03181, 'mae': 0.47364, 'r2': 0.72539, 'spearmanr': 0.94382, 'mse': 1.08162, 'rmse': 1.04001, 'loss_recon': 0.0, 'loss_recon_node': 0.0, 'loss_recon_edge': 0.0, 'loss_recon_tuple': 0.0, 'loss_recon_nodepe': 0.0, 'loss_recon_edgepe': 0.0}
test: {'epoch': 121, 'time_epoch': 0.50712, 'loss': 0.49407392, 'lr': 0, 'params': 553882, 'time_iter': 0.03169, 'mae': 0.49407, 'r2': 0.76457, 'spearmanr': 0.93215, 'mse': 0.95781, 'rmse': 0.97868, 'loss_recon': 0.0, 'loss_recon_node': 0.0, 'loss_recon_edge': 0.0, 'loss_recon_tuple': 0.0, 'loss_recon_nodepe': 0.0, 'loss_recon_edgepe': 0.0}
> Epoch 121: took 14.3s (avg 14.4s) | Best so far: epoch 110	train_loss: 0.3316 train_mae: 0.3316	val_loss: 0.3853 val_mae: 0.3853	test_loss: 0.4147 test_mae: 0.4147
train: {'epoch': 122, 'time_epoch': 13.32017, 'eta': 3708.47729, 'eta_hours': 1.03013, 'loss': 0.3363759, 'lr': 0.00080994, 'params': 553882, 'time_iter': 0.08484, 'mae': 0.33638, 'r2': 0.86149, 'spearmanr': 0.95907, 'mse': 0.56006, 'rmse': 0.74837}
val: {'epoch': 122, 'time_epoch': 0.50934, 'loss': 0.40417264, 'lr': 0, 'params': 553882, 'time_iter': 0.03183, 'mae': 0.40417, 'r2': 0.72978, 'spearmanr': 0.94472, 'mse': 1.06432, 'rmse': 1.03166, 'loss_recon': 0.0, 'loss_recon_node': 0.0, 'loss_recon_edge': 0.0, 'loss_recon_tuple': 0.0, 'loss_recon_nodepe': 0.0, 'loss_recon_edgepe': 0.0}
test: {'epoch': 122, 'time_epoch': 0.50978, 'loss': 0.42506772, 'lr': 0, 'params': 553882, 'time_iter': 0.03186, 'mae': 0.42507, 'r2': 0.76192, 'spearmanr': 0.93088, 'mse': 0.96858, 'rmse': 0.98416, 'loss_recon': 0.0, 'loss_recon_node': 0.0, 'loss_recon_edge': 0.0, 'loss_recon_tuple': 0.0, 'loss_recon_nodepe': 0.0, 'loss_recon_edgepe': 0.0}
> Epoch 122: took 14.4s (avg 14.4s) | Best so far: epoch 110	train_loss: 0.3316 train_mae: 0.3316	val_loss: 0.3853 val_mae: 0.3853	test_loss: 0.4147 test_mae: 0.4147
train: {'epoch': 123, 'time_epoch': 13.30974, 'eta': 3694.91508, 'eta_hours': 1.02637, 'loss': 0.37427938, 'lr': 0.00080677, 'params': 553882, 'time_iter': 0.08478, 'mae': 0.37428, 'r2': 0.84976, 'spearmanr': 0.94849, 'mse': 0.60746, 'rmse': 0.7794}
val: {'epoch': 123, 'time_epoch': 0.50782, 'loss': 0.38749068, 'lr': 0, 'params': 553882, 'time_iter': 0.03174, 'mae': 0.38749, 'r2': 0.73255, 'spearmanr': 0.94626, 'mse': 1.05341, 'rmse': 1.02636, 'loss_recon': 0.0, 'loss_recon_node': 0.0, 'loss_recon_edge': 0.0, 'loss_recon_tuple': 0.0, 'loss_recon_nodepe': 0.0, 'loss_recon_edgepe': 0.0}
test: {'epoch': 123, 'time_epoch': 0.50753, 'loss': 0.42329502, 'lr': 0, 'params': 553882, 'time_iter': 0.03172, 'mae': 0.4233, 'r2': 0.76198, 'spearmanr': 0.93143, 'mse': 0.96832, 'rmse': 0.98403, 'loss_recon': 0.0, 'loss_recon_node': 0.0, 'loss_recon_edge': 0.0, 'loss_recon_tuple': 0.0, 'loss_recon_nodepe': 0.0, 'loss_recon_edgepe': 0.0}
> Epoch 123: took 14.3s (avg 14.4s) | Best so far: epoch 110	train_loss: 0.3316 train_mae: 0.3316	val_loss: 0.3853 val_mae: 0.3853	test_loss: 0.4147 test_mae: 0.4147
train: {'epoch': 124, 'time_epoch': 13.3228, 'eta': 3681.38566, 'eta_hours': 1.02261, 'loss': 0.35551635, 'lr': 0.00080358, 'params': 553882, 'time_iter': 0.08486, 'mae': 0.35552, 'r2': 0.82237, 'spearmanr': 0.95444, 'mse': 0.71824, 'rmse': 0.84749}
val: {'epoch': 124, 'time_epoch': 0.50926, 'loss': 0.41465953, 'lr': 0, 'params': 553882, 'time_iter': 0.03183, 'mae': 0.41466, 'r2': 0.69977, 'spearmanr': 0.94462, 'mse': 1.18253, 'rmse': 1.08744, 'loss_recon': 0.0, 'loss_recon_node': 0.0, 'loss_recon_edge': 0.0, 'loss_recon_tuple': 0.0, 'loss_recon_nodepe': 0.0, 'loss_recon_edgepe': 0.0}
test: {'epoch': 124, 'time_epoch': 0.50953, 'loss': 0.45332426, 'lr': 0, 'params': 553882, 'time_iter': 0.03185, 'mae': 0.45332, 'r2': 0.7249, 'spearmanr': 0.9294, 'mse': 1.11917, 'rmse': 1.05791, 'loss_recon': 0.0, 'loss_recon_node': 0.0, 'loss_recon_edge': 0.0, 'loss_recon_tuple': 0.0, 'loss_recon_nodepe': 0.0, 'loss_recon_edgepe': 0.0}
> Epoch 124: took 14.4s (avg 14.4s) | Best so far: epoch 110	train_loss: 0.3316 train_mae: 0.3316	val_loss: 0.3853 val_mae: 0.3853	test_loss: 0.4147 test_mae: 0.4147
train: {'epoch': 125, 'time_epoch': 13.3098, 'eta': 3667.83124, 'eta_hours': 1.01884, 'loss': 0.40315691, 'lr': 0.00080037, 'params': 553882, 'time_iter': 0.08478, 'mae': 0.40316, 'r2': 0.83594, 'spearmanr': 0.9478, 'mse': 0.66337, 'rmse': 0.81447}
val: {'epoch': 125, 'time_epoch': 0.50705, 'loss': 0.49295503, 'lr': 0, 'params': 553882, 'time_iter': 0.03169, 'mae': 0.49296, 'r2': 0.67837, 'spearmanr': 0.9405, 'mse': 1.2668, 'rmse': 1.12552, 'loss_recon': 0.0, 'loss_recon_node': 0.0, 'loss_recon_edge': 0.0, 'loss_recon_tuple': 0.0, 'loss_recon_nodepe': 0.0, 'loss_recon_edgepe': 0.0}
test: {'epoch': 125, 'time_epoch': 0.50765, 'loss': 0.51764094, 'lr': 0, 'params': 553882, 'time_iter': 0.03173, 'mae': 0.51764, 'r2': 0.71648, 'spearmanr': 0.93119, 'mse': 1.15343, 'rmse': 1.07398, 'loss_recon': 0.0, 'loss_recon_node': 0.0, 'loss_recon_edge': 0.0, 'loss_recon_tuple': 0.0, 'loss_recon_nodepe': 0.0, 'loss_recon_edgepe': 0.0}
> Epoch 125: took 14.3s (avg 14.4s) | Best so far: epoch 110	train_loss: 0.3316 train_mae: 0.3316	val_loss: 0.3853 val_mae: 0.3853	test_loss: 0.4147 test_mae: 0.4147
tensor([ 1,  1,  5,  1,  3,  1,  1,  2,  3,  5,  1,  1,  1,  3,  1,  3,  1, 22,
         1,  1], device='cuda:0')
tensor([[-0.2288,  0.2435,  0.1108, -0.1358],
        [-0.2136,  0.2342,  0.1128, -0.1302],
        [-0.2120,  0.2331,  0.1129, -0.1298],
        [-0.2226,  0.2396,  0.1115, -0.1336],
        [-0.1945,  0.2223,  0.1152, -0.1233],
        [-0.2117,  0.2328,  0.1129, -0.1297],
        [-0.2538,  0.2591,  0.1077, -0.1449],
        [-0.2723,  0.2707,  0.1054, -0.1514],
        [-0.1949,  0.2225,  0.1151, -0.1235],
        [-0.2083,  0.2308,  0.1134, -0.1284],
        [-0.2320,  0.2454,  0.1103, -0.1371],
        [-0.2770,  0.2735,  0.1048, -0.1532],
        [-0.2700,  0.2693,  0.1057, -0.1506],
        [-0.2209,  0.2387,  0.1119, -0.1328],
        [-0.2257,  0.2415,  0.1111, -0.1348],
        [-0.2608,  0.2634,  0.1067, -0.1474],
        [-0.2747,  0.2720,  0.1049, -0.1525],
        [-2.0676,  8.1769,  5.7150, -4.6262],
        [-0.2332,  0.2462,  0.1102, -0.1374],
        [-0.2753,  0.2725,  0.1050, -0.1525]], device='cuda:0',
       grad_fn=<SliceBackward0>)
tensor([8, 1, 0, 0, 0, 0, 0, 0, 0, 0, 0, 0, 0, 0, 0, 0, 0, 5, 1, 8],
       device='cuda:0')
tensor([[-0.5736, -0.3595, -0.3138, -0.1016],
        [ 0.2565, -0.0337, -0.0446,  0.0835],
        [-0.1438,  0.1342, -0.2710, -0.1040],
        [ 0.2565, -0.0337, -0.0446,  0.0835],
        [ 0.2565, -0.0337, -0.0446,  0.0835],
        [ 0.2565, -0.0337, -0.0446,  0.0835],
        [ 0.2503, -0.0285, -0.0475,  0.0805],
        [ 0.2565, -0.0337, -0.0446,  0.0835],
        [ 0.2565, -0.0337, -0.0446,  0.0835],
        [ 0.2565, -0.0337, -0.0446,  0.0835],
        [ 0.2565, -0.0337, -0.0446,  0.0835],
        [ 0.2565, -0.0337, -0.0446,  0.0835],
        [ 0.2565, -0.0337, -0.0446,  0.0835],
        [ 0.2565, -0.0337, -0.0446,  0.0835],
        [ 0.2565, -0.0337, -0.0446,  0.0835],
        [ 0.2565, -0.0337, -0.0446,  0.0835],
        [ 0.2565, -0.0337, -0.0446,  0.0835],
        [-0.7857, -0.5303, -0.3498, -0.1190],
        [ 0.2565, -0.0337, -0.0446,  0.0835],
        [-0.4511, -0.3037, -0.2765, -0.0767]], device='cuda:0',
       grad_fn=<SliceBackward0>)
train: {'epoch': 126, 'time_epoch': 13.33224, 'eta': 3654.32891, 'eta_hours': 1.01509, 'loss': 0.33162076, 'lr': 0.00079714, 'params': 553882, 'time_iter': 0.08492, 'mae': 0.33162, 'r2': 0.83114, 'spearmanr': 0.95846, 'mse': 0.68277, 'rmse': 0.8263}
val: {'epoch': 126, 'time_epoch': 0.50857, 'loss': 0.39075791, 'lr': 0, 'params': 553882, 'time_iter': 0.03179, 'mae': 0.39076, 'r2': 0.7265, 'spearmanr': 0.94171, 'mse': 1.07723, 'rmse': 1.0379, 'loss_recon': 0.0, 'loss_recon_node': 0.0, 'loss_recon_edge': 0.0, 'loss_recon_tuple': 0.0, 'loss_recon_nodepe': 0.0, 'loss_recon_edgepe': 0.0}
test: {'epoch': 126, 'time_epoch': 0.50777, 'loss': 0.42021702, 'lr': 0, 'params': 553882, 'time_iter': 0.03174, 'mae': 0.42022, 'r2': 0.76364, 'spearmanr': 0.93152, 'mse': 0.96157, 'rmse': 0.98059, 'loss_recon': 0.0, 'loss_recon_node': 0.0, 'loss_recon_edge': 0.0, 'loss_recon_tuple': 0.0, 'loss_recon_nodepe': 0.0, 'loss_recon_edgepe': 0.0}
> Epoch 126: took 14.4s (avg 14.4s) | Best so far: epoch 110	train_loss: 0.3316 train_mae: 0.3316	val_loss: 0.3853 val_mae: 0.3853	test_loss: 0.4147 test_mae: 0.4147
train: {'epoch': 127, 'time_epoch': 13.318, 'eta': 3640.79897, 'eta_hours': 1.01133, 'loss': 0.36687396, 'lr': 0.00079389, 'params': 553882, 'time_iter': 0.08483, 'mae': 0.36687, 'r2': 0.86412, 'spearmanr': 0.95361, 'mse': 0.54941, 'rmse': 0.74122}
val: {'epoch': 127, 'time_epoch': 0.5093, 'loss': 0.85599264, 'lr': 0, 'params': 553882, 'time_iter': 0.03183, 'mae': 0.85599, 'r2': 0.6001, 'spearmanr': 0.93313, 'mse': 1.57512, 'rmse': 1.25504, 'loss_recon': 0.0, 'loss_recon_node': 0.0, 'loss_recon_edge': 0.0, 'loss_recon_tuple': 0.0, 'loss_recon_nodepe': 0.0, 'loss_recon_edgepe': 0.0}
test: {'epoch': 127, 'time_epoch': 0.51258, 'loss': 0.85375576, 'lr': 0, 'params': 553882, 'time_iter': 0.03204, 'mae': 0.85376, 'r2': 0.66702, 'spearmanr': 0.9203, 'mse': 1.35468, 'rmse': 1.16391, 'loss_recon': 0.0, 'loss_recon_node': 0.0, 'loss_recon_edge': 0.0, 'loss_recon_tuple': 0.0, 'loss_recon_nodepe': 0.0, 'loss_recon_edgepe': 0.0}
> Epoch 127: took 14.4s (avg 14.4s) | Best so far: epoch 110	train_loss: 0.3316 train_mae: 0.3316	val_loss: 0.3853 val_mae: 0.3853	test_loss: 0.4147 test_mae: 0.4147
train: {'epoch': 128, 'time_epoch': 13.32823, 'eta': 3627.29381, 'eta_hours': 1.00758, 'loss': 0.35612871, 'lr': 0.00079062, 'params': 553882, 'time_iter': 0.08489, 'mae': 0.35613, 'r2': 0.85344, 'spearmanr': 0.9559, 'mse': 0.59258, 'rmse': 0.76979}
val: {'epoch': 128, 'time_epoch': 0.51141, 'loss': 0.62224626, 'lr': 0, 'params': 553882, 'time_iter': 0.03196, 'mae': 0.62225, 'r2': 0.70181, 'spearmanr': 0.94255, 'mse': 1.17448, 'rmse': 1.08373, 'loss_recon': 0.0, 'loss_recon_node': 0.0, 'loss_recon_edge': 0.0, 'loss_recon_tuple': 0.0, 'loss_recon_nodepe': 0.0, 'loss_recon_edgepe': 0.0}
test: {'epoch': 128, 'time_epoch': 0.50999, 'loss': 0.65037172, 'lr': 0, 'params': 553882, 'time_iter': 0.03187, 'mae': 0.65037, 'r2': 0.74715, 'spearmanr': 0.92977, 'mse': 1.02869, 'rmse': 1.01424, 'loss_recon': 0.0, 'loss_recon_node': 0.0, 'loss_recon_edge': 0.0, 'loss_recon_tuple': 0.0, 'loss_recon_nodepe': 0.0, 'loss_recon_edgepe': 0.0}
> Epoch 128: took 14.4s (avg 14.4s) | Best so far: epoch 110	train_loss: 0.3316 train_mae: 0.3316	val_loss: 0.3853 val_mae: 0.3853	test_loss: 0.4147 test_mae: 0.4147
train: {'epoch': 129, 'time_epoch': 13.31587, 'eta': 3613.7657, 'eta_hours': 1.00382, 'loss': 0.3330116, 'lr': 0.00078734, 'params': 553882, 'time_iter': 0.08481, 'mae': 0.33301, 'r2': 0.81289, 'spearmanr': 0.95845, 'mse': 0.75655, 'rmse': 0.8698}
val: {'epoch': 129, 'time_epoch': 0.51015, 'loss': 0.4348283, 'lr': 0, 'params': 553882, 'time_iter': 0.03188, 'mae': 0.43483, 'r2': 0.72594, 'spearmanr': 0.94034, 'mse': 1.07945, 'rmse': 1.03896, 'loss_recon': 0.0, 'loss_recon_node': 0.0, 'loss_recon_edge': 0.0, 'loss_recon_tuple': 0.0, 'loss_recon_nodepe': 0.0, 'loss_recon_edgepe': 0.0}
test: {'epoch': 129, 'time_epoch': 0.51469, 'loss': 0.46074179, 'lr': 0, 'params': 553882, 'time_iter': 0.03217, 'mae': 0.46074, 'r2': 0.7576, 'spearmanr': 0.92791, 'mse': 0.98614, 'rmse': 0.99305, 'loss_recon': 0.0, 'loss_recon_node': 0.0, 'loss_recon_edge': 0.0, 'loss_recon_tuple': 0.0, 'loss_recon_nodepe': 0.0, 'loss_recon_edgepe': 0.0}
> Epoch 129: took 14.4s (avg 14.4s) | Best so far: epoch 110	train_loss: 0.3316 train_mae: 0.3316	val_loss: 0.3853 val_mae: 0.3853	test_loss: 0.4147 test_mae: 0.4147
train: {'epoch': 130, 'time_epoch': 13.32131, 'eta': 3600.25201, 'eta_hours': 1.00007, 'loss': 0.3773567, 'lr': 0.00078403, 'params': 553882, 'time_iter': 0.08485, 'mae': 0.37736, 'r2': 0.84229, 'spearmanr': 0.95002, 'mse': 0.6377, 'rmse': 0.79856}
val: {'epoch': 130, 'time_epoch': 0.50981, 'loss': 0.4966634, 'lr': 0, 'params': 553882, 'time_iter': 0.03186, 'mae': 0.49666, 'r2': 0.69706, 'spearmanr': 0.93702, 'mse': 1.1932, 'rmse': 1.09234, 'loss_recon': 0.0, 'loss_recon_node': 0.0, 'loss_recon_edge': 0.0, 'loss_recon_tuple': 0.0, 'loss_recon_nodepe': 0.0, 'loss_recon_edgepe': 0.0}
test: {'epoch': 130, 'time_epoch': 0.50815, 'loss': 0.52710603, 'lr': 0, 'params': 553882, 'time_iter': 0.03176, 'mae': 0.52711, 'r2': 0.72113, 'spearmanr': 0.92574, 'mse': 1.13451, 'rmse': 1.06514, 'loss_recon': 0.0, 'loss_recon_node': 0.0, 'loss_recon_edge': 0.0, 'loss_recon_tuple': 0.0, 'loss_recon_nodepe': 0.0, 'loss_recon_edgepe': 0.0}
> Epoch 130: took 14.4s (avg 14.4s) | Best so far: epoch 110	train_loss: 0.3316 train_mae: 0.3316	val_loss: 0.3853 val_mae: 0.3853	test_loss: 0.4147 test_mae: 0.4147
train: {'epoch': 131, 'time_epoch': 13.32645, 'eta': 3586.75166, 'eta_hours': 0.99632, 'loss': 0.36322196, 'lr': 0.00078071, 'params': 553882, 'time_iter': 0.08488, 'mae': 0.36322, 'r2': 0.81019, 'spearmanr': 0.95499, 'mse': 0.76747, 'rmse': 0.87605}
val: {'epoch': 131, 'time_epoch': 0.50885, 'loss': 0.5593794, 'lr': 0, 'params': 553882, 'time_iter': 0.0318, 'mae': 0.55938, 'r2': 0.66773, 'spearmanr': 0.944, 'mse': 1.30871, 'rmse': 1.14399, 'loss_recon': 0.0, 'loss_recon_node': 0.0, 'loss_recon_edge': 0.0, 'loss_recon_tuple': 0.0, 'loss_recon_nodepe': 0.0, 'loss_recon_edgepe': 0.0}
test: {'epoch': 131, 'time_epoch': 0.50999, 'loss': 0.59564564, 'lr': 0, 'params': 553882, 'time_iter': 0.03187, 'mae': 0.59565, 'r2': 0.69221, 'spearmanr': 0.93246, 'mse': 1.25218, 'rmse': 1.11901, 'loss_recon': 0.0, 'loss_recon_node': 0.0, 'loss_recon_edge': 0.0, 'loss_recon_tuple': 0.0, 'loss_recon_nodepe': 0.0, 'loss_recon_edgepe': 0.0}
> Epoch 131: took 14.4s (avg 14.4s) | Best so far: epoch 110	train_loss: 0.3316 train_mae: 0.3316	val_loss: 0.3853 val_mae: 0.3853	test_loss: 0.4147 test_mae: 0.4147
train: {'epoch': 132, 'time_epoch': 13.3177, 'eta': 3573.23637, 'eta_hours': 0.99257, 'loss': 0.33123612, 'lr': 0.00077737, 'params': 553882, 'time_iter': 0.08483, 'mae': 0.33124, 'r2': 0.87081, 'spearmanr': 0.95848, 'mse': 0.52235, 'rmse': 0.72274}
val: {'epoch': 132, 'time_epoch': 0.50896, 'loss': 0.7325783, 'lr': 0, 'params': 553882, 'time_iter': 0.03181, 'mae': 0.73258, 'r2': 0.67797, 'spearmanr': 0.94146, 'mse': 1.2684, 'rmse': 1.12623, 'loss_recon': 0.0, 'loss_recon_node': 0.0, 'loss_recon_edge': 0.0, 'loss_recon_tuple': 0.0, 'loss_recon_nodepe': 0.0, 'loss_recon_edgepe': 0.0}
test: {'epoch': 132, 'time_epoch': 0.50773, 'loss': 0.75953792, 'lr': 0, 'params': 553882, 'time_iter': 0.03173, 'mae': 0.75954, 'r2': 0.73022, 'spearmanr': 0.92918, 'mse': 1.09754, 'rmse': 1.04763, 'loss_recon': 0.0, 'loss_recon_node': 0.0, 'loss_recon_edge': 0.0, 'loss_recon_tuple': 0.0, 'loss_recon_nodepe': 0.0, 'loss_recon_edgepe': 0.0}
> Epoch 132: took 14.4s (avg 14.4s) | Best so far: epoch 110	train_loss: 0.3316 train_mae: 0.3316	val_loss: 0.3853 val_mae: 0.3853	test_loss: 0.4147 test_mae: 0.4147
train: {'epoch': 133, 'time_epoch': 13.32319, 'eta': 3559.73492, 'eta_hours': 0.98882, 'loss': 0.40376385, 'lr': 0.00077401, 'params': 553882, 'time_iter': 0.08486, 'mae': 0.40376, 'r2': 0.82967, 'spearmanr': 0.94481, 'mse': 0.68871, 'rmse': 0.82989}
val: {'epoch': 133, 'time_epoch': 0.50896, 'loss': 0.4048147, 'lr': 0, 'params': 553882, 'time_iter': 0.03181, 'mae': 0.40481, 'r2': 0.72394, 'spearmanr': 0.94243, 'mse': 1.08733, 'rmse': 1.04275, 'loss_recon': 0.0, 'loss_recon_node': 0.0, 'loss_recon_edge': 0.0, 'loss_recon_tuple': 0.0, 'loss_recon_nodepe': 0.0, 'loss_recon_edgepe': 0.0}
test: {'epoch': 133, 'time_epoch': 0.50891, 'loss': 0.42657104, 'lr': 0, 'params': 553882, 'time_iter': 0.03181, 'mae': 0.42657, 'r2': 0.76497, 'spearmanr': 0.9305, 'mse': 0.95617, 'rmse': 0.97784, 'loss_recon': 0.0, 'loss_recon_node': 0.0, 'loss_recon_edge': 0.0, 'loss_recon_tuple': 0.0, 'loss_recon_nodepe': 0.0, 'loss_recon_edgepe': 0.0}
> Epoch 133: took 14.4s (avg 14.4s) | Best so far: epoch 110	train_loss: 0.3316 train_mae: 0.3316	val_loss: 0.3853 val_mae: 0.3853	test_loss: 0.4147 test_mae: 0.4147
train: {'epoch': 134, 'time_epoch': 13.31382, 'eta': 3546.21772, 'eta_hours': 0.98506, 'loss': 0.33626748, 'lr': 0.00077063, 'params': 553882, 'time_iter': 0.0848, 'mae': 0.33627, 'r2': 0.88638, 'spearmanr': 0.9568, 'mse': 0.45942, 'rmse': 0.67781}
val: {'epoch': 134, 'time_epoch': 0.50944, 'loss': 0.43439042, 'lr': 0, 'params': 553882, 'time_iter': 0.03184, 'mae': 0.43439, 'r2': 0.72831, 'spearmanr': 0.94676, 'mse': 1.07012, 'rmse': 1.03447, 'loss_recon': 0.0, 'loss_recon_node': 0.0, 'loss_recon_edge': 0.0, 'loss_recon_tuple': 0.0, 'loss_recon_nodepe': 0.0, 'loss_recon_edgepe': 0.0}
test: {'epoch': 134, 'time_epoch': 0.50765, 'loss': 0.46355876, 'lr': 0, 'params': 553882, 'time_iter': 0.03173, 'mae': 0.46356, 'r2': 0.76885, 'spearmanr': 0.93584, 'mse': 0.94038, 'rmse': 0.96973, 'loss_recon': 0.0, 'loss_recon_node': 0.0, 'loss_recon_edge': 0.0, 'loss_recon_tuple': 0.0, 'loss_recon_nodepe': 0.0, 'loss_recon_edgepe': 0.0}
> Epoch 134: took 14.3s (avg 14.4s) | Best so far: epoch 110	train_loss: 0.3316 train_mae: 0.3316	val_loss: 0.3853 val_mae: 0.3853	test_loss: 0.4147 test_mae: 0.4147
tensor([ 1,  1,  6,  1,  1,  1,  1,  3,  1, 14,  6,  2,  2,  1,  1,  1,  1,  1,
         1,  1], device='cuda:0')
tensor([[-0.2956,  0.2871,  0.1061, -0.1594],
        [-0.3078,  0.2950,  0.1048, -0.1636],
        [-0.2991,  0.2893,  0.1056, -0.1607],
        [-0.2865,  0.2816,  0.1073, -0.1559],
        [-0.3350,  0.3123,  0.1018, -0.1732],
        [-0.3343,  0.3120,  0.1019, -0.1729],
        [-0.3148,  0.2996,  0.1041, -0.1660],
        [-0.3047,  0.2932,  0.1053, -0.1624],
        [-0.3330,  0.3112,  0.1021, -0.1724],
        [-0.1433,  0.1937,  0.1257, -0.1021],
        [-0.1474,  0.1955,  0.1245, -0.1045],
        [-0.3140,  0.2988,  0.1041, -0.1659],
        [-0.3158,  0.3000,  0.1039, -0.1665],
        [-0.3308,  0.3099,  0.1025, -0.1715],
        [-0.3330,  0.3111,  0.1021, -0.1725],
        [-0.3304,  0.3097,  0.1025, -0.1713],
        [-0.3337,  0.3116,  0.1020, -0.1727],
        [-0.2859,  0.2811,  0.1073, -0.1558],
        [-0.3338,  0.3116,  0.1020, -0.1727],
        [-0.3276,  0.3077,  0.1027, -0.1705]], device='cuda:0',
       grad_fn=<SliceBackward0>)
tensor([8, 1, 0, 0, 0, 0, 0, 0, 0, 0, 0, 0, 0, 0, 0, 0, 0, 0, 0, 0],
       device='cuda:0')
tensor([[-0.5610, -0.2802, -0.3097, -0.1063],
        [ 0.2534, -0.0316, -0.0433,  0.0825],
        [ 0.1179,  0.0429, -0.1195,  0.0154],
        [ 0.2534, -0.0316, -0.0433,  0.0825],
        [ 0.1958, -0.0029, -0.0736,  0.0556],
        [ 0.2534, -0.0316, -0.0433,  0.0825],
        [ 0.2534, -0.0316, -0.0433,  0.0825],
        [ 0.2534, -0.0316, -0.0433,  0.0825],
        [ 0.2534, -0.0316, -0.0433,  0.0825],
        [ 0.2534, -0.0316, -0.0433,  0.0825],
        [ 0.2500, -0.0348, -0.0438,  0.0824],
        [ 0.2534, -0.0316, -0.0433,  0.0825],
        [ 0.2534, -0.0316, -0.0433,  0.0825],
        [ 0.2534, -0.0316, -0.0433,  0.0825],
        [ 0.2534, -0.0316, -0.0433,  0.0825],
        [ 0.2534, -0.0316, -0.0433,  0.0825],
        [ 0.2534, -0.0316, -0.0433,  0.0825],
        [ 0.2534, -0.0316, -0.0433,  0.0825],
        [ 0.2534, -0.0316, -0.0433,  0.0825],
        [ 0.2534, -0.0316, -0.0433,  0.0825]], device='cuda:0',
       grad_fn=<SliceBackward0>)
train: {'epoch': 135, 'time_epoch': 13.32701, 'eta': 3532.7291, 'eta_hours': 0.98131, 'loss': 0.32944561, 'lr': 0.00076723, 'params': 553882, 'time_iter': 0.08489, 'mae': 0.32945, 'r2': 0.83454, 'spearmanr': 0.95885, 'mse': 0.66902, 'rmse': 0.81793}
val: {'epoch': 135, 'time_epoch': 0.50953, 'loss': 0.38024474, 'lr': 0, 'params': 553882, 'time_iter': 0.03185, 'mae': 0.38024, 'r2': 0.71702, 'spearmanr': 0.94165, 'mse': 1.11459, 'rmse': 1.05574, 'loss_recon': 0.0, 'loss_recon_node': 0.0, 'loss_recon_edge': 0.0, 'loss_recon_tuple': 0.0, 'loss_recon_nodepe': 0.0, 'loss_recon_edgepe': 0.0}
test: {'epoch': 135, 'time_epoch': 0.51004, 'loss': 0.40713693, 'lr': 0, 'params': 553882, 'time_iter': 0.03188, 'mae': 0.40714, 'r2': 0.74785, 'spearmanr': 0.92859, 'mse': 1.02581, 'rmse': 1.01282, 'loss_recon': 0.0, 'loss_recon_node': 0.0, 'loss_recon_edge': 0.0, 'loss_recon_tuple': 0.0, 'loss_recon_nodepe': 0.0, 'loss_recon_edgepe': 0.0}
> Epoch 135: took 14.4s (avg 14.4s) | Best so far: epoch 135	train_loss: 0.3294 train_mae: 0.3295	val_loss: 0.3802 val_mae: 0.3802	test_loss: 0.4071 test_mae: 0.4071
train: {'epoch': 136, 'time_epoch': 13.31265, 'eta': 3519.21529, 'eta_hours': 0.97756, 'loss': 0.33401169, 'lr': 0.00076382, 'params': 553882, 'time_iter': 0.08479, 'mae': 0.33401, 'r2': 0.84131, 'spearmanr': 0.96098, 'mse': 0.64164, 'rmse': 0.80102}
val: {'epoch': 136, 'time_epoch': 0.50889, 'loss': 0.55433789, 'lr': 0, 'params': 553882, 'time_iter': 0.03181, 'mae': 0.55434, 'r2': 0.66385, 'spearmanr': 0.91536, 'mse': 1.32402, 'rmse': 1.15066, 'loss_recon': 0.0, 'loss_recon_node': 0.0, 'loss_recon_edge': 0.0, 'loss_recon_tuple': 0.0, 'loss_recon_nodepe': 0.0, 'loss_recon_edgepe': 0.0}
test: {'epoch': 136, 'time_epoch': 0.50809, 'loss': 0.58536249, 'lr': 0, 'params': 553882, 'time_iter': 0.03176, 'mae': 0.58536, 'r2': 0.67862, 'spearmanr': 0.90447, 'mse': 1.30747, 'rmse': 1.14345, 'loss_recon': 0.0, 'loss_recon_node': 0.0, 'loss_recon_edge': 0.0, 'loss_recon_tuple': 0.0, 'loss_recon_nodepe': 0.0, 'loss_recon_edgepe': 0.0}
> Epoch 136: took 14.3s (avg 14.4s) | Best so far: epoch 135	train_loss: 0.3294 train_mae: 0.3295	val_loss: 0.3802 val_mae: 0.3802	test_loss: 0.4071 test_mae: 0.4071
train: {'epoch': 137, 'time_epoch': 13.33294, 'eta': 3505.74291, 'eta_hours': 0.97382, 'loss': 0.35698197, 'lr': 0.00076039, 'params': 553882, 'time_iter': 0.08492, 'mae': 0.35698, 'r2': 0.83412, 'spearmanr': 0.95801, 'mse': 0.67072, 'rmse': 0.81898}
val: {'epoch': 137, 'time_epoch': 0.50958, 'loss': 0.56321732, 'lr': 0, 'params': 553882, 'time_iter': 0.03185, 'mae': 0.56322, 'r2': 0.65607, 'spearmanr': 0.94056, 'mse': 1.35467, 'rmse': 1.1639, 'loss_recon': 0.0, 'loss_recon_node': 0.0, 'loss_recon_edge': 0.0, 'loss_recon_tuple': 0.0, 'loss_recon_nodepe': 0.0, 'loss_recon_edgepe': 0.0}
test: {'epoch': 137, 'time_epoch': 0.509, 'loss': 0.60547172, 'lr': 0, 'params': 553882, 'time_iter': 0.03181, 'mae': 0.60547, 'r2': 0.6784, 'spearmanr': 0.9282, 'mse': 1.30836, 'rmse': 1.14384, 'loss_recon': 0.0, 'loss_recon_node': 0.0, 'loss_recon_edge': 0.0, 'loss_recon_tuple': 0.0, 'loss_recon_nodepe': 0.0, 'loss_recon_edgepe': 0.0}
> Epoch 137: took 14.4s (avg 14.4s) | Best so far: epoch 135	train_loss: 0.3294 train_mae: 0.3295	val_loss: 0.3802 val_mae: 0.3802	test_loss: 0.4071 test_mae: 0.4071
train: {'epoch': 138, 'time_epoch': 13.32545, 'eta': 3492.25847, 'eta_hours': 0.97007, 'loss': 0.36073558, 'lr': 0.00075694, 'params': 553882, 'time_iter': 0.08488, 'mae': 0.36074, 'r2': 0.80596, 'spearmanr': 0.95299, 'mse': 0.78457, 'rmse': 0.88576}
val: {'epoch': 138, 'time_epoch': 0.50831, 'loss': 0.88410461, 'lr': 0, 'params': 553882, 'time_iter': 0.03177, 'mae': 0.8841, 'r2': 0.53277, 'spearmanr': 0.93958, 'mse': 1.84032, 'rmse': 1.35659, 'loss_recon': 0.0, 'loss_recon_node': 0.0, 'loss_recon_edge': 0.0, 'loss_recon_tuple': 0.0, 'loss_recon_nodepe': 0.0, 'loss_recon_edgepe': 0.0}
test: {'epoch': 138, 'time_epoch': 0.50902, 'loss': 0.93071754, 'lr': 0, 'params': 553882, 'time_iter': 0.03181, 'mae': 0.93072, 'r2': 0.54601, 'spearmanr': 0.92732, 'mse': 1.84697, 'rmse': 1.35903, 'loss_recon': 0.0, 'loss_recon_node': 0.0, 'loss_recon_edge': 0.0, 'loss_recon_tuple': 0.0, 'loss_recon_nodepe': 0.0, 'loss_recon_edgepe': 0.0}
> Epoch 138: took 14.4s (avg 14.4s) | Best so far: epoch 135	train_loss: 0.3294 train_mae: 0.3295	val_loss: 0.3802 val_mae: 0.3802	test_loss: 0.4071 test_mae: 0.4071
train: {'epoch': 139, 'time_epoch': 13.30813, 'eta': 3478.74414, 'eta_hours': 0.96632, 'loss': 0.3376369, 'lr': 0.00075348, 'params': 553882, 'time_iter': 0.08477, 'mae': 0.33764, 'r2': 0.82104, 'spearmanr': 0.9594, 'mse': 0.7236, 'rmse': 0.85065}
val: {'epoch': 139, 'time_epoch': 0.51283, 'loss': 0.4710807, 'lr': 0, 'params': 553882, 'time_iter': 0.03205, 'mae': 0.47108, 'r2': 0.68855, 'spearmanr': 0.94295, 'mse': 1.22673, 'rmse': 1.10758, 'loss_recon': 0.0, 'loss_recon_node': 0.0, 'loss_recon_edge': 0.0, 'loss_recon_tuple': 0.0, 'loss_recon_nodepe': 0.0, 'loss_recon_edgepe': 0.0}
test: {'epoch': 139, 'time_epoch': 0.50958, 'loss': 0.51021124, 'lr': 0, 'params': 553882, 'time_iter': 0.03185, 'mae': 0.51021, 'r2': 0.71557, 'spearmanr': 0.93181, 'mse': 1.15716, 'rmse': 1.07571, 'loss_recon': 0.0, 'loss_recon_node': 0.0, 'loss_recon_edge': 0.0, 'loss_recon_tuple': 0.0, 'loss_recon_nodepe': 0.0, 'loss_recon_edgepe': 0.0}
> Epoch 139: took 14.3s (avg 14.4s) | Best so far: epoch 135	train_loss: 0.3294 train_mae: 0.3295	val_loss: 0.3802 val_mae: 0.3802	test_loss: 0.4071 test_mae: 0.4071
train: {'epoch': 140, 'time_epoch': 13.32344, 'eta': 3465.26085, 'eta_hours': 0.96257, 'loss': 0.32868378, 'lr': 0.00075, 'params': 553882, 'time_iter': 0.08486, 'mae': 0.32868, 'r2': 0.8585, 'spearmanr': 0.9598, 'mse': 0.57212, 'rmse': 0.75639}
val: {'epoch': 140, 'time_epoch': 0.51115, 'loss': 0.36225455, 'lr': 0, 'params': 553882, 'time_iter': 0.03195, 'mae': 0.36225, 'r2': 0.73218, 'spearmanr': 0.94659, 'mse': 1.0549, 'rmse': 1.02708, 'loss_recon': 0.0, 'loss_recon_node': 0.0, 'loss_recon_edge': 0.0, 'loss_recon_tuple': 0.0, 'loss_recon_nodepe': 0.0, 'loss_recon_edgepe': 0.0}
test: {'epoch': 140, 'time_epoch': 0.51005, 'loss': 0.38433289, 'lr': 0, 'params': 553882, 'time_iter': 0.03188, 'mae': 0.38433, 'r2': 0.76883, 'spearmanr': 0.93466, 'mse': 0.94047, 'rmse': 0.96978, 'loss_recon': 0.0, 'loss_recon_node': 0.0, 'loss_recon_edge': 0.0, 'loss_recon_tuple': 0.0, 'loss_recon_nodepe': 0.0, 'loss_recon_edgepe': 0.0}
> Epoch 140: took 14.4s (avg 14.4s) | Best so far: epoch 140	train_loss: 0.3287 train_mae: 0.3287	val_loss: 0.3623 val_mae: 0.3623	test_loss: 0.3843 test_mae: 0.3843
train: {'epoch': 141, 'time_epoch': 13.31323, 'eta': 3451.76127, 'eta_hours': 0.95882, 'loss': 0.32294697, 'lr': 0.0007465, 'params': 553882, 'time_iter': 0.0848, 'mae': 0.32295, 'r2': 0.8358, 'spearmanr': 0.96038, 'mse': 0.66394, 'rmse': 0.81483}
val: {'epoch': 141, 'time_epoch': 0.50888, 'loss': 0.44995701, 'lr': 0, 'params': 553882, 'time_iter': 0.03181, 'mae': 0.44996, 'r2': 0.69401, 'spearmanr': 0.9445, 'mse': 1.20522, 'rmse': 1.09782, 'loss_recon': 0.0, 'loss_recon_node': 0.0, 'loss_recon_edge': 0.0, 'loss_recon_tuple': 0.0, 'loss_recon_nodepe': 0.0, 'loss_recon_edgepe': 0.0}
test: {'epoch': 141, 'time_epoch': 0.51186, 'loss': 0.47766898, 'lr': 0, 'params': 553882, 'time_iter': 0.03199, 'mae': 0.47767, 'r2': 0.72739, 'spearmanr': 0.93282, 'mse': 1.10907, 'rmse': 1.05312, 'loss_recon': 0.0, 'loss_recon_node': 0.0, 'loss_recon_edge': 0.0, 'loss_recon_tuple': 0.0, 'loss_recon_nodepe': 0.0, 'loss_recon_edgepe': 0.0}
> Epoch 141: took 14.4s (avg 14.4s) | Best so far: epoch 140	train_loss: 0.3287 train_mae: 0.3287	val_loss: 0.3623 val_mae: 0.3623	test_loss: 0.3843 test_mae: 0.3843
train: {'epoch': 142, 'time_epoch': 13.30773, 'eta': 3438.25442, 'eta_hours': 0.95507, 'loss': 0.30881482, 'lr': 0.00074299, 'params': 553882, 'time_iter': 0.08476, 'mae': 0.30881, 'r2': 0.86555, 'spearmanr': 0.96414, 'mse': 0.54364, 'rmse': 0.73732}
val: {'epoch': 142, 'time_epoch': 0.509, 'loss': 0.4960915, 'lr': 0, 'params': 553882, 'time_iter': 0.03181, 'mae': 0.49609, 'r2': 0.72822, 'spearmanr': 0.94604, 'mse': 1.07049, 'rmse': 1.03464, 'loss_recon': 0.0, 'loss_recon_node': 0.0, 'loss_recon_edge': 0.0, 'loss_recon_tuple': 0.0, 'loss_recon_nodepe': 0.0, 'loss_recon_edgepe': 0.0}
test: {'epoch': 142, 'time_epoch': 0.51637, 'loss': 0.51658177, 'lr': 0, 'params': 553882, 'time_iter': 0.03227, 'mae': 0.51658, 'r2': 0.76863, 'spearmanr': 0.93312, 'mse': 0.94127, 'rmse': 0.97019, 'loss_recon': 0.0, 'loss_recon_node': 0.0, 'loss_recon_edge': 0.0, 'loss_recon_tuple': 0.0, 'loss_recon_nodepe': 0.0, 'loss_recon_edgepe': 0.0}
> Epoch 142: took 14.3s (avg 14.4s) | Best so far: epoch 140	train_loss: 0.3287 train_mae: 0.3287	val_loss: 0.3623 val_mae: 0.3623	test_loss: 0.3843 test_mae: 0.3843
train: {'epoch': 143, 'time_epoch': 13.32356, 'eta': 3424.77847, 'eta_hours': 0.95133, 'loss': 0.32109284, 'lr': 0.00073946, 'params': 553882, 'time_iter': 0.08486, 'mae': 0.32109, 'r2': 0.86572, 'spearmanr': 0.95899, 'mse': 0.54296, 'rmse': 0.73686}
val: {'epoch': 143, 'time_epoch': 0.51002, 'loss': 0.40997112, 'lr': 0, 'params': 553882, 'time_iter': 0.03188, 'mae': 0.40997, 'r2': 0.72547, 'spearmanr': 0.9443, 'mse': 1.08132, 'rmse': 1.03987, 'loss_recon': 0.0, 'loss_recon_node': 0.0, 'loss_recon_edge': 0.0, 'loss_recon_tuple': 0.0, 'loss_recon_nodepe': 0.0, 'loss_recon_edgepe': 0.0}
test: {'epoch': 143, 'time_epoch': 0.5094, 'loss': 0.43939803, 'lr': 0, 'params': 553882, 'time_iter': 0.03184, 'mae': 0.4394, 'r2': 0.75486, 'spearmanr': 0.92933, 'mse': 0.99729, 'rmse': 0.99865, 'loss_recon': 0.0, 'loss_recon_node': 0.0, 'loss_recon_edge': 0.0, 'loss_recon_tuple': 0.0, 'loss_recon_nodepe': 0.0, 'loss_recon_edgepe': 0.0}
> Epoch 143: took 14.4s (avg 14.4s) | Best so far: epoch 140	train_loss: 0.3287 train_mae: 0.3287	val_loss: 0.3623 val_mae: 0.3623	test_loss: 0.3843 test_mae: 0.3843
tensor([1, 3, 1, 1, 1, 1, 1, 2, 1, 1, 1, 2, 5, 1, 5, 1, 1, 1, 1, 1],
       device='cuda:0')
tensor([[-0.3223,  0.3036,  0.1050, -0.1677],
        [-0.2506,  0.2600,  0.1141, -0.1406],
        [-0.2596,  0.2655,  0.1130, -0.1439],
        [-0.3717,  0.3338,  0.0988, -0.1863],
        [-0.3730,  0.3346,  0.0986, -0.1868],
        [-0.3711,  0.3335,  0.0989, -0.1860],
        [-0.3786,  0.3380,  0.0978, -0.1890],
        [-0.3084,  0.2953,  0.1068, -0.1623],
        [-0.3762,  0.3366,  0.0982, -0.1880],
        [-0.3566,  0.3246,  0.1007, -0.1805],
        [-0.3050,  0.2932,  0.1073, -0.1611],
        [-0.3287,  0.3077,  0.1043, -0.1700],
        [-0.2455,  0.2569,  0.1148, -0.1386],
        [-0.2520,  0.2608,  0.1139, -0.1412],
        [-0.2136,  0.2375,  0.1189, -0.1265],
        [-0.3780,  0.3378,  0.0980, -0.1886],
        [-0.3802,  0.3390,  0.0977, -0.1895],
        [-0.3592,  0.3262,  0.1004, -0.1816],
        [-0.3687,  0.3320,  0.0991, -0.1852],
        [-0.3774,  0.3373,  0.0981, -0.1884]], device='cuda:0',
       grad_fn=<SliceBackward0>)
tensor([8, 1, 0, 0, 0, 0, 0, 0, 0, 0, 0, 0, 0, 0, 0, 0, 0, 0, 0, 0],
       device='cuda:0')
tensor([[-0.2681, -0.1588, -0.2156, -0.0359],
        [ 0.2507, -0.0301, -0.0423,  0.0819],
        [ 0.0506,  0.0781, -0.1539, -0.0139],
        [ 0.2507, -0.0301, -0.0423,  0.0819],
        [ 0.2507, -0.0301, -0.0423,  0.0819],
        [ 0.2507, -0.0301, -0.0423,  0.0819],
        [ 0.2507, -0.0301, -0.0423,  0.0819],
        [ 0.2507, -0.0301, -0.0423,  0.0819],
        [ 0.2507, -0.0301, -0.0423,  0.0819],
        [ 0.2507, -0.0301, -0.0423,  0.0819],
        [-0.0599,  0.1362, -0.2161, -0.0668],
        [ 0.2507, -0.0301, -0.0423,  0.0819],
        [ 0.2507, -0.0301, -0.0423,  0.0819],
        [ 0.2507, -0.0301, -0.0423,  0.0819],
        [ 0.2507, -0.0301, -0.0423,  0.0819],
        [ 0.2507, -0.0301, -0.0423,  0.0819],
        [ 0.2507, -0.0301, -0.0423,  0.0819],
        [ 0.2507, -0.0301, -0.0423,  0.0819],
        [ 0.2507, -0.0301, -0.0423,  0.0819],
        [ 0.2507, -0.0301, -0.0423,  0.0819]], device='cuda:0',
       grad_fn=<SliceBackward0>)
train: {'epoch': 144, 'time_epoch': 13.32509, 'eta': 3411.3073, 'eta_hours': 0.94759, 'loss': 0.31107771, 'lr': 0.00073592, 'params': 553882, 'time_iter': 0.08487, 'mae': 0.31108, 'r2': 0.83355, 'spearmanr': 0.96566, 'mse': 0.67302, 'rmse': 0.82038}
val: {'epoch': 144, 'time_epoch': 0.50885, 'loss': 0.45448622, 'lr': 0, 'params': 553882, 'time_iter': 0.0318, 'mae': 0.45449, 'r2': 0.72375, 'spearmanr': 0.94226, 'mse': 1.08809, 'rmse': 1.04312, 'loss_recon': 0.0, 'loss_recon_node': 0.0, 'loss_recon_edge': 0.0, 'loss_recon_tuple': 0.0, 'loss_recon_nodepe': 0.0, 'loss_recon_edgepe': 0.0}
test: {'epoch': 144, 'time_epoch': 0.50844, 'loss': 0.4834056, 'lr': 0, 'params': 553882, 'time_iter': 0.03178, 'mae': 0.48341, 'r2': 0.7619, 'spearmanr': 0.92914, 'mse': 0.96865, 'rmse': 0.9842, 'loss_recon': 0.0, 'loss_recon_node': 0.0, 'loss_recon_edge': 0.0, 'loss_recon_tuple': 0.0, 'loss_recon_nodepe': 0.0, 'loss_recon_edgepe': 0.0}
> Epoch 144: took 14.4s (avg 14.4s) | Best so far: epoch 140	train_loss: 0.3287 train_mae: 0.3287	val_loss: 0.3623 val_mae: 0.3623	test_loss: 0.3843 test_mae: 0.3843
train: {'epoch': 145, 'time_epoch': 13.30814, 'eta': 3397.80866, 'eta_hours': 0.94384, 'loss': 0.32624863, 'lr': 0.00073236, 'params': 553882, 'time_iter': 0.08477, 'mae': 0.32625, 'r2': 0.85899, 'spearmanr': 0.95869, 'mse': 0.57015, 'rmse': 0.75508}
val: {'epoch': 145, 'time_epoch': 0.51221, 'loss': 0.49312626, 'lr': 0, 'params': 553882, 'time_iter': 0.03201, 'mae': 0.49313, 'r2': 0.72985, 'spearmanr': 0.94717, 'mse': 1.06405, 'rmse': 1.03153, 'loss_recon': 0.0, 'loss_recon_node': 0.0, 'loss_recon_edge': 0.0, 'loss_recon_tuple': 0.0, 'loss_recon_nodepe': 0.0, 'loss_recon_edgepe': 0.0}
test: {'epoch': 145, 'time_epoch': 0.50696, 'loss': 0.5168857, 'lr': 0, 'params': 553882, 'time_iter': 0.03168, 'mae': 0.51689, 'r2': 0.77908, 'spearmanr': 0.93373, 'mse': 0.89877, 'rmse': 0.94804, 'loss_recon': 0.0, 'loss_recon_node': 0.0, 'loss_recon_edge': 0.0, 'loss_recon_tuple': 0.0, 'loss_recon_nodepe': 0.0, 'loss_recon_edgepe': 0.0}
> Epoch 145: took 14.3s (avg 14.4s) | Best so far: epoch 140	train_loss: 0.3287 train_mae: 0.3287	val_loss: 0.3623 val_mae: 0.3623	test_loss: 0.3843 test_mae: 0.3843
train: {'epoch': 146, 'time_epoch': 13.28034, 'eta': 3384.26476, 'eta_hours': 0.94007, 'loss': 0.34893686, 'lr': 0.00072879, 'params': 553882, 'time_iter': 0.08459, 'mae': 0.34894, 'r2': 0.86308, 'spearmanr': 0.95622, 'mse': 0.55362, 'rmse': 0.74406}
val: {'epoch': 146, 'time_epoch': 0.50679, 'loss': 0.41105324, 'lr': 0, 'params': 553882, 'time_iter': 0.03167, 'mae': 0.41105, 'r2': 0.73375, 'spearmanr': 0.94468, 'mse': 1.04871, 'rmse': 1.02407, 'loss_recon': 0.0, 'loss_recon_node': 0.0, 'loss_recon_edge': 0.0, 'loss_recon_tuple': 0.0, 'loss_recon_nodepe': 0.0, 'loss_recon_edgepe': 0.0}
test: {'epoch': 146, 'time_epoch': 0.50535, 'loss': 0.43303774, 'lr': 0, 'params': 553882, 'time_iter': 0.03158, 'mae': 0.43304, 'r2': 0.78029, 'spearmanr': 0.93569, 'mse': 0.89383, 'rmse': 0.94543, 'loss_recon': 0.0, 'loss_recon_node': 0.0, 'loss_recon_edge': 0.0, 'loss_recon_tuple': 0.0, 'loss_recon_nodepe': 0.0, 'loss_recon_edgepe': 0.0}
> Epoch 146: took 14.3s (avg 14.4s) | Best so far: epoch 140	train_loss: 0.3287 train_mae: 0.3287	val_loss: 0.3623 val_mae: 0.3623	test_loss: 0.3843 test_mae: 0.3843
train: {'epoch': 147, 'time_epoch': 13.24055, 'eta': 3370.65667, 'eta_hours': 0.93629, 'loss': 0.31254444, 'lr': 0.0007252, 'params': 553882, 'time_iter': 0.08433, 'mae': 0.31254, 'r2': 0.88002, 'spearmanr': 0.9632, 'mse': 0.48512, 'rmse': 0.69651}
val: {'epoch': 147, 'time_epoch': 0.5042, 'loss': 0.42018182, 'lr': 0, 'params': 553882, 'time_iter': 0.03151, 'mae': 0.42018, 'r2': 0.72821, 'spearmanr': 0.94542, 'mse': 1.07051, 'rmse': 1.03465, 'loss_recon': 0.0, 'loss_recon_node': 0.0, 'loss_recon_edge': 0.0, 'loss_recon_tuple': 0.0, 'loss_recon_nodepe': 0.0, 'loss_recon_edgepe': 0.0}
test: {'epoch': 147, 'time_epoch': 0.50334, 'loss': 0.4561403, 'lr': 0, 'params': 553882, 'time_iter': 0.03146, 'mae': 0.45614, 'r2': 0.76001, 'spearmanr': 0.93018, 'mse': 0.97635, 'rmse': 0.9881, 'loss_recon': 0.0, 'loss_recon_node': 0.0, 'loss_recon_edge': 0.0, 'loss_recon_tuple': 0.0, 'loss_recon_nodepe': 0.0, 'loss_recon_edgepe': 0.0}
> Epoch 147: took 14.3s (avg 14.4s) | Best so far: epoch 140	train_loss: 0.3287 train_mae: 0.3287	val_loss: 0.3623 val_mae: 0.3623	test_loss: 0.3843 test_mae: 0.3843
train: {'epoch': 148, 'time_epoch': 13.21528, 'eta': 3357.01095, 'eta_hours': 0.9325, 'loss': 0.33766105, 'lr': 0.0007216, 'params': 553882, 'time_iter': 0.08417, 'mae': 0.33766, 'r2': 0.84423, 'spearmanr': 0.95545, 'mse': 0.62985, 'rmse': 0.79363}
val: {'epoch': 148, 'time_epoch': 0.50268, 'loss': 0.75581825, 'lr': 0, 'params': 553882, 'time_iter': 0.03142, 'mae': 0.75582, 'r2': 0.67087, 'spearmanr': 0.94493, 'mse': 1.29635, 'rmse': 1.13858, 'loss_recon': 0.0, 'loss_recon_node': 0.0, 'loss_recon_edge': 0.0, 'loss_recon_tuple': 0.0, 'loss_recon_nodepe': 0.0, 'loss_recon_edgepe': 0.0}
test: {'epoch': 148, 'time_epoch': 0.50373, 'loss': 0.7777362, 'lr': 0, 'params': 553882, 'time_iter': 0.03148, 'mae': 0.77774, 'r2': 0.72763, 'spearmanr': 0.93448, 'mse': 1.10809, 'rmse': 1.05266, 'loss_recon': 0.0, 'loss_recon_node': 0.0, 'loss_recon_edge': 0.0, 'loss_recon_tuple': 0.0, 'loss_recon_nodepe': 0.0, 'loss_recon_edgepe': 0.0}
> Epoch 148: took 14.2s (avg 14.4s) | Best so far: epoch 140	train_loss: 0.3287 train_mae: 0.3287	val_loss: 0.3623 val_mae: 0.3623	test_loss: 0.3843 test_mae: 0.3843
train: {'epoch': 149, 'time_epoch': 13.20242, 'eta': 3343.34953, 'eta_hours': 0.92871, 'loss': 0.2993067, 'lr': 0.00071798, 'params': 553882, 'time_iter': 0.08409, 'mae': 0.29931, 'r2': 0.86076, 'spearmanr': 0.96549, 'mse': 0.56299, 'rmse': 0.75033}
val: {'epoch': 149, 'time_epoch': 0.50347, 'loss': 0.47113328, 'lr': 0, 'params': 553882, 'time_iter': 0.03147, 'mae': 0.47113, 'r2': 0.6908, 'spearmanr': 0.93815, 'mse': 1.21785, 'rmse': 1.10356, 'loss_recon': 0.0, 'loss_recon_node': 0.0, 'loss_recon_edge': 0.0, 'loss_recon_tuple': 0.0, 'loss_recon_nodepe': 0.0, 'loss_recon_edgepe': 0.0}
test: {'epoch': 149, 'time_epoch': 0.50348, 'loss': 0.50852846, 'lr': 0, 'params': 553882, 'time_iter': 0.03147, 'mae': 0.50853, 'r2': 0.7212, 'spearmanr': 0.92696, 'mse': 1.13426, 'rmse': 1.06502, 'loss_recon': 0.0, 'loss_recon_node': 0.0, 'loss_recon_edge': 0.0, 'loss_recon_tuple': 0.0, 'loss_recon_nodepe': 0.0, 'loss_recon_edgepe': 0.0}
> Epoch 149: took 14.2s (avg 14.4s) | Best so far: epoch 140	train_loss: 0.3287 train_mae: 0.3287	val_loss: 0.3623 val_mae: 0.3623	test_loss: 0.3843 test_mae: 0.3843
train: {'epoch': 150, 'time_epoch': 13.19096, 'eta': 3329.67528, 'eta_hours': 0.92491, 'loss': 0.29143831, 'lr': 0.00071435, 'params': 553882, 'time_iter': 0.08402, 'mae': 0.29144, 'r2': 0.8788, 'spearmanr': 0.96452, 'mse': 0.49008, 'rmse': 0.70006}
val: {'epoch': 150, 'time_epoch': 0.50265, 'loss': 0.51702427, 'lr': 0, 'params': 553882, 'time_iter': 0.03142, 'mae': 0.51702, 'r2': 0.71808, 'spearmanr': 0.94689, 'mse': 1.11042, 'rmse': 1.05376, 'loss_recon': 0.0, 'loss_recon_node': 0.0, 'loss_recon_edge': 0.0, 'loss_recon_tuple': 0.0, 'loss_recon_nodepe': 0.0, 'loss_recon_edgepe': 0.0}
test: {'epoch': 150, 'time_epoch': 0.50252, 'loss': 0.55502329, 'lr': 0, 'params': 553882, 'time_iter': 0.03141, 'mae': 0.55502, 'r2': 0.75483, 'spearmanr': 0.93366, 'mse': 0.99744, 'rmse': 0.99872, 'loss_recon': 0.0, 'loss_recon_node': 0.0, 'loss_recon_edge': 0.0, 'loss_recon_tuple': 0.0, 'loss_recon_nodepe': 0.0, 'loss_recon_edgepe': 0.0}
> Epoch 150: took 14.2s (avg 14.4s) | Best so far: epoch 140	train_loss: 0.3287 train_mae: 0.3287	val_loss: 0.3623 val_mae: 0.3623	test_loss: 0.3843 test_mae: 0.3843
train: {'epoch': 151, 'time_epoch': 13.19564, 'eta': 3316.01504, 'eta_hours': 0.92112, 'loss': 0.31037742, 'lr': 0.0007107, 'params': 553882, 'time_iter': 0.08405, 'mae': 0.31038, 'r2': 0.8437, 'spearmanr': 0.96318, 'mse': 0.632, 'rmse': 0.79498}
val: {'epoch': 151, 'time_epoch': 0.50434, 'loss': 1.05445144, 'lr': 0, 'params': 553882, 'time_iter': 0.03152, 'mae': 1.05445, 'r2': 0.44214, 'spearmanr': 0.93719, 'mse': 2.19728, 'rmse': 1.48232, 'loss_recon': 0.0, 'loss_recon_node': 0.0, 'loss_recon_edge': 0.0, 'loss_recon_tuple': 0.0, 'loss_recon_nodepe': 0.0, 'loss_recon_edgepe': 0.0}
test: {'epoch': 151, 'time_epoch': 0.50265, 'loss': 1.09961327, 'lr': 0, 'params': 553882, 'time_iter': 0.03142, 'mae': 1.09961, 'r2': 0.46597, 'spearmanr': 0.92775, 'mse': 2.1726, 'rmse': 1.47397, 'loss_recon': 0.0, 'loss_recon_node': 0.0, 'loss_recon_edge': 0.0, 'loss_recon_tuple': 0.0, 'loss_recon_nodepe': 0.0, 'loss_recon_edgepe': 0.0}
> Epoch 151: took 14.2s (avg 14.4s) | Best so far: epoch 140	train_loss: 0.3287 train_mae: 0.3287	val_loss: 0.3623 val_mae: 0.3623	test_loss: 0.3843 test_mae: 0.3843
train: {'epoch': 152, 'time_epoch': 13.19169, 'eta': 3302.35448, 'eta_hours': 0.91732, 'loss': 0.34071193, 'lr': 0.00070704, 'params': 553882, 'time_iter': 0.08402, 'mae': 0.34071, 'r2': 0.8336, 'spearmanr': 0.95497, 'mse': 0.67284, 'rmse': 0.82027}
val: {'epoch': 152, 'time_epoch': 0.5021, 'loss': 0.57640305, 'lr': 0, 'params': 553882, 'time_iter': 0.03138, 'mae': 0.5764, 'r2': 0.71237, 'spearmanr': 0.94514, 'mse': 1.13289, 'rmse': 1.06437, 'loss_recon': 0.0, 'loss_recon_node': 0.0, 'loss_recon_edge': 0.0, 'loss_recon_tuple': 0.0, 'loss_recon_nodepe': 0.0, 'loss_recon_edgepe': 0.0}
test: {'epoch': 152, 'time_epoch': 0.50224, 'loss': 0.61115255, 'lr': 0, 'params': 553882, 'time_iter': 0.03139, 'mae': 0.61115, 'r2': 0.75674, 'spearmanr': 0.93247, 'mse': 0.98967, 'rmse': 0.99482, 'loss_recon': 0.0, 'loss_recon_node': 0.0, 'loss_recon_edge': 0.0, 'loss_recon_tuple': 0.0, 'loss_recon_nodepe': 0.0, 'loss_recon_edgepe': 0.0}
> Epoch 152: took 14.2s (avg 14.4s) | Best so far: epoch 140	train_loss: 0.3287 train_mae: 0.3287	val_loss: 0.3623 val_mae: 0.3623	test_loss: 0.3843 test_mae: 0.3843
tensor([1, 1, 1, 1, 1, 1, 3, 2, 1, 1, 3, 1, 2, 3, 1, 1, 1, 1, 1, 1],
       device='cuda:0')
tensor([[-0.4368,  0.3820,  0.0993, -0.2074],
        [-0.5247,  0.4395,  0.0914, -0.2376],
        [-0.5378,  0.4480,  0.0902, -0.2422],
        [-0.5146,  0.4329,  0.0923, -0.2341],
        [-0.5068,  0.4278,  0.0930, -0.2315],
        [-0.4437,  0.3865,  0.0986, -0.2098],
        [-0.4803,  0.4104,  0.0953, -0.2224],
        [-0.3959,  0.3553,  0.1029, -0.1933],
        [-0.5088,  0.4291,  0.0928, -0.2322],
        [-0.5439,  0.4519,  0.0896, -0.2444],
        [-0.2943,  0.2890,  0.1120, -0.1582],
        [-0.4649,  0.4003,  0.0967, -0.2171],
        [-0.3284,  0.3112,  0.1089, -0.1701],
        [-0.1743,  0.2106,  0.1227, -0.1169],
        [-0.2642,  0.2692,  0.1147, -0.1479],
        [-0.5405,  0.4497,  0.0900, -0.2432],
        [-0.4813,  0.4111,  0.0953, -0.2227],
        [-0.5400,  0.4494,  0.0900, -0.2429],
        [-0.5112,  0.4306,  0.0926, -0.2330],
        [-0.5395,  0.4491,  0.0901, -0.2428]], device='cuda:0',
       grad_fn=<SliceBackward0>)
tensor([8, 1, 0, 0, 0, 0, 0, 0, 0, 0, 0, 0, 0, 0, 0, 0, 0, 0, 0, 0],
       device='cuda:0')
tensor([[-0.5066, -0.2453, -0.2815, -0.0778],
        [ 0.2478, -0.0291, -0.0417,  0.0816],
        [ 0.2478, -0.0291, -0.0417,  0.0816],
        [ 0.2478, -0.0291, -0.0417,  0.0816],
        [ 0.2478, -0.0291, -0.0417,  0.0816],
        [ 0.2478, -0.0291, -0.0417,  0.0816],
        [ 0.2478, -0.0291, -0.0417,  0.0816],
        [ 0.2478, -0.0291, -0.0417,  0.0816],
        [ 0.2478, -0.0291, -0.0417,  0.0816],
        [ 0.1817,  0.0108, -0.0769,  0.0495],
        [ 0.2478, -0.0291, -0.0417,  0.0816],
        [ 0.2478, -0.0291, -0.0417,  0.0816],
        [ 0.2478, -0.0291, -0.0417,  0.0816],
        [ 0.2478, -0.0291, -0.0417,  0.0816],
        [ 0.2478, -0.0291, -0.0417,  0.0816],
        [ 0.2478, -0.0291, -0.0417,  0.0816],
        [ 0.2478, -0.0291, -0.0417,  0.0816],
        [ 0.2478, -0.0291, -0.0417,  0.0816],
        [ 0.2478, -0.0291, -0.0417,  0.0816],
        [ 0.2478, -0.0291, -0.0417,  0.0816]], device='cuda:0',
       grad_fn=<SliceBackward0>)
train: {'epoch': 153, 'time_epoch': 13.20426, 'eta': 3288.7201, 'eta_hours': 0.91353, 'loss': 0.34848526, 'lr': 0.00070337, 'params': 553882, 'time_iter': 0.0841, 'mae': 0.34849, 'r2': 0.80248, 'spearmanr': 0.95414, 'mse': 0.79867, 'rmse': 0.89368}
val: {'epoch': 153, 'time_epoch': 0.50289, 'loss': 0.49281135, 'lr': 0, 'params': 553882, 'time_iter': 0.03143, 'mae': 0.49281, 'r2': 0.66757, 'spearmanr': 0.93992, 'mse': 1.30935, 'rmse': 1.14427, 'loss_recon': 0.0, 'loss_recon_node': 0.0, 'loss_recon_edge': 0.0, 'loss_recon_tuple': 0.0, 'loss_recon_nodepe': 0.0, 'loss_recon_edgepe': 0.0}
test: {'epoch': 153, 'time_epoch': 0.50366, 'loss': 0.53528484, 'lr': 0, 'params': 553882, 'time_iter': 0.03148, 'mae': 0.53528, 'r2': 0.68966, 'spearmanr': 0.92519, 'mse': 1.26254, 'rmse': 1.12363, 'loss_recon': 0.0, 'loss_recon_node': 0.0, 'loss_recon_edge': 0.0, 'loss_recon_tuple': 0.0, 'loss_recon_nodepe': 0.0, 'loss_recon_edgepe': 0.0}
> Epoch 153: took 14.2s (avg 14.4s) | Best so far: epoch 140	train_loss: 0.3287 train_mae: 0.3287	val_loss: 0.3623 val_mae: 0.3623	test_loss: 0.3843 test_mae: 0.3843
train: {'epoch': 154, 'time_epoch': 13.21633, 'eta': 3275.11034, 'eta_hours': 0.90975, 'loss': 0.32222263, 'lr': 0.00069968, 'params': 553882, 'time_iter': 0.08418, 'mae': 0.32222, 'r2': 0.84839, 'spearmanr': 0.96217, 'mse': 0.61303, 'rmse': 0.78296}
val: {'epoch': 154, 'time_epoch': 0.50366, 'loss': 0.42491811, 'lr': 0, 'params': 553882, 'time_iter': 0.03148, 'mae': 0.42492, 'r2': 0.69111, 'spearmanr': 0.94142, 'mse': 1.21665, 'rmse': 1.10302, 'loss_recon': 0.0, 'loss_recon_node': 0.0, 'loss_recon_edge': 0.0, 'loss_recon_tuple': 0.0, 'loss_recon_nodepe': 0.0, 'loss_recon_edgepe': 0.0}
test: {'epoch': 154, 'time_epoch': 0.50253, 'loss': 0.45642883, 'lr': 0, 'params': 553882, 'time_iter': 0.03141, 'mae': 0.45643, 'r2': 0.71865, 'spearmanr': 0.92887, 'mse': 1.1446, 'rmse': 1.06986, 'loss_recon': 0.0, 'loss_recon_node': 0.0, 'loss_recon_edge': 0.0, 'loss_recon_tuple': 0.0, 'loss_recon_nodepe': 0.0, 'loss_recon_edgepe': 0.0}
> Epoch 154: took 14.2s (avg 14.4s) | Best so far: epoch 140	train_loss: 0.3287 train_mae: 0.3287	val_loss: 0.3623 val_mae: 0.3623	test_loss: 0.3843 test_mae: 0.3843
train: {'epoch': 155, 'time_epoch': 13.20778, 'eta': 3261.49226, 'eta_hours': 0.90597, 'loss': 0.33641868, 'lr': 0.00069598, 'params': 553882, 'time_iter': 0.08413, 'mae': 0.33642, 'r2': 0.83053, 'spearmanr': 0.95951, 'mse': 0.68525, 'rmse': 0.8278}
val: {'epoch': 155, 'time_epoch': 0.50284, 'loss': 0.40458402, 'lr': 0, 'params': 553882, 'time_iter': 0.03143, 'mae': 0.40458, 'r2': 0.71045, 'spearmanr': 0.94599, 'mse': 1.14045, 'rmse': 1.06792, 'loss_recon': 0.0, 'loss_recon_node': 0.0, 'loss_recon_edge': 0.0, 'loss_recon_tuple': 0.0, 'loss_recon_nodepe': 0.0, 'loss_recon_edgepe': 0.0}
test: {'epoch': 155, 'time_epoch': 0.50305, 'loss': 0.43953545, 'lr': 0, 'params': 553882, 'time_iter': 0.03144, 'mae': 0.43954, 'r2': 0.74526, 'spearmanr': 0.93459, 'mse': 1.03634, 'rmse': 1.01801, 'loss_recon': 0.0, 'loss_recon_node': 0.0, 'loss_recon_edge': 0.0, 'loss_recon_tuple': 0.0, 'loss_recon_nodepe': 0.0, 'loss_recon_edgepe': 0.0}
> Epoch 155: took 14.2s (avg 14.4s) | Best so far: epoch 140	train_loss: 0.3287 train_mae: 0.3287	val_loss: 0.3623 val_mae: 0.3623	test_loss: 0.3843 test_mae: 0.3843
train: {'epoch': 156, 'time_epoch': 13.2123, 'eta': 3247.8864, 'eta_hours': 0.90219, 'loss': 0.29965353, 'lr': 0.00069227, 'params': 553882, 'time_iter': 0.08415, 'mae': 0.29965, 'r2': 0.88972, 'spearmanr': 0.96338, 'mse': 0.44593, 'rmse': 0.66778}
val: {'epoch': 156, 'time_epoch': 0.50453, 'loss': 0.42831865, 'lr': 0, 'params': 553882, 'time_iter': 0.03153, 'mae': 0.42832, 'r2': 0.715, 'spearmanr': 0.93719, 'mse': 1.12255, 'rmse': 1.0595, 'loss_recon': 0.0, 'loss_recon_node': 0.0, 'loss_recon_edge': 0.0, 'loss_recon_tuple': 0.0, 'loss_recon_nodepe': 0.0, 'loss_recon_edgepe': 0.0}
test: {'epoch': 156, 'time_epoch': 0.50398, 'loss': 0.44799831, 'lr': 0, 'params': 553882, 'time_iter': 0.0315, 'mae': 0.448, 'r2': 0.75605, 'spearmanr': 0.92703, 'mse': 0.99247, 'rmse': 0.99623, 'loss_recon': 0.0, 'loss_recon_node': 0.0, 'loss_recon_edge': 0.0, 'loss_recon_tuple': 0.0, 'loss_recon_nodepe': 0.0, 'loss_recon_edgepe': 0.0}
> Epoch 156: took 14.2s (avg 14.4s) | Best so far: epoch 140	train_loss: 0.3287 train_mae: 0.3287	val_loss: 0.3623 val_mae: 0.3623	test_loss: 0.3843 test_mae: 0.3843
train: {'epoch': 157, 'time_epoch': 13.20925, 'eta': 3234.28086, 'eta_hours': 0.89841, 'loss': 0.2970785, 'lr': 0.00068855, 'params': 553882, 'time_iter': 0.08414, 'mae': 0.29708, 'r2': 0.88521, 'spearmanr': 0.96353, 'mse': 0.46415, 'rmse': 0.68128}
val: {'epoch': 157, 'time_epoch': 0.50343, 'loss': 0.35699999, 'lr': 0, 'params': 553882, 'time_iter': 0.03146, 'mae': 0.357, 'r2': 0.73244, 'spearmanr': 0.9468, 'mse': 1.05387, 'rmse': 1.02658, 'loss_recon': 0.0, 'loss_recon_node': 0.0, 'loss_recon_edge': 0.0, 'loss_recon_tuple': 0.0, 'loss_recon_nodepe': 0.0, 'loss_recon_edgepe': 0.0}
test: {'epoch': 157, 'time_epoch': 0.50302, 'loss': 0.37847906, 'lr': 0, 'params': 553882, 'time_iter': 0.03144, 'mae': 0.37848, 'r2': 0.77296, 'spearmanr': 0.93677, 'mse': 0.92365, 'rmse': 0.96107, 'loss_recon': 0.0, 'loss_recon_node': 0.0, 'loss_recon_edge': 0.0, 'loss_recon_tuple': 0.0, 'loss_recon_nodepe': 0.0, 'loss_recon_edgepe': 0.0}
> Epoch 157: took 14.2s (avg 14.4s) | Best so far: epoch 157	train_loss: 0.2971 train_mae: 0.2971	val_loss: 0.3570 val_mae: 0.3570	test_loss: 0.3785 test_mae: 0.3785
train: {'epoch': 158, 'time_epoch': 13.20215, 'eta': 3220.66953, 'eta_hours': 0.89463, 'loss': 0.31273421, 'lr': 0.00068481, 'params': 553882, 'time_iter': 0.08409, 'mae': 0.31273, 'r2': 0.84306, 'spearmanr': 0.96166, 'mse': 0.63459, 'rmse': 0.79661}
val: {'epoch': 158, 'time_epoch': 0.50316, 'loss': 0.49953153, 'lr': 0, 'params': 553882, 'time_iter': 0.03145, 'mae': 0.49953, 'r2': 0.73027, 'spearmanr': 0.94852, 'mse': 1.06239, 'rmse': 1.03072, 'loss_recon': 0.0, 'loss_recon_node': 0.0, 'loss_recon_edge': 0.0, 'loss_recon_tuple': 0.0, 'loss_recon_nodepe': 0.0, 'loss_recon_edgepe': 0.0}
test: {'epoch': 158, 'time_epoch': 0.50287, 'loss': 0.52421748, 'lr': 0, 'params': 553882, 'time_iter': 0.03143, 'mae': 0.52422, 'r2': 0.77834, 'spearmanr': 0.93826, 'mse': 0.90178, 'rmse': 0.94962, 'loss_recon': 0.0, 'loss_recon_node': 0.0, 'loss_recon_edge': 0.0, 'loss_recon_tuple': 0.0, 'loss_recon_nodepe': 0.0, 'loss_recon_edgepe': 0.0}
> Epoch 158: took 14.2s (avg 14.4s) | Best so far: epoch 157	train_loss: 0.2971 train_mae: 0.2971	val_loss: 0.3570 val_mae: 0.3570	test_loss: 0.3785 test_mae: 0.3785
train: {'epoch': 159, 'time_epoch': 13.21588, 'eta': 3207.08391, 'eta_hours': 0.89086, 'loss': 0.32703929, 'lr': 0.00068106, 'params': 553882, 'time_iter': 0.08418, 'mae': 0.32704, 'r2': 0.83623, 'spearmanr': 0.95913, 'mse': 0.66218, 'rmse': 0.81374}
val: {'epoch': 159, 'time_epoch': 0.50559, 'loss': 0.43517388, 'lr': 0, 'params': 553882, 'time_iter': 0.0316, 'mae': 0.43517, 'r2': 0.73793, 'spearmanr': 0.94786, 'mse': 1.03224, 'rmse': 1.01599, 'loss_recon': 0.0, 'loss_recon_node': 0.0, 'loss_recon_edge': 0.0, 'loss_recon_tuple': 0.0, 'loss_recon_nodepe': 0.0, 'loss_recon_edgepe': 0.0}
test: {'epoch': 159, 'time_epoch': 0.50367, 'loss': 0.4648029, 'lr': 0, 'params': 553882, 'time_iter': 0.03148, 'mae': 0.4648, 'r2': 0.78253, 'spearmanr': 0.93765, 'mse': 0.88474, 'rmse': 0.94061, 'loss_recon': 0.0, 'loss_recon_node': 0.0, 'loss_recon_edge': 0.0, 'loss_recon_tuple': 0.0, 'loss_recon_nodepe': 0.0, 'loss_recon_edgepe': 0.0}
> Epoch 159: took 14.2s (avg 14.4s) | Best so far: epoch 157	train_loss: 0.2971 train_mae: 0.2971	val_loss: 0.3570 val_mae: 0.3570	test_loss: 0.3785 test_mae: 0.3785
train: {'epoch': 160, 'time_epoch': 13.20502, 'eta': 3193.48677, 'eta_hours': 0.88708, 'loss': 0.3041773, 'lr': 0.0006773, 'params': 553882, 'time_iter': 0.08411, 'mae': 0.30418, 'r2': 0.84875, 'spearmanr': 0.96412, 'mse': 0.61156, 'rmse': 0.78203}
val: {'epoch': 160, 'time_epoch': 0.50294, 'loss': 0.39083359, 'lr': 0, 'params': 553882, 'time_iter': 0.03143, 'mae': 0.39083, 'r2': 0.71322, 'spearmanr': 0.94802, 'mse': 1.12956, 'rmse': 1.06281, 'loss_recon': 0.0, 'loss_recon_node': 0.0, 'loss_recon_edge': 0.0, 'loss_recon_tuple': 0.0, 'loss_recon_nodepe': 0.0, 'loss_recon_edgepe': 0.0}
test: {'epoch': 160, 'time_epoch': 0.50378, 'loss': 0.42574991, 'lr': 0, 'params': 553882, 'time_iter': 0.03149, 'mae': 0.42575, 'r2': 0.74811, 'spearmanr': 0.93768, 'mse': 1.02475, 'rmse': 1.0123, 'loss_recon': 0.0, 'loss_recon_node': 0.0, 'loss_recon_edge': 0.0, 'loss_recon_tuple': 0.0, 'loss_recon_nodepe': 0.0, 'loss_recon_edgepe': 0.0}
> Epoch 160: took 14.2s (avg 14.4s) | Best so far: epoch 157	train_loss: 0.2971 train_mae: 0.2971	val_loss: 0.3570 val_mae: 0.3570	test_loss: 0.3785 test_mae: 0.3785
train: {'epoch': 161, 'time_epoch': 13.2136, 'eta': 3179.90707, 'eta_hours': 0.88331, 'loss': 0.31523328, 'lr': 0.00067353, 'params': 553882, 'time_iter': 0.08416, 'mae': 0.31523, 'r2': 0.88752, 'spearmanr': 0.96227, 'mse': 0.45482, 'rmse': 0.6744}
val: {'epoch': 161, 'time_epoch': 0.5044, 'loss': 0.38137739, 'lr': 0, 'params': 553882, 'time_iter': 0.03153, 'mae': 0.38138, 'r2': 0.73033, 'spearmanr': 0.94622, 'mse': 1.06217, 'rmse': 1.03061, 'loss_recon': 0.0, 'loss_recon_node': 0.0, 'loss_recon_edge': 0.0, 'loss_recon_tuple': 0.0, 'loss_recon_nodepe': 0.0, 'loss_recon_edgepe': 0.0}
test: {'epoch': 161, 'time_epoch': 0.50354, 'loss': 0.40078825, 'lr': 0, 'params': 553882, 'time_iter': 0.03147, 'mae': 0.40079, 'r2': 0.77298, 'spearmanr': 0.93597, 'mse': 0.9236, 'rmse': 0.96104, 'loss_recon': 0.0, 'loss_recon_node': 0.0, 'loss_recon_edge': 0.0, 'loss_recon_tuple': 0.0, 'loss_recon_nodepe': 0.0, 'loss_recon_edgepe': 0.0}
> Epoch 161: took 14.2s (avg 14.4s) | Best so far: epoch 157	train_loss: 0.2971 train_mae: 0.2971	val_loss: 0.3570 val_mae: 0.3570	test_loss: 0.3785 test_mae: 0.3785
tensor([1, 5, 1, 1, 1, 5, 3, 1, 1, 2, 3, 1, 1, 1, 1, 1, 1, 1, 3, 1],
       device='cuda:0')
tensor([[-0.2770,  0.2804,  0.1174, -0.1522],
        [-0.2828,  0.2841,  0.1169, -0.1542],
        [-0.3117,  0.3034,  0.1146, -0.1646],
        [-0.5343,  0.4509,  0.0969, -0.2444],
        [-0.3611,  0.3362,  0.1108, -0.1822],
        [-0.2130,  0.2379,  0.1225, -0.1292],
        [-0.1493,  0.1975,  0.1290, -0.1048],
        [-0.3885,  0.3543,  0.1086, -0.1921],
        [-0.5213,  0.4424,  0.0980, -0.2396],
        [-0.5514,  0.4624,  0.0957, -0.2503],
        [-0.1493,  0.1975,  0.1290, -0.1048],
        [-0.3708,  0.3426,  0.1100, -0.1857],
        [-0.6023,  0.4962,  0.0916, -0.2686],
        [-0.5579,  0.4667,  0.0951, -0.2527],
        [-0.6020,  0.4960,  0.0917, -0.2685],
        [-0.6033,  0.4968,  0.0915, -0.2690],
        [-0.6010,  0.4953,  0.0917, -0.2681],
        [-0.2665,  0.2734,  0.1183, -0.1483],
        [-0.3066,  0.3000,  0.1151, -0.1627],
        [-0.6017,  0.4958,  0.0917, -0.2683]], device='cuda:0',
       grad_fn=<SliceBackward0>)
tensor([8, 1, 0, 0, 0, 0, 0, 0, 0, 0, 0, 0, 0, 0, 0, 0, 0, 0, 0, 0],
       device='cuda:0')
tensor([[-0.3885, -0.1573, -0.2499, -0.0587],
        [ 0.2447, -0.0277, -0.0409,  0.0811],
        [-0.0689,  0.1542, -0.2078, -0.0701],
        [ 0.1687,  0.0203, -0.0803,  0.0446],
        [ 0.0520,  0.0866, -0.1428, -0.0117],
        [ 0.2447, -0.0277, -0.0409,  0.0811],
        [ 0.2447, -0.0277, -0.0409,  0.0811],
        [ 0.2447, -0.0277, -0.0409,  0.0811],
        [ 0.2447, -0.0277, -0.0409,  0.0811],
        [ 0.2447, -0.0277, -0.0409,  0.0811],
        [ 0.2447, -0.0277, -0.0409,  0.0811],
        [ 0.2447, -0.0277, -0.0409,  0.0811],
        [ 0.2447, -0.0277, -0.0409,  0.0811],
        [ 0.2447, -0.0277, -0.0409,  0.0811],
        [ 0.2447, -0.0277, -0.0409,  0.0811],
        [ 0.2447, -0.0277, -0.0409,  0.0811],
        [ 0.2447, -0.0277, -0.0409,  0.0811],
        [ 0.2447, -0.0277, -0.0409,  0.0811],
        [ 0.2447, -0.0277, -0.0409,  0.0811],
        [ 0.2447, -0.0277, -0.0409,  0.0811]], device='cuda:0',
       grad_fn=<SliceBackward0>)
train: {'epoch': 162, 'time_epoch': 13.21875, 'eta': 3166.33936, 'eta_hours': 0.87954, 'loss': 0.33143869, 'lr': 0.00066975, 'params': 553882, 'time_iter': 0.0842, 'mae': 0.33144, 'r2': 0.81963, 'spearmanr': 0.96071, 'mse': 0.72933, 'rmse': 0.85401}
val: {'epoch': 162, 'time_epoch': 0.50302, 'loss': 0.36784048, 'lr': 0, 'params': 553882, 'time_iter': 0.03144, 'mae': 0.36784, 'r2': 0.73232, 'spearmanr': 0.94704, 'mse': 1.05433, 'rmse': 1.02681, 'loss_recon': 0.0, 'loss_recon_node': 0.0, 'loss_recon_edge': 0.0, 'loss_recon_tuple': 0.0, 'loss_recon_nodepe': 0.0, 'loss_recon_edgepe': 0.0}
test: {'epoch': 162, 'time_epoch': 0.50358, 'loss': 0.3883147, 'lr': 0, 'params': 553882, 'time_iter': 0.03147, 'mae': 0.38831, 'r2': 0.76935, 'spearmanr': 0.9362, 'mse': 0.93837, 'rmse': 0.96869, 'loss_recon': 0.0, 'loss_recon_node': 0.0, 'loss_recon_edge': 0.0, 'loss_recon_tuple': 0.0, 'loss_recon_nodepe': 0.0, 'loss_recon_edgepe': 0.0}
> Epoch 162: took 14.2s (avg 14.4s) | Best so far: epoch 157	train_loss: 0.2971 train_mae: 0.2971	val_loss: 0.3570 val_mae: 0.3570	test_loss: 0.3785 test_mae: 0.3785
train: {'epoch': 163, 'time_epoch': 13.21515, 'eta': 3152.77072, 'eta_hours': 0.87577, 'loss': 0.30245845, 'lr': 0.00066595, 'params': 553882, 'time_iter': 0.08417, 'mae': 0.30246, 'r2': 0.84816, 'spearmanr': 0.96452, 'mse': 0.61393, 'rmse': 0.78354}
val: {'epoch': 163, 'time_epoch': 0.50464, 'loss': 0.43620151, 'lr': 0, 'params': 553882, 'time_iter': 0.03154, 'mae': 0.4362, 'r2': 0.73567, 'spearmanr': 0.94851, 'mse': 1.04114, 'rmse': 1.02036, 'loss_recon': 0.0, 'loss_recon_node': 0.0, 'loss_recon_edge': 0.0, 'loss_recon_tuple': 0.0, 'loss_recon_nodepe': 0.0, 'loss_recon_edgepe': 0.0}
test: {'epoch': 163, 'time_epoch': 0.50361, 'loss': 0.46924608, 'lr': 0, 'params': 553882, 'time_iter': 0.03148, 'mae': 0.46925, 'r2': 0.77134, 'spearmanr': 0.93531, 'mse': 0.93027, 'rmse': 0.9645, 'loss_recon': 0.0, 'loss_recon_node': 0.0, 'loss_recon_edge': 0.0, 'loss_recon_tuple': 0.0, 'loss_recon_nodepe': 0.0, 'loss_recon_edgepe': 0.0}
> Epoch 163: took 14.2s (avg 14.4s) | Best so far: epoch 157	train_loss: 0.2971 train_mae: 0.2971	val_loss: 0.3570 val_mae: 0.3570	test_loss: 0.3785 test_mae: 0.3785
train: {'epoch': 164, 'time_epoch': 13.20474, 'eta': 3139.19153, 'eta_hours': 0.872, 'loss': 0.28640149, 'lr': 0.00066215, 'params': 553882, 'time_iter': 0.08411, 'mae': 0.2864, 'r2': 0.83791, 'spearmanr': 0.96524, 'mse': 0.65541, 'rmse': 0.80957}
val: {'epoch': 164, 'time_epoch': 0.50308, 'loss': 0.43432806, 'lr': 0, 'params': 553882, 'time_iter': 0.03144, 'mae': 0.43433, 'r2': 0.73151, 'spearmanr': 0.94768, 'mse': 1.05752, 'rmse': 1.02836, 'loss_recon': 0.0, 'loss_recon_node': 0.0, 'loss_recon_edge': 0.0, 'loss_recon_tuple': 0.0, 'loss_recon_nodepe': 0.0, 'loss_recon_edgepe': 0.0}
test: {'epoch': 164, 'time_epoch': 0.50332, 'loss': 0.45499966, 'lr': 0, 'params': 553882, 'time_iter': 0.03146, 'mae': 0.455, 'r2': 0.76748, 'spearmanr': 0.93516, 'mse': 0.94597, 'rmse': 0.97261, 'loss_recon': 0.0, 'loss_recon_node': 0.0, 'loss_recon_edge': 0.0, 'loss_recon_tuple': 0.0, 'loss_recon_nodepe': 0.0, 'loss_recon_edgepe': 0.0}
> Epoch 164: took 14.2s (avg 14.4s) | Best so far: epoch 157	train_loss: 0.2971 train_mae: 0.2971	val_loss: 0.3570 val_mae: 0.3570	test_loss: 0.3785 test_mae: 0.3785
train: {'epoch': 165, 'time_epoch': 13.21095, 'eta': 3125.62561, 'eta_hours': 0.86823, 'loss': 0.32021713, 'lr': 0.00065833, 'params': 553882, 'time_iter': 0.08415, 'mae': 0.32022, 'r2': 0.8107, 'spearmanr': 0.9608, 'mse': 0.76541, 'rmse': 0.87488}
val: {'epoch': 165, 'time_epoch': 0.50517, 'loss': 0.38742266, 'lr': 0, 'params': 553882, 'time_iter': 0.03157, 'mae': 0.38742, 'r2': 0.72333, 'spearmanr': 0.94646, 'mse': 1.08974, 'rmse': 1.04391, 'loss_recon': 0.0, 'loss_recon_node': 0.0, 'loss_recon_edge': 0.0, 'loss_recon_tuple': 0.0, 'loss_recon_nodepe': 0.0, 'loss_recon_edgepe': 0.0}
test: {'epoch': 165, 'time_epoch': 0.50418, 'loss': 0.41039455, 'lr': 0, 'params': 553882, 'time_iter': 0.03151, 'mae': 0.41039, 'r2': 0.75488, 'spearmanr': 0.93624, 'mse': 0.99723, 'rmse': 0.99861, 'loss_recon': 0.0, 'loss_recon_node': 0.0, 'loss_recon_edge': 0.0, 'loss_recon_tuple': 0.0, 'loss_recon_nodepe': 0.0, 'loss_recon_edgepe': 0.0}
> Epoch 165: took 14.2s (avg 14.4s) | Best so far: epoch 157	train_loss: 0.2971 train_mae: 0.2971	val_loss: 0.3570 val_mae: 0.3570	test_loss: 0.3785 test_mae: 0.3785
train: {'epoch': 166, 'time_epoch': 13.20962, 'eta': 3112.06208, 'eta_hours': 0.86446, 'loss': 0.28604212, 'lr': 0.00065451, 'params': 553882, 'time_iter': 0.08414, 'mae': 0.28604, 'r2': 0.84152, 'spearmanr': 0.96809, 'mse': 0.6408, 'rmse': 0.8005}
val: {'epoch': 166, 'time_epoch': 0.50234, 'loss': 0.39528462, 'lr': 0, 'params': 553882, 'time_iter': 0.0314, 'mae': 0.39528, 'r2': 0.73504, 'spearmanr': 0.94704, 'mse': 1.04362, 'rmse': 1.02158, 'loss_recon': 0.0, 'loss_recon_node': 0.0, 'loss_recon_edge': 0.0, 'loss_recon_tuple': 0.0, 'loss_recon_nodepe': 0.0, 'loss_recon_edgepe': 0.0}
test: {'epoch': 166, 'time_epoch': 0.50243, 'loss': 0.42061778, 'lr': 0, 'params': 553882, 'time_iter': 0.0314, 'mae': 0.42062, 'r2': 0.77552, 'spearmanr': 0.93635, 'mse': 0.91326, 'rmse': 0.95564, 'loss_recon': 0.0, 'loss_recon_node': 0.0, 'loss_recon_edge': 0.0, 'loss_recon_tuple': 0.0, 'loss_recon_nodepe': 0.0, 'loss_recon_edgepe': 0.0}
> Epoch 166: took 14.2s (avg 14.4s) | Best so far: epoch 157	train_loss: 0.2971 train_mae: 0.2971	val_loss: 0.3570 val_mae: 0.3570	test_loss: 0.3785 test_mae: 0.3785
train: {'epoch': 167, 'time_epoch': 13.20991, 'eta': 3098.50318, 'eta_hours': 0.8607, 'loss': 0.30648848, 'lr': 0.00065067, 'params': 553882, 'time_iter': 0.08414, 'mae': 0.30649, 'r2': 0.87286, 'spearmanr': 0.96432, 'mse': 0.5141, 'rmse': 0.717}
val: {'epoch': 167, 'time_epoch': 0.50485, 'loss': 0.46388541, 'lr': 0, 'params': 553882, 'time_iter': 0.03155, 'mae': 0.46389, 'r2': 0.73181, 'spearmanr': 0.94782, 'mse': 1.05635, 'rmse': 1.02779, 'loss_recon': 0.0, 'loss_recon_node': 0.0, 'loss_recon_edge': 0.0, 'loss_recon_tuple': 0.0, 'loss_recon_nodepe': 0.0, 'loss_recon_edgepe': 0.0}
test: {'epoch': 167, 'time_epoch': 0.50362, 'loss': 0.47881096, 'lr': 0, 'params': 553882, 'time_iter': 0.03148, 'mae': 0.47881, 'r2': 0.77981, 'spearmanr': 0.93932, 'mse': 0.8958, 'rmse': 0.94647, 'loss_recon': 0.0, 'loss_recon_node': 0.0, 'loss_recon_edge': 0.0, 'loss_recon_tuple': 0.0, 'loss_recon_nodepe': 0.0, 'loss_recon_edgepe': 0.0}
> Epoch 167: took 14.2s (avg 14.4s) | Best so far: epoch 157	train_loss: 0.2971 train_mae: 0.2971	val_loss: 0.3570 val_mae: 0.3570	test_loss: 0.3785 test_mae: 0.3785
train: {'epoch': 168, 'time_epoch': 13.20818, 'eta': 3084.94604, 'eta_hours': 0.85693, 'loss': 0.29344811, 'lr': 0.00064683, 'params': 553882, 'time_iter': 0.08413, 'mae': 0.29345, 'r2': 0.87528, 'spearmanr': 0.96606, 'mse': 0.50429, 'rmse': 0.71014}
val: {'epoch': 168, 'time_epoch': 0.50257, 'loss': 0.53434736, 'lr': 0, 'params': 553882, 'time_iter': 0.03141, 'mae': 0.53435, 'r2': 0.72371, 'spearmanr': 0.947, 'mse': 1.08824, 'rmse': 1.04319, 'loss_recon': 0.0, 'loss_recon_node': 0.0, 'loss_recon_edge': 0.0, 'loss_recon_tuple': 0.0, 'loss_recon_nodepe': 0.0, 'loss_recon_edgepe': 0.0}
test: {'epoch': 168, 'time_epoch': 0.50266, 'loss': 0.55623754, 'lr': 0, 'params': 553882, 'time_iter': 0.03142, 'mae': 0.55624, 'r2': 0.77276, 'spearmanr': 0.93798, 'mse': 0.92447, 'rmse': 0.96149, 'loss_recon': 0.0, 'loss_recon_node': 0.0, 'loss_recon_edge': 0.0, 'loss_recon_tuple': 0.0, 'loss_recon_nodepe': 0.0, 'loss_recon_edgepe': 0.0}
> Epoch 168: took 14.2s (avg 14.4s) | Best so far: epoch 157	train_loss: 0.2971 train_mae: 0.2971	val_loss: 0.3570 val_mae: 0.3570	test_loss: 0.3785 test_mae: 0.3785
train: {'epoch': 169, 'time_epoch': 13.19987, 'eta': 3071.38176, 'eta_hours': 0.85316, 'loss': 0.2812375, 'lr': 0.00064297, 'params': 553882, 'time_iter': 0.08408, 'mae': 0.28124, 'r2': 0.88785, 'spearmanr': 0.96725, 'mse': 0.45346, 'rmse': 0.67339}
val: {'epoch': 169, 'time_epoch': 0.50387, 'loss': 0.38541914, 'lr': 0, 'params': 553882, 'time_iter': 0.03149, 'mae': 0.38542, 'r2': 0.73458, 'spearmanr': 0.94756, 'mse': 1.04541, 'rmse': 1.02245, 'loss_recon': 0.0, 'loss_recon_node': 0.0, 'loss_recon_edge': 0.0, 'loss_recon_tuple': 0.0, 'loss_recon_nodepe': 0.0, 'loss_recon_edgepe': 0.0}
test: {'epoch': 169, 'time_epoch': 0.50375, 'loss': 0.4078624, 'lr': 0, 'params': 553882, 'time_iter': 0.03148, 'mae': 0.40786, 'r2': 0.77414, 'spearmanr': 0.93645, 'mse': 0.91885, 'rmse': 0.95856, 'loss_recon': 0.0, 'loss_recon_node': 0.0, 'loss_recon_edge': 0.0, 'loss_recon_tuple': 0.0, 'loss_recon_nodepe': 0.0, 'loss_recon_edgepe': 0.0}
> Epoch 169: took 14.2s (avg 14.4s) | Best so far: epoch 157	train_loss: 0.2971 train_mae: 0.2971	val_loss: 0.3570 val_mae: 0.3570	test_loss: 0.3785 test_mae: 0.3785
train: {'epoch': 170, 'time_epoch': 13.21206, 'eta': 3057.83807, 'eta_hours': 0.8494, 'loss': 0.28325665, 'lr': 0.00063911, 'params': 553882, 'time_iter': 0.08415, 'mae': 0.28326, 'r2': 0.84784, 'spearmanr': 0.96828, 'mse': 0.61523, 'rmse': 0.78437}
val: {'epoch': 170, 'time_epoch': 0.50415, 'loss': 0.37882729, 'lr': 0, 'params': 553882, 'time_iter': 0.03151, 'mae': 0.37883, 'r2': 0.74335, 'spearmanr': 0.94896, 'mse': 1.01089, 'rmse': 1.00543, 'loss_recon': 0.0, 'loss_recon_node': 0.0, 'loss_recon_edge': 0.0, 'loss_recon_tuple': 0.0, 'loss_recon_nodepe': 0.0, 'loss_recon_edgepe': 0.0}
test: {'epoch': 170, 'time_epoch': 0.50277, 'loss': 0.4025304, 'lr': 0, 'params': 553882, 'time_iter': 0.03142, 'mae': 0.40253, 'r2': 0.79257, 'spearmanr': 0.94127, 'mse': 0.84387, 'rmse': 0.91862, 'loss_recon': 0.0, 'loss_recon_node': 0.0, 'loss_recon_edge': 0.0, 'loss_recon_tuple': 0.0, 'loss_recon_nodepe': 0.0, 'loss_recon_edgepe': 0.0}
> Epoch 170: took 14.2s (avg 14.4s) | Best so far: epoch 157	train_loss: 0.2971 train_mae: 0.2971	val_loss: 0.3570 val_mae: 0.3570	test_loss: 0.3785 test_mae: 0.3785
tensor([ 1,  1,  1,  1,  1,  1,  1,  5,  2,  1,  1,  1,  1,  3,  1, 22,  1,  1,
         1,  1], device='cuda:0')
tensor([[-0.5996,  0.4925,  0.0940, -0.2692],
        [-0.2176,  0.2303,  0.1160, -0.1384],
        [-0.7108,  0.5693,  0.0880, -0.3068],
        [-0.6607,  0.5348,  0.0908, -0.2898],
        [-0.7249,  0.5792,  0.0873, -0.3115],
        [-0.6256,  0.5106,  0.0927, -0.2779],
        [-0.1514,  0.1976,  0.1295, -0.1051],
        [-0.1924,  0.2151,  0.1189, -0.1282],
        [-0.4304,  0.3763,  0.1037, -0.2113],
        [-0.2116,  0.2262,  0.1163, -0.1365],
        [-0.5232,  0.4401,  0.0984, -0.2431],
        [-0.5065,  0.4287,  0.0994, -0.2373],
        [-0.5477,  0.4569,  0.0970, -0.2514],
        [-0.1982,  0.2175,  0.1175, -0.1314],
        [-0.5907,  0.4865,  0.0946, -0.2660],
        [-2.0193,  9.6223,  6.8498, -5.6759],
        [-0.5403,  0.4519,  0.0975, -0.2488],
        [-0.7203,  0.5759,  0.0875, -0.3100],
        [-0.7183,  0.5745,  0.0876, -0.3094],
        [-0.7128,  0.5707,  0.0879, -0.3075]], device='cuda:0',
       grad_fn=<SliceBackward0>)
tensor([8, 1, 0, 0, 0, 0, 0, 0, 0, 0, 0, 0, 0, 0, 0, 5, 1, 8, 1, 0],
       device='cuda:0')
tensor([[-0.4920, -0.1777, -0.2760, -0.0739],
        [ 0.2417, -0.0275, -0.0409,  0.0813],
        [ 0.1019,  0.0063, -0.1018,  0.0303],
        [ 0.2417, -0.0275, -0.0409,  0.0813],
        [ 0.2417, -0.0275, -0.0409,  0.0813],
        [ 0.2417, -0.0275, -0.0409,  0.0813],
        [ 0.2417, -0.0275, -0.0409,  0.0813],
        [ 0.2417, -0.0275, -0.0409,  0.0813],
        [ 0.2417, -0.0275, -0.0409,  0.0813],
        [ 0.2417, -0.0275, -0.0409,  0.0813],
        [ 0.2417, -0.0275, -0.0409,  0.0813],
        [ 0.2417, -0.0275, -0.0409,  0.0813],
        [ 0.2417, -0.0275, -0.0409,  0.0813],
        [ 0.2372, -0.0238, -0.0429,  0.0792],
        [ 0.2417, -0.0275, -0.0409,  0.0813],
        [-1.2132, -0.5029, -0.4698, -0.1715],
        [ 0.2417, -0.0275, -0.0409,  0.0813],
        [-0.4434, -0.1808, -0.2606, -0.0616],
        [ 0.2417, -0.0275, -0.0409,  0.0813],
        [ 0.2112, -0.0088, -0.0566,  0.0666]], device='cuda:0',
       grad_fn=<SliceBackward0>)
train: {'epoch': 171, 'time_epoch': 13.21832, 'eta': 3044.30653, 'eta_hours': 0.84564, 'loss': 0.28519585, 'lr': 0.00063524, 'params': 553882, 'time_iter': 0.08419, 'mae': 0.2852, 'r2': 0.83475, 'spearmanr': 0.96803, 'mse': 0.66819, 'rmse': 0.81743}
val: {'epoch': 171, 'time_epoch': 0.50401, 'loss': 0.44507125, 'lr': 0, 'params': 553882, 'time_iter': 0.0315, 'mae': 0.44507, 'r2': 0.71453, 'spearmanr': 0.93497, 'mse': 1.12439, 'rmse': 1.06037, 'loss_recon': 0.0, 'loss_recon_node': 0.0, 'loss_recon_edge': 0.0, 'loss_recon_tuple': 0.0, 'loss_recon_nodepe': 0.0, 'loss_recon_edgepe': 0.0}
test: {'epoch': 171, 'time_epoch': 0.50301, 'loss': 0.4729095, 'lr': 0, 'params': 553882, 'time_iter': 0.03144, 'mae': 0.47291, 'r2': 0.74317, 'spearmanr': 0.92297, 'mse': 1.04487, 'rmse': 1.02219, 'loss_recon': 0.0, 'loss_recon_node': 0.0, 'loss_recon_edge': 0.0, 'loss_recon_tuple': 0.0, 'loss_recon_nodepe': 0.0, 'loss_recon_edgepe': 0.0}
> Epoch 171: took 14.2s (avg 14.4s) | Best so far: epoch 157	train_loss: 0.2971 train_mae: 0.2971	val_loss: 0.3570 val_mae: 0.3570	test_loss: 0.3785 test_mae: 0.3785
train: {'epoch': 172, 'time_epoch': 13.20815, 'eta': 3030.76526, 'eta_hours': 0.84188, 'loss': 0.27674305, 'lr': 0.00063135, 'params': 553882, 'time_iter': 0.08413, 'mae': 0.27674, 'r2': 0.86642, 'spearmanr': 0.96515, 'mse': 0.5401, 'rmse': 0.73491}
val: {'epoch': 172, 'time_epoch': 0.50579, 'loss': 0.35365464, 'lr': 0, 'params': 553882, 'time_iter': 0.03161, 'mae': 0.35365, 'r2': 0.73996, 'spearmanr': 0.95016, 'mse': 1.02422, 'rmse': 1.01204, 'loss_recon': 0.0, 'loss_recon_node': 0.0, 'loss_recon_edge': 0.0, 'loss_recon_tuple': 0.0, 'loss_recon_nodepe': 0.0, 'loss_recon_edgepe': 0.0}
test: {'epoch': 172, 'time_epoch': 0.5047, 'loss': 0.37808646, 'lr': 0, 'params': 553882, 'time_iter': 0.03154, 'mae': 0.37809, 'r2': 0.78099, 'spearmanr': 0.941, 'mse': 0.89098, 'rmse': 0.94392, 'loss_recon': 0.0, 'loss_recon_node': 0.0, 'loss_recon_edge': 0.0, 'loss_recon_tuple': 0.0, 'loss_recon_nodepe': 0.0, 'loss_recon_edgepe': 0.0}
> Epoch 172: took 14.2s (avg 14.4s) | Best so far: epoch 172	train_loss: 0.2767 train_mae: 0.2767	val_loss: 0.3537 val_mae: 0.3537	test_loss: 0.3781 test_mae: 0.3781
train: {'epoch': 173, 'time_epoch': 13.21034, 'eta': 3017.23068, 'eta_hours': 0.83812, 'loss': 0.29811652, 'lr': 0.00062746, 'params': 553882, 'time_iter': 0.08414, 'mae': 0.29812, 'r2': 0.87887, 'spearmanr': 0.96532, 'mse': 0.48976, 'rmse': 0.69983}
val: {'epoch': 173, 'time_epoch': 0.50273, 'loss': 0.37313906, 'lr': 0, 'params': 553882, 'time_iter': 0.03142, 'mae': 0.37314, 'r2': 0.71238, 'spearmanr': 0.94137, 'mse': 1.13288, 'rmse': 1.06437, 'loss_recon': 0.0, 'loss_recon_node': 0.0, 'loss_recon_edge': 0.0, 'loss_recon_tuple': 0.0, 'loss_recon_nodepe': 0.0, 'loss_recon_edgepe': 0.0}
test: {'epoch': 173, 'time_epoch': 0.50309, 'loss': 0.39910374, 'lr': 0, 'params': 553882, 'time_iter': 0.03144, 'mae': 0.3991, 'r2': 0.74838, 'spearmanr': 0.93216, 'mse': 1.02365, 'rmse': 1.01176, 'loss_recon': 0.0, 'loss_recon_node': 0.0, 'loss_recon_edge': 0.0, 'loss_recon_tuple': 0.0, 'loss_recon_nodepe': 0.0, 'loss_recon_edgepe': 0.0}
> Epoch 173: took 14.2s (avg 14.4s) | Best so far: epoch 172	train_loss: 0.2767 train_mae: 0.2767	val_loss: 0.3537 val_mae: 0.3537	test_loss: 0.3781 test_mae: 0.3781
train: {'epoch': 174, 'time_epoch': 13.20566, 'eta': 3003.69377, 'eta_hours': 0.83436, 'loss': 0.28133312, 'lr': 0.00062356, 'params': 553882, 'time_iter': 0.08411, 'mae': 0.28133, 'r2': 0.84831, 'spearmanr': 0.9679, 'mse': 0.61332, 'rmse': 0.78315}
val: {'epoch': 174, 'time_epoch': 0.50313, 'loss': 0.39474704, 'lr': 0, 'params': 553882, 'time_iter': 0.03145, 'mae': 0.39475, 'r2': 0.71868, 'spearmanr': 0.94933, 'mse': 1.10804, 'rmse': 1.05264, 'loss_recon': 0.0, 'loss_recon_node': 0.0, 'loss_recon_edge': 0.0, 'loss_recon_tuple': 0.0, 'loss_recon_nodepe': 0.0, 'loss_recon_edgepe': 0.0}
test: {'epoch': 174, 'time_epoch': 0.50334, 'loss': 0.41467072, 'lr': 0, 'params': 553882, 'time_iter': 0.03146, 'mae': 0.41467, 'r2': 0.76076, 'spearmanr': 0.94059, 'mse': 0.97329, 'rmse': 0.98656, 'loss_recon': 0.0, 'loss_recon_node': 0.0, 'loss_recon_edge': 0.0, 'loss_recon_tuple': 0.0, 'loss_recon_nodepe': 0.0, 'loss_recon_edgepe': 0.0}
> Epoch 174: took 14.2s (avg 14.4s) | Best so far: epoch 172	train_loss: 0.2767 train_mae: 0.2767	val_loss: 0.3537 val_mae: 0.3537	test_loss: 0.3781 test_mae: 0.3781
train: {'epoch': 175, 'time_epoch': 13.21516, 'eta': 2990.17272, 'eta_hours': 0.8306, 'loss': 0.2678872, 'lr': 0.00061966, 'params': 553882, 'time_iter': 0.08417, 'mae': 0.26789, 'r2': 0.86968, 'spearmanr': 0.96863, 'mse': 0.52692, 'rmse': 0.72589}
val: {'epoch': 175, 'time_epoch': 0.50498, 'loss': 0.42169908, 'lr': 0, 'params': 553882, 'time_iter': 0.03156, 'mae': 0.4217, 'r2': 0.69941, 'spearmanr': 0.94848, 'mse': 1.18397, 'rmse': 1.0881, 'loss_recon': 0.0, 'loss_recon_node': 0.0, 'loss_recon_edge': 0.0, 'loss_recon_tuple': 0.0, 'loss_recon_nodepe': 0.0, 'loss_recon_edgepe': 0.0}
test: {'epoch': 175, 'time_epoch': 0.50359, 'loss': 0.45652197, 'lr': 0, 'params': 553882, 'time_iter': 0.03147, 'mae': 0.45652, 'r2': 0.73285, 'spearmanr': 0.93695, 'mse': 1.08685, 'rmse': 1.04252, 'loss_recon': 0.0, 'loss_recon_node': 0.0, 'loss_recon_edge': 0.0, 'loss_recon_tuple': 0.0, 'loss_recon_nodepe': 0.0, 'loss_recon_edgepe': 0.0}
> Epoch 175: took 14.2s (avg 14.4s) | Best so far: epoch 172	train_loss: 0.2767 train_mae: 0.2767	val_loss: 0.3537 val_mae: 0.3537	test_loss: 0.3781 test_mae: 0.3781
train: {'epoch': 176, 'time_epoch': 13.20434, 'eta': 2976.64151, 'eta_hours': 0.82684, 'loss': 0.32365683, 'lr': 0.00061574, 'params': 553882, 'time_iter': 0.0841, 'mae': 0.32366, 'r2': 0.87032, 'spearmanr': 0.9614, 'mse': 0.52435, 'rmse': 0.72412}
val: {'epoch': 176, 'time_epoch': 0.50303, 'loss': 0.39617222, 'lr': 0, 'params': 553882, 'time_iter': 0.03144, 'mae': 0.39617, 'r2': 0.70906, 'spearmanr': 0.94522, 'mse': 1.14596, 'rmse': 1.07049, 'loss_recon': 0.0, 'loss_recon_node': 0.0, 'loss_recon_edge': 0.0, 'loss_recon_tuple': 0.0, 'loss_recon_nodepe': 0.0, 'loss_recon_edgepe': 0.0}
test: {'epoch': 176, 'time_epoch': 0.5027, 'loss': 0.43049016, 'lr': 0, 'params': 553882, 'time_iter': 0.03142, 'mae': 0.43049, 'r2': 0.74367, 'spearmanr': 0.9351, 'mse': 1.04281, 'rmse': 1.02118, 'loss_recon': 0.0, 'loss_recon_node': 0.0, 'loss_recon_edge': 0.0, 'loss_recon_tuple': 0.0, 'loss_recon_nodepe': 0.0, 'loss_recon_edgepe': 0.0}
> Epoch 176: took 14.2s (avg 14.4s) | Best so far: epoch 172	train_loss: 0.2767 train_mae: 0.2767	val_loss: 0.3537 val_mae: 0.3537	test_loss: 0.3781 test_mae: 0.3781
train: {'epoch': 177, 'time_epoch': 13.20841, 'eta': 2963.11903, 'eta_hours': 0.82309, 'loss': 0.28163222, 'lr': 0.00061182, 'params': 553882, 'time_iter': 0.08413, 'mae': 0.28163, 'r2': 0.85287, 'spearmanr': 0.96648, 'mse': 0.59492, 'rmse': 0.77131}
val: {'epoch': 177, 'time_epoch': 0.50632, 'loss': 0.48141792, 'lr': 0, 'params': 553882, 'time_iter': 0.03165, 'mae': 0.48142, 'r2': 0.72805, 'spearmanr': 0.94814, 'mse': 1.07114, 'rmse': 1.03496, 'loss_recon': 0.0, 'loss_recon_node': 0.0, 'loss_recon_edge': 0.0, 'loss_recon_tuple': 0.0, 'loss_recon_nodepe': 0.0, 'loss_recon_edgepe': 0.0}
test: {'epoch': 177, 'time_epoch': 0.50418, 'loss': 0.50739365, 'lr': 0, 'params': 553882, 'time_iter': 0.03151, 'mae': 0.50739, 'r2': 0.77944, 'spearmanr': 0.93834, 'mse': 0.89731, 'rmse': 0.94727, 'loss_recon': 0.0, 'loss_recon_node': 0.0, 'loss_recon_edge': 0.0, 'loss_recon_tuple': 0.0, 'loss_recon_nodepe': 0.0, 'loss_recon_edgepe': 0.0}
> Epoch 177: took 14.2s (avg 14.4s) | Best so far: epoch 172	train_loss: 0.2767 train_mae: 0.2767	val_loss: 0.3537 val_mae: 0.3537	test_loss: 0.3781 test_mae: 0.3781
train: {'epoch': 178, 'time_epoch': 13.21204, 'eta': 2949.60455, 'eta_hours': 0.81933, 'loss': 0.27336168, 'lr': 0.00060789, 'params': 553882, 'time_iter': 0.08415, 'mae': 0.27336, 'r2': 0.85982, 'spearmanr': 0.96924, 'mse': 0.56681, 'rmse': 0.75286}
val: {'epoch': 178, 'time_epoch': 0.50307, 'loss': 0.34546092, 'lr': 0, 'params': 553882, 'time_iter': 0.03144, 'mae': 0.34546, 'r2': 0.73, 'spearmanr': 0.94956, 'mse': 1.06345, 'rmse': 1.03124, 'loss_recon': 0.0, 'loss_recon_node': 0.0, 'loss_recon_edge': 0.0, 'loss_recon_tuple': 0.0, 'loss_recon_nodepe': 0.0, 'loss_recon_edgepe': 0.0}
test: {'epoch': 178, 'time_epoch': 0.50303, 'loss': 0.37214287, 'lr': 0, 'params': 553882, 'time_iter': 0.03144, 'mae': 0.37214, 'r2': 0.76921, 'spearmanr': 0.94013, 'mse': 0.9389, 'rmse': 0.96897, 'loss_recon': 0.0, 'loss_recon_node': 0.0, 'loss_recon_edge': 0.0, 'loss_recon_tuple': 0.0, 'loss_recon_nodepe': 0.0, 'loss_recon_edgepe': 0.0}
> Epoch 178: took 14.2s (avg 14.4s) | Best so far: epoch 178	train_loss: 0.2734 train_mae: 0.2734	val_loss: 0.3455 val_mae: 0.3455	test_loss: 0.3721 test_mae: 0.3721
train: {'epoch': 179, 'time_epoch': 13.2092, 'eta': 2936.08995, 'eta_hours': 0.81558, 'loss': 0.28312852, 'lr': 0.00060396, 'params': 553882, 'time_iter': 0.08414, 'mae': 0.28313, 'r2': 0.83523, 'spearmanr': 0.96773, 'mse': 0.66624, 'rmse': 0.81623}
val: {'epoch': 179, 'time_epoch': 0.50401, 'loss': 0.39099757, 'lr': 0, 'params': 553882, 'time_iter': 0.0315, 'mae': 0.391, 'r2': 0.73467, 'spearmanr': 0.94861, 'mse': 1.04507, 'rmse': 1.02229, 'loss_recon': 0.0, 'loss_recon_node': 0.0, 'loss_recon_edge': 0.0, 'loss_recon_tuple': 0.0, 'loss_recon_nodepe': 0.0, 'loss_recon_edgepe': 0.0}
test: {'epoch': 179, 'time_epoch': 0.50319, 'loss': 0.42208795, 'lr': 0, 'params': 553882, 'time_iter': 0.03145, 'mae': 0.42209, 'r2': 0.78139, 'spearmanr': 0.93909, 'mse': 0.88935, 'rmse': 0.94306, 'loss_recon': 0.0, 'loss_recon_node': 0.0, 'loss_recon_edge': 0.0, 'loss_recon_tuple': 0.0, 'loss_recon_nodepe': 0.0, 'loss_recon_edgepe': 0.0}
> Epoch 179: took 14.2s (avg 14.4s) | Best so far: epoch 178	train_loss: 0.2734 train_mae: 0.2734	val_loss: 0.3455 val_mae: 0.3455	test_loss: 0.3721 test_mae: 0.3721
tensor([ 1,  5,  2,  1,  1,  1,  2,  3,  1,  1,  1,  1,  5,  1,  1,  2, 22,  1,
         2,  1], device='cuda:0')
tensor([[-0.5295,  0.4414,  0.0987, -0.2483],
        [-0.1537,  0.1984,  0.1303, -0.1063],
        [-0.4419,  0.3808,  0.1030, -0.2185],
        [-0.5641,  0.4654,  0.0970, -0.2600],
        [-0.4425,  0.3812,  0.1030, -0.2188],
        [-0.4625,  0.3952,  0.1021, -0.2255],
        [-0.2600,  0.2547,  0.1118, -0.1569],
        [-0.1530,  0.1981,  0.1305, -0.1059],
        [-0.4248,  0.3690,  0.1039, -0.2127],
        [-0.4974,  0.4193,  0.1003, -0.2374],
        [-0.5945,  0.4866,  0.0956, -0.2702],
        [-0.5213,  0.4358,  0.0991, -0.2455],
        [-0.5222,  0.4364,  0.0991, -0.2458],
        [-0.5465,  0.4533,  0.0979, -0.2540],
        [-0.5940,  0.4862,  0.0956, -0.2701],
        [-0.5863,  0.4809,  0.0960, -0.2675],
        [-2.1894, 11.3368,  8.1253, -6.7673],
        [-0.7815,  0.6161,  0.0865, -0.3337],
        [-0.6784,  0.5448,  0.0916, -0.2987],
        [-0.7274,  0.5788,  0.0892, -0.3152]], device='cuda:0',
       grad_fn=<SliceBackward0>)
tensor([8, 1, 0, 0, 0, 0, 0, 0, 0, 0, 0, 0, 0, 0, 0, 0, 5, 1, 8, 1],
       device='cuda:0')
tensor([[-0.5298, -0.1673, -0.2882, -0.0801],
        [ 0.2400, -0.0263, -0.0396,  0.0804],
        [ 0.1053,  0.0558, -0.1088,  0.0161],
        [-0.1662,  0.1753, -0.2405, -0.1005],
        [ 0.2400, -0.0263, -0.0396,  0.0804],
        [ 0.2400, -0.0263, -0.0396,  0.0804],
        [ 0.2400, -0.0263, -0.0396,  0.0804],
        [ 0.2400, -0.0263, -0.0396,  0.0804],
        [ 0.2400, -0.0263, -0.0396,  0.0804],
        [ 0.2400, -0.0263, -0.0396,  0.0804],
        [ 0.2400, -0.0263, -0.0396,  0.0804],
        [ 0.2400, -0.0263, -0.0396,  0.0804],
        [ 0.2400, -0.0263, -0.0396,  0.0804],
        [ 0.2400, -0.0263, -0.0396,  0.0804],
        [ 0.2400, -0.0263, -0.0396,  0.0804],
        [ 0.2400, -0.0263, -0.0396,  0.0804],
        [-1.2545, -0.4780, -0.4805, -0.1715],
        [ 0.2400, -0.0263, -0.0396,  0.0804],
        [ 0.2400, -0.0263, -0.0396,  0.0804],
        [ 0.2400, -0.0263, -0.0396,  0.0804]], device='cuda:0',
       grad_fn=<SliceBackward0>)
train: {'epoch': 180, 'time_epoch': 13.22301, 'eta': 2922.59544, 'eta_hours': 0.81183, 'loss': 0.27670223, 'lr': 0.00060001, 'params': 553882, 'time_iter': 0.08422, 'mae': 0.2767, 'r2': 0.88731, 'spearmanr': 0.97007, 'mse': 0.45567, 'rmse': 0.67503}
val: {'epoch': 180, 'time_epoch': 0.5056, 'loss': 0.44693481, 'lr': 0, 'params': 553882, 'time_iter': 0.0316, 'mae': 0.44693, 'r2': 0.7295, 'spearmanr': 0.94541, 'mse': 1.06542, 'rmse': 1.03219, 'loss_recon': 0.0, 'loss_recon_node': 0.0, 'loss_recon_edge': 0.0, 'loss_recon_tuple': 0.0, 'loss_recon_nodepe': 0.0, 'loss_recon_edgepe': 0.0}
test: {'epoch': 180, 'time_epoch': 0.50464, 'loss': 0.47208643, 'lr': 0, 'params': 553882, 'time_iter': 0.03154, 'mae': 0.47209, 'r2': 0.78133, 'spearmanr': 0.93639, 'mse': 0.88963, 'rmse': 0.9432, 'loss_recon': 0.0, 'loss_recon_node': 0.0, 'loss_recon_edge': 0.0, 'loss_recon_tuple': 0.0, 'loss_recon_nodepe': 0.0, 'loss_recon_edgepe': 0.0}
> Epoch 180: took 14.2s (avg 14.4s) | Best so far: epoch 178	train_loss: 0.2734 train_mae: 0.2734	val_loss: 0.3455 val_mae: 0.3455	test_loss: 0.3721 test_mae: 0.3721
train: {'epoch': 181, 'time_epoch': 13.21173, 'eta': 2909.09041, 'eta_hours': 0.80808, 'loss': 0.28964608, 'lr': 0.00059606, 'params': 553882, 'time_iter': 0.08415, 'mae': 0.28965, 'r2': 0.8813, 'spearmanr': 0.96707, 'mse': 0.47997, 'rmse': 0.6928}
val: {'epoch': 181, 'time_epoch': 0.50269, 'loss': 0.35971372, 'lr': 0, 'params': 553882, 'time_iter': 0.03142, 'mae': 0.35971, 'r2': 0.7209, 'spearmanr': 0.94541, 'mse': 1.0993, 'rmse': 1.04848, 'loss_recon': 0.0, 'loss_recon_node': 0.0, 'loss_recon_edge': 0.0, 'loss_recon_tuple': 0.0, 'loss_recon_nodepe': 0.0, 'loss_recon_edgepe': 0.0}
test: {'epoch': 181, 'time_epoch': 0.50281, 'loss': 0.39457062, 'lr': 0, 'params': 553882, 'time_iter': 0.03143, 'mae': 0.39457, 'r2': 0.75551, 'spearmanr': 0.93384, 'mse': 0.99466, 'rmse': 0.99732, 'loss_recon': 0.0, 'loss_recon_node': 0.0, 'loss_recon_edge': 0.0, 'loss_recon_tuple': 0.0, 'loss_recon_nodepe': 0.0, 'loss_recon_edgepe': 0.0}
> Epoch 181: took 14.2s (avg 14.4s) | Best so far: epoch 178	train_loss: 0.2734 train_mae: 0.2734	val_loss: 0.3455 val_mae: 0.3455	test_loss: 0.3721 test_mae: 0.3721
train: {'epoch': 182, 'time_epoch': 13.20209, 'eta': 2895.57714, 'eta_hours': 0.80433, 'loss': 0.2671399, 'lr': 0.00059211, 'params': 553882, 'time_iter': 0.08409, 'mae': 0.26714, 'r2': 0.88545, 'spearmanr': 0.97041, 'mse': 0.46316, 'rmse': 0.68056}
val: {'epoch': 182, 'time_epoch': 0.50335, 'loss': 0.36517068, 'lr': 0, 'params': 553882, 'time_iter': 0.03146, 'mae': 0.36517, 'r2': 0.73715, 'spearmanr': 0.94827, 'mse': 1.03528, 'rmse': 1.01749, 'loss_recon': 0.0, 'loss_recon_node': 0.0, 'loss_recon_edge': 0.0, 'loss_recon_tuple': 0.0, 'loss_recon_nodepe': 0.0, 'loss_recon_edgepe': 0.0}
test: {'epoch': 182, 'time_epoch': 0.50354, 'loss': 0.38761304, 'lr': 0, 'params': 553882, 'time_iter': 0.03147, 'mae': 0.38761, 'r2': 0.78103, 'spearmanr': 0.93854, 'mse': 0.89082, 'rmse': 0.94383, 'loss_recon': 0.0, 'loss_recon_node': 0.0, 'loss_recon_edge': 0.0, 'loss_recon_tuple': 0.0, 'loss_recon_nodepe': 0.0, 'loss_recon_edgepe': 0.0}
> Epoch 182: took 14.2s (avg 14.4s) | Best so far: epoch 178	train_loss: 0.2734 train_mae: 0.2734	val_loss: 0.3455 val_mae: 0.3455	test_loss: 0.3721 test_mae: 0.3721
train: {'epoch': 183, 'time_epoch': 13.20654, 'eta': 2882.07249, 'eta_hours': 0.80058, 'loss': 0.27294711, 'lr': 0.00058815, 'params': 553882, 'time_iter': 0.08412, 'mae': 0.27295, 'r2': 0.84178, 'spearmanr': 0.96795, 'mse': 0.63973, 'rmse': 0.79983}
val: {'epoch': 183, 'time_epoch': 0.50359, 'loss': 0.35016736, 'lr': 0, 'params': 553882, 'time_iter': 0.03147, 'mae': 0.35017, 'r2': 0.73087, 'spearmanr': 0.94987, 'mse': 1.06004, 'rmse': 1.02958, 'loss_recon': 0.0, 'loss_recon_node': 0.0, 'loss_recon_edge': 0.0, 'loss_recon_tuple': 0.0, 'loss_recon_nodepe': 0.0, 'loss_recon_edgepe': 0.0}
test: {'epoch': 183, 'time_epoch': 0.50162, 'loss': 0.38453075, 'lr': 0, 'params': 553882, 'time_iter': 0.03135, 'mae': 0.38453, 'r2': 0.77396, 'spearmanr': 0.94036, 'mse': 0.91958, 'rmse': 0.95895, 'loss_recon': 0.0, 'loss_recon_node': 0.0, 'loss_recon_edge': 0.0, 'loss_recon_tuple': 0.0, 'loss_recon_nodepe': 0.0, 'loss_recon_edgepe': 0.0}
> Epoch 183: took 14.2s (avg 14.4s) | Best so far: epoch 178	train_loss: 0.2734 train_mae: 0.2734	val_loss: 0.3455 val_mae: 0.3455	test_loss: 0.3721 test_mae: 0.3721
train: {'epoch': 184, 'time_epoch': 13.21185, 'eta': 2868.57723, 'eta_hours': 0.79683, 'loss': 0.26411092, 'lr': 0.00058418, 'params': 553882, 'time_iter': 0.08415, 'mae': 0.26411, 'r2': 0.89637, 'spearmanr': 0.97006, 'mse': 0.419, 'rmse': 0.6473}
val: {'epoch': 184, 'time_epoch': 0.50461, 'loss': 0.34669785, 'lr': 0, 'params': 553882, 'time_iter': 0.03154, 'mae': 0.3467, 'r2': 0.7363, 'spearmanr': 0.95013, 'mse': 1.03864, 'rmse': 1.01914, 'loss_recon': 0.0, 'loss_recon_node': 0.0, 'loss_recon_edge': 0.0, 'loss_recon_tuple': 0.0, 'loss_recon_nodepe': 0.0, 'loss_recon_edgepe': 0.0}
test: {'epoch': 184, 'time_epoch': 0.50423, 'loss': 0.37842875, 'lr': 0, 'params': 553882, 'time_iter': 0.03151, 'mae': 0.37843, 'r2': 0.77705, 'spearmanr': 0.93953, 'mse': 0.90702, 'rmse': 0.95237, 'loss_recon': 0.0, 'loss_recon_node': 0.0, 'loss_recon_edge': 0.0, 'loss_recon_tuple': 0.0, 'loss_recon_nodepe': 0.0, 'loss_recon_edgepe': 0.0}
> Epoch 184: took 14.2s (avg 14.4s) | Best so far: epoch 178	train_loss: 0.2734 train_mae: 0.2734	val_loss: 0.3455 val_mae: 0.3455	test_loss: 0.3721 test_mae: 0.3721
train: {'epoch': 185, 'time_epoch': 13.21198, 'eta': 2855.08516, 'eta_hours': 0.79308, 'loss': 0.26109434, 'lr': 0.00058021, 'params': 553882, 'time_iter': 0.08415, 'mae': 0.26109, 'r2': 0.84585, 'spearmanr': 0.97015, 'mse': 0.62331, 'rmse': 0.7895}
val: {'epoch': 185, 'time_epoch': 0.50279, 'loss': 0.60974158, 'lr': 0, 'params': 553882, 'time_iter': 0.03142, 'mae': 0.60974, 'r2': 0.70657, 'spearmanr': 0.94611, 'mse': 1.15575, 'rmse': 1.07506, 'loss_recon': 0.0, 'loss_recon_node': 0.0, 'loss_recon_edge': 0.0, 'loss_recon_tuple': 0.0, 'loss_recon_nodepe': 0.0, 'loss_recon_edgepe': 0.0}
test: {'epoch': 185, 'time_epoch': 0.50285, 'loss': 0.65193233, 'lr': 0, 'params': 553882, 'time_iter': 0.03143, 'mae': 0.65193, 'r2': 0.75048, 'spearmanr': 0.93447, 'mse': 1.01512, 'rmse': 1.00753, 'loss_recon': 0.0, 'loss_recon_node': 0.0, 'loss_recon_edge': 0.0, 'loss_recon_tuple': 0.0, 'loss_recon_nodepe': 0.0, 'loss_recon_edgepe': 0.0}
> Epoch 185: took 14.2s (avg 14.4s) | Best so far: epoch 178	train_loss: 0.2734 train_mae: 0.2734	val_loss: 0.3455 val_mae: 0.3455	test_loss: 0.3721 test_mae: 0.3721
train: {'epoch': 186, 'time_epoch': 13.20783, 'eta': 2841.59137, 'eta_hours': 0.78933, 'loss': 0.26993344, 'lr': 0.00057623, 'params': 553882, 'time_iter': 0.08413, 'mae': 0.26993, 'r2': 0.82327, 'spearmanr': 0.96799, 'mse': 0.7146, 'rmse': 0.84534}
val: {'epoch': 186, 'time_epoch': 0.50327, 'loss': 0.34957248, 'lr': 0, 'params': 553882, 'time_iter': 0.03145, 'mae': 0.34957, 'r2': 0.73924, 'spearmanr': 0.9512, 'mse': 1.02705, 'rmse': 1.01344, 'loss_recon': 0.0, 'loss_recon_node': 0.0, 'loss_recon_edge': 0.0, 'loss_recon_tuple': 0.0, 'loss_recon_nodepe': 0.0, 'loss_recon_edgepe': 0.0}
test: {'epoch': 186, 'time_epoch': 0.5029, 'loss': 0.37849868, 'lr': 0, 'params': 553882, 'time_iter': 0.03143, 'mae': 0.3785, 'r2': 0.7814, 'spearmanr': 0.94019, 'mse': 0.88932, 'rmse': 0.94304, 'loss_recon': 0.0, 'loss_recon_node': 0.0, 'loss_recon_edge': 0.0, 'loss_recon_tuple': 0.0, 'loss_recon_nodepe': 0.0, 'loss_recon_edgepe': 0.0}
> Epoch 186: took 14.2s (avg 14.4s) | Best so far: epoch 178	train_loss: 0.2734 train_mae: 0.2734	val_loss: 0.3455 val_mae: 0.3455	test_loss: 0.3721 test_mae: 0.3721
train: {'epoch': 187, 'time_epoch': 13.21013, 'eta': 2828.1032, 'eta_hours': 0.78558, 'loss': 0.27895333, 'lr': 0.00057224, 'params': 553882, 'time_iter': 0.08414, 'mae': 0.27895, 'r2': 0.88393, 'spearmanr': 0.9672, 'mse': 0.46933, 'rmse': 0.68508}
val: {'epoch': 187, 'time_epoch': 0.50364, 'loss': 0.37613176, 'lr': 0, 'params': 553882, 'time_iter': 0.03148, 'mae': 0.37613, 'r2': 0.72298, 'spearmanr': 0.95142, 'mse': 1.09111, 'rmse': 1.04456, 'loss_recon': 0.0, 'loss_recon_node': 0.0, 'loss_recon_edge': 0.0, 'loss_recon_tuple': 0.0, 'loss_recon_nodepe': 0.0, 'loss_recon_edgepe': 0.0}
test: {'epoch': 187, 'time_epoch': 0.50286, 'loss': 0.40829623, 'lr': 0, 'params': 553882, 'time_iter': 0.03143, 'mae': 0.4083, 'r2': 0.7547, 'spearmanr': 0.93981, 'mse': 0.99794, 'rmse': 0.99897, 'loss_recon': 0.0, 'loss_recon_node': 0.0, 'loss_recon_edge': 0.0, 'loss_recon_tuple': 0.0, 'loss_recon_nodepe': 0.0, 'loss_recon_edgepe': 0.0}
> Epoch 187: took 14.2s (avg 14.4s) | Best so far: epoch 178	train_loss: 0.2734 train_mae: 0.2734	val_loss: 0.3455 val_mae: 0.3455	test_loss: 0.3721 test_mae: 0.3721
train: {'epoch': 188, 'time_epoch': 13.21854, 'eta': 2814.62737, 'eta_hours': 0.78184, 'loss': 0.2694449, 'lr': 0.00056826, 'params': 553882, 'time_iter': 0.08419, 'mae': 0.26944, 'r2': 0.88001, 'spearmanr': 0.96997, 'mse': 0.48517, 'rmse': 0.69654}
val: {'epoch': 188, 'time_epoch': 0.50401, 'loss': 0.35712451, 'lr': 0, 'params': 553882, 'time_iter': 0.0315, 'mae': 0.35712, 'r2': 0.73163, 'spearmanr': 0.94973, 'mse': 1.05705, 'rmse': 1.02813, 'loss_recon': 0.0, 'loss_recon_node': 0.0, 'loss_recon_edge': 0.0, 'loss_recon_tuple': 0.0, 'loss_recon_nodepe': 0.0, 'loss_recon_edgepe': 0.0}
test: {'epoch': 188, 'time_epoch': 0.50337, 'loss': 0.39051039, 'lr': 0, 'params': 553882, 'time_iter': 0.03146, 'mae': 0.39051, 'r2': 0.7695, 'spearmanr': 0.9388, 'mse': 0.93775, 'rmse': 0.96837, 'loss_recon': 0.0, 'loss_recon_node': 0.0, 'loss_recon_edge': 0.0, 'loss_recon_tuple': 0.0, 'loss_recon_nodepe': 0.0, 'loss_recon_edgepe': 0.0}
> Epoch 188: took 14.2s (avg 14.4s) | Best so far: epoch 178	train_loss: 0.2734 train_mae: 0.2734	val_loss: 0.3455 val_mae: 0.3455	test_loss: 0.3721 test_mae: 0.3721
tensor([1, 1, 5, 1, 1, 1, 1, 1, 1, 5, 1, 1, 1, 3, 1, 2, 1, 1, 1, 1],
       device='cuda:0')
tensor([[-0.5057,  0.4189,  0.0984, -0.2430],
        [-0.3621,  0.3188,  0.1044, -0.1948],
        [-0.7322,  0.5769,  0.0891, -0.3187],
        [-0.9044,  0.6972,  0.0822, -0.3761],
        [-0.8031,  0.6263,  0.0862, -0.3423],
        [-0.9017,  0.6952,  0.0822, -0.3753],
        [-0.8911,  0.6876,  0.0825, -0.3719],
        [-0.7571,  0.5942,  0.0881, -0.3269],
        [-0.9014,  0.6949,  0.0821, -0.3753],
        [-0.6354,  0.5093,  0.0930, -0.2864],
        [-0.3753,  0.3280,  0.1039, -0.1992],
        [-0.7232,  0.5703,  0.0893, -0.3159],
        [-0.2669,  0.2527,  0.1086, -0.1627],
        [-0.2368,  0.2327,  0.1105, -0.1518],
        [-0.7315,  0.5764,  0.0892, -0.3184],
        [-0.6496,  0.5190,  0.0923, -0.2912],
        [-0.8156,  0.6348,  0.0856, -0.3467],
        [-0.9055,  0.6978,  0.0821, -0.3765],
        [-0.9057,  0.6980,  0.0821, -0.3766],
        [-0.5614,  0.4577,  0.0961, -0.2615]], device='cuda:0',
       grad_fn=<SliceBackward0>)
tensor([8, 1, 0, 0, 0, 0, 0, 0, 0, 0, 0, 0, 0, 0, 0, 0, 0, 0, 0, 0],
       device='cuda:0')
tensor([[-0.5710, -0.2115, -0.2930, -0.0691],
        [ 0.2379, -0.0262, -0.0393,  0.0803],
        [-0.0771,  0.1610, -0.2004, -0.0706],
        [ 0.2379, -0.0262, -0.0393,  0.0803],
        [ 0.2379, -0.0262, -0.0393,  0.0803],
        [ 0.2379, -0.0262, -0.0393,  0.0803],
        [ 0.2379, -0.0262, -0.0393,  0.0803],
        [ 0.2379, -0.0262, -0.0393,  0.0803],
        [ 0.2379, -0.0262, -0.0393,  0.0803],
        [ 0.2379, -0.0262, -0.0393,  0.0803],
        [ 0.2379, -0.0262, -0.0393,  0.0803],
        [ 0.2379, -0.0262, -0.0393,  0.0803],
        [ 0.2379, -0.0262, -0.0393,  0.0803],
        [ 0.2379, -0.0262, -0.0393,  0.0803],
        [ 0.2379, -0.0262, -0.0393,  0.0803],
        [ 0.2379, -0.0262, -0.0393,  0.0803],
        [ 0.2379, -0.0262, -0.0393,  0.0803],
        [ 0.2379, -0.0262, -0.0393,  0.0803],
        [ 0.2379, -0.0262, -0.0393,  0.0803],
        [ 0.2379, -0.0262, -0.0393,  0.0803]], device='cuda:0',
       grad_fn=<SliceBackward0>)
train: {'epoch': 189, 'time_epoch': 13.21414, 'eta': 2801.14938, 'eta_hours': 0.7781, 'loss': 0.25613945, 'lr': 0.00056426, 'params': 553882, 'time_iter': 0.08417, 'mae': 0.25614, 'r2': 0.8919, 'spearmanr': 0.96944, 'mse': 0.43711, 'rmse': 0.66114}
val: {'epoch': 189, 'time_epoch': 0.50301, 'loss': 0.46986605, 'lr': 0, 'params': 553882, 'time_iter': 0.03144, 'mae': 0.46987, 'r2': 0.68139, 'spearmanr': 0.94786, 'mse': 1.25491, 'rmse': 1.12023, 'loss_recon': 0.0, 'loss_recon_node': 0.0, 'loss_recon_edge': 0.0, 'loss_recon_tuple': 0.0, 'loss_recon_nodepe': 0.0, 'loss_recon_edgepe': 0.0}
test: {'epoch': 189, 'time_epoch': 0.50301, 'loss': 0.50888457, 'lr': 0, 'params': 553882, 'time_iter': 0.03144, 'mae': 0.50888, 'r2': 0.71214, 'spearmanr': 0.93663, 'mse': 1.1711, 'rmse': 1.08217, 'loss_recon': 0.0, 'loss_recon_node': 0.0, 'loss_recon_edge': 0.0, 'loss_recon_tuple': 0.0, 'loss_recon_nodepe': 0.0, 'loss_recon_edgepe': 0.0}
> Epoch 189: took 14.2s (avg 14.4s) | Best so far: epoch 178	train_loss: 0.2734 train_mae: 0.2734	val_loss: 0.3455 val_mae: 0.3455	test_loss: 0.3721 test_mae: 0.3721
train: {'epoch': 190, 'time_epoch': 13.20606, 'eta': 2787.66532, 'eta_hours': 0.77435, 'loss': 0.28332268, 'lr': 0.00056027, 'params': 553882, 'time_iter': 0.08412, 'mae': 0.28332, 'r2': 0.821, 'spearmanr': 0.967, 'mse': 0.72377, 'rmse': 0.85075}
val: {'epoch': 190, 'time_epoch': 0.50272, 'loss': 0.42890279, 'lr': 0, 'params': 553882, 'time_iter': 0.03142, 'mae': 0.4289, 'r2': 0.7358, 'spearmanr': 0.9509, 'mse': 1.04062, 'rmse': 1.02011, 'loss_recon': 0.0, 'loss_recon_node': 0.0, 'loss_recon_edge': 0.0, 'loss_recon_tuple': 0.0, 'loss_recon_nodepe': 0.0, 'loss_recon_edgepe': 0.0}
test: {'epoch': 190, 'time_epoch': 0.50238, 'loss': 0.44966454, 'lr': 0, 'params': 553882, 'time_iter': 0.0314, 'mae': 0.44966, 'r2': 0.79345, 'spearmanr': 0.94281, 'mse': 0.84032, 'rmse': 0.91669, 'loss_recon': 0.0, 'loss_recon_node': 0.0, 'loss_recon_edge': 0.0, 'loss_recon_tuple': 0.0, 'loss_recon_nodepe': 0.0, 'loss_recon_edgepe': 0.0}
> Epoch 190: took 14.2s (avg 14.4s) | Best so far: epoch 178	train_loss: 0.2734 train_mae: 0.2734	val_loss: 0.3455 val_mae: 0.3455	test_loss: 0.3721 test_mae: 0.3721
train: {'epoch': 191, 'time_epoch': 13.20509, 'eta': 2774.1831, 'eta_hours': 0.77061, 'loss': 0.28457532, 'lr': 0.00055627, 'params': 553882, 'time_iter': 0.08411, 'mae': 0.28458, 'r2': 0.83769, 'spearmanr': 0.96787, 'mse': 0.65627, 'rmse': 0.81011}
val: {'epoch': 191, 'time_epoch': 0.50412, 'loss': 0.33407325, 'lr': 0, 'params': 553882, 'time_iter': 0.03151, 'mae': 0.33407, 'r2': 0.73774, 'spearmanr': 0.9511, 'mse': 1.03298, 'rmse': 1.01635, 'loss_recon': 0.0, 'loss_recon_node': 0.0, 'loss_recon_edge': 0.0, 'loss_recon_tuple': 0.0, 'loss_recon_nodepe': 0.0, 'loss_recon_edgepe': 0.0}
test: {'epoch': 191, 'time_epoch': 0.50349, 'loss': 0.35955576, 'lr': 0, 'params': 553882, 'time_iter': 0.03147, 'mae': 0.35956, 'r2': 0.7792, 'spearmanr': 0.94045, 'mse': 0.89829, 'rmse': 0.94778, 'loss_recon': 0.0, 'loss_recon_node': 0.0, 'loss_recon_edge': 0.0, 'loss_recon_tuple': 0.0, 'loss_recon_nodepe': 0.0, 'loss_recon_edgepe': 0.0}
> Epoch 191: took 14.2s (avg 14.4s) | Best so far: epoch 191	train_loss: 0.2846 train_mae: 0.2846	val_loss: 0.3341 val_mae: 0.3341	test_loss: 0.3596 test_mae: 0.3596
train: {'epoch': 192, 'time_epoch': 13.21426, 'eta': 2760.71359, 'eta_hours': 0.76686, 'loss': 0.27530296, 'lr': 0.00055226, 'params': 553882, 'time_iter': 0.08417, 'mae': 0.2753, 'r2': 0.90232, 'spearmanr': 0.96853, 'mse': 0.39495, 'rmse': 0.62845}
val: {'epoch': 192, 'time_epoch': 0.50462, 'loss': 0.36412539, 'lr': 0, 'params': 553882, 'time_iter': 0.03154, 'mae': 0.36413, 'r2': 0.73568, 'spearmanr': 0.94954, 'mse': 1.04107, 'rmse': 1.02033, 'loss_recon': 0.0, 'loss_recon_node': 0.0, 'loss_recon_edge': 0.0, 'loss_recon_tuple': 0.0, 'loss_recon_nodepe': 0.0, 'loss_recon_edgepe': 0.0}
test: {'epoch': 192, 'time_epoch': 0.50202, 'loss': 0.3965213, 'lr': 0, 'params': 553882, 'time_iter': 0.03138, 'mae': 0.39652, 'r2': 0.77452, 'spearmanr': 0.93787, 'mse': 0.91732, 'rmse': 0.95777, 'loss_recon': 0.0, 'loss_recon_node': 0.0, 'loss_recon_edge': 0.0, 'loss_recon_tuple': 0.0, 'loss_recon_nodepe': 0.0, 'loss_recon_edgepe': 0.0}
> Epoch 192: took 14.2s (avg 14.4s) | Best so far: epoch 191	train_loss: 0.2846 train_mae: 0.2846	val_loss: 0.3341 val_mae: 0.3341	test_loss: 0.3596 test_mae: 0.3596
train: {'epoch': 193, 'time_epoch': 13.20612, 'eta': 2747.23807, 'eta_hours': 0.76312, 'loss': 0.24994357, 'lr': 0.00054826, 'params': 553882, 'time_iter': 0.08412, 'mae': 0.24994, 'r2': 0.83582, 'spearmanr': 0.97447, 'mse': 0.66384, 'rmse': 0.81477}
val: {'epoch': 193, 'time_epoch': 0.50359, 'loss': 0.393433, 'lr': 0, 'params': 553882, 'time_iter': 0.03147, 'mae': 0.39343, 'r2': 0.73087, 'spearmanr': 0.94303, 'mse': 1.06005, 'rmse': 1.02959, 'loss_recon': 0.0, 'loss_recon_node': 0.0, 'loss_recon_edge': 0.0, 'loss_recon_tuple': 0.0, 'loss_recon_nodepe': 0.0, 'loss_recon_edgepe': 0.0}
test: {'epoch': 193, 'time_epoch': 0.50298, 'loss': 0.42270308, 'lr': 0, 'params': 553882, 'time_iter': 0.03144, 'mae': 0.4227, 'r2': 0.77186, 'spearmanr': 0.93375, 'mse': 0.92813, 'rmse': 0.96339, 'loss_recon': 0.0, 'loss_recon_node': 0.0, 'loss_recon_edge': 0.0, 'loss_recon_tuple': 0.0, 'loss_recon_nodepe': 0.0, 'loss_recon_edgepe': 0.0}
> Epoch 193: took 14.2s (avg 14.4s) | Best so far: epoch 191	train_loss: 0.2846 train_mae: 0.2846	val_loss: 0.3341 val_mae: 0.3341	test_loss: 0.3596 test_mae: 0.3596
train: {'epoch': 194, 'time_epoch': 13.20956, 'eta': 2733.76892, 'eta_hours': 0.75938, 'loss': 0.26034949, 'lr': 0.00054425, 'params': 553882, 'time_iter': 0.08414, 'mae': 0.26035, 'r2': 0.90817, 'spearmanr': 0.97152, 'mse': 0.37133, 'rmse': 0.60936}
val: {'epoch': 194, 'time_epoch': 0.50383, 'loss': 0.40006319, 'lr': 0, 'params': 553882, 'time_iter': 0.03149, 'mae': 0.40006, 'r2': 0.70916, 'spearmanr': 0.94789, 'mse': 1.14556, 'rmse': 1.07031, 'loss_recon': 0.0, 'loss_recon_node': 0.0, 'loss_recon_edge': 0.0, 'loss_recon_tuple': 0.0, 'loss_recon_nodepe': 0.0, 'loss_recon_edgepe': 0.0}
test: {'epoch': 194, 'time_epoch': 0.50332, 'loss': 0.41653995, 'lr': 0, 'params': 553882, 'time_iter': 0.03146, 'mae': 0.41654, 'r2': 0.74682, 'spearmanr': 0.93778, 'mse': 1.03001, 'rmse': 1.0149, 'loss_recon': 0.0, 'loss_recon_node': 0.0, 'loss_recon_edge': 0.0, 'loss_recon_tuple': 0.0, 'loss_recon_nodepe': 0.0, 'loss_recon_edgepe': 0.0}
> Epoch 194: took 14.2s (avg 14.4s) | Best so far: epoch 191	train_loss: 0.2846 train_mae: 0.2846	val_loss: 0.3341 val_mae: 0.3341	test_loss: 0.3596 test_mae: 0.3596
train: {'epoch': 195, 'time_epoch': 13.23063, 'eta': 2720.32435, 'eta_hours': 0.75565, 'loss': 0.27252538, 'lr': 0.00054023, 'params': 553882, 'time_iter': 0.08427, 'mae': 0.27253, 'r2': 0.8567, 'spearmanr': 0.97083, 'mse': 0.57941, 'rmse': 0.76119}
val: {'epoch': 195, 'time_epoch': 0.50398, 'loss': 0.37079055, 'lr': 0, 'params': 553882, 'time_iter': 0.0315, 'mae': 0.37079, 'r2': 0.72821, 'spearmanr': 0.94891, 'mse': 1.0705, 'rmse': 1.03465, 'loss_recon': 0.0, 'loss_recon_node': 0.0, 'loss_recon_edge': 0.0, 'loss_recon_tuple': 0.0, 'loss_recon_nodepe': 0.0, 'loss_recon_edgepe': 0.0}
test: {'epoch': 195, 'time_epoch': 0.50458, 'loss': 0.39160566, 'lr': 0, 'params': 553882, 'time_iter': 0.03154, 'mae': 0.39161, 'r2': 0.77342, 'spearmanr': 0.9397, 'mse': 0.92181, 'rmse': 0.96011, 'loss_recon': 0.0, 'loss_recon_node': 0.0, 'loss_recon_edge': 0.0, 'loss_recon_tuple': 0.0, 'loss_recon_nodepe': 0.0, 'loss_recon_edgepe': 0.0}
> Epoch 195: took 14.3s (avg 14.4s) | Best so far: epoch 191	train_loss: 0.2846 train_mae: 0.2846	val_loss: 0.3341 val_mae: 0.3341	test_loss: 0.3596 test_mae: 0.3596
train: {'epoch': 196, 'time_epoch': 13.22443, 'eta': 2706.87557, 'eta_hours': 0.75191, 'loss': 0.27017285, 'lr': 0.00053622, 'params': 553882, 'time_iter': 0.08423, 'mae': 0.27017, 'r2': 0.83064, 'spearmanr': 0.97076, 'mse': 0.6848, 'rmse': 0.82752}
val: {'epoch': 196, 'time_epoch': 0.50482, 'loss': 0.38039174, 'lr': 0, 'params': 553882, 'time_iter': 0.03155, 'mae': 0.38039, 'r2': 0.74546, 'spearmanr': 0.95319, 'mse': 1.00256, 'rmse': 1.00128, 'loss_recon': 0.0, 'loss_recon_node': 0.0, 'loss_recon_edge': 0.0, 'loss_recon_tuple': 0.0, 'loss_recon_nodepe': 0.0, 'loss_recon_edgepe': 0.0}
test: {'epoch': 196, 'time_epoch': 0.50461, 'loss': 0.4066576, 'lr': 0, 'params': 553882, 'time_iter': 0.03154, 'mae': 0.40666, 'r2': 0.79133, 'spearmanr': 0.94235, 'mse': 0.84894, 'rmse': 0.92138, 'loss_recon': 0.0, 'loss_recon_node': 0.0, 'loss_recon_edge': 0.0, 'loss_recon_tuple': 0.0, 'loss_recon_nodepe': 0.0, 'loss_recon_edgepe': 0.0}
> Epoch 196: took 14.2s (avg 14.4s) | Best so far: epoch 191	train_loss: 0.2846 train_mae: 0.2846	val_loss: 0.3341 val_mae: 0.3341	test_loss: 0.3596 test_mae: 0.3596
train: {'epoch': 197, 'time_epoch': 13.23534, 'eta': 2693.44018, 'eta_hours': 0.74818, 'loss': 0.25783125, 'lr': 0.0005322, 'params': 553882, 'time_iter': 0.0843, 'mae': 0.25783, 'r2': 0.90189, 'spearmanr': 0.97091, 'mse': 0.39672, 'rmse': 0.62985}
val: {'epoch': 197, 'time_epoch': 0.5039, 'loss': 0.37454044, 'lr': 0, 'params': 553882, 'time_iter': 0.03149, 'mae': 0.37454, 'r2': 0.72029, 'spearmanr': 0.94822, 'mse': 1.10169, 'rmse': 1.04962, 'loss_recon': 0.0, 'loss_recon_node': 0.0, 'loss_recon_edge': 0.0, 'loss_recon_tuple': 0.0, 'loss_recon_nodepe': 0.0, 'loss_recon_edgepe': 0.0}
test: {'epoch': 197, 'time_epoch': 0.50424, 'loss': 0.40013447, 'lr': 0, 'params': 553882, 'time_iter': 0.03152, 'mae': 0.40013, 'r2': 0.75869, 'spearmanr': 0.93785, 'mse': 0.98173, 'rmse': 0.99082, 'loss_recon': 0.0, 'loss_recon_node': 0.0, 'loss_recon_edge': 0.0, 'loss_recon_tuple': 0.0, 'loss_recon_nodepe': 0.0, 'loss_recon_edgepe': 0.0}
> Epoch 197: took 14.3s (avg 14.4s) | Best so far: epoch 191	train_loss: 0.2846 train_mae: 0.2846	val_loss: 0.3341 val_mae: 0.3341	test_loss: 0.3596 test_mae: 0.3596
tensor([1, 1, 1, 1, 9, 1, 1, 1, 1, 3, 1, 2, 1, 2, 3, 1, 1, 1, 1, 1],
       device='cuda:0')
tensor([[-0.7756,  0.6016,  0.0870, -0.3413],
        [-0.7939,  0.6143,  0.0863, -0.3475],
        [-0.4311,  0.3627,  0.1010, -0.2232],
        [-0.1808,  0.2086,  0.1260, -0.1212],
        [-0.6586,  0.5206,  0.0919, -0.3010],
        [-0.1557,  0.1978,  0.1320, -0.1071],
        [-0.3479,  0.3051,  0.1045, -0.1945],
        [-0.7394,  0.5764,  0.0884, -0.3290],
        [-0.8625,  0.6617,  0.0834, -0.3712],
        [-0.7353,  0.5734,  0.0884, -0.3277],
        [-0.8135,  0.6279,  0.0855, -0.3542],
        [-0.8728,  0.6691,  0.0831, -0.3746],
        [-0.7659,  0.5950,  0.0874, -0.3379],
        [-0.9159,  0.6988,  0.0813, -0.3894],
        [-0.5790,  0.4653,  0.0950, -0.2738],
        [-0.9637,  0.7322,  0.0795, -0.4057],
        [-1.0582,  0.7977,  0.0756, -0.4380],
        [-0.9572,  0.7276,  0.0797, -0.4035],
        [-0.8994,  0.6875,  0.0820, -0.3837],
        [-0.8740,  0.6699,  0.0831, -0.3750]], device='cuda:0',
       grad_fn=<SliceBackward0>)
tensor([8, 1, 0, 0, 0, 0, 0, 0, 0, 0, 0, 0, 0, 0, 0, 0, 0, 0, 0, 0],
       device='cuda:0')
tensor([[-0.6071, -0.1886, -0.3067, -0.0805],
        [ 0.2361, -0.0262, -0.0387,  0.0799],
        [-0.1748,  0.2177, -0.2470, -0.1145],
        [ 0.2361, -0.0262, -0.0387,  0.0799],
        [ 0.2361, -0.0262, -0.0387,  0.0799],
        [ 0.2361, -0.0262, -0.0387,  0.0799],
        [ 0.2361, -0.0262, -0.0387,  0.0799],
        [ 0.2361, -0.0262, -0.0387,  0.0799],
        [ 0.2361, -0.0262, -0.0387,  0.0799],
        [ 0.2361, -0.0262, -0.0387,  0.0799],
        [ 0.2361, -0.0262, -0.0387,  0.0799],
        [ 0.2361, -0.0262, -0.0387,  0.0799],
        [ 0.2361, -0.0262, -0.0387,  0.0799],
        [ 0.2361, -0.0262, -0.0387,  0.0799],
        [ 0.2361, -0.0262, -0.0387,  0.0799],
        [ 0.2361, -0.0262, -0.0387,  0.0799],
        [ 0.2361, -0.0262, -0.0387,  0.0799],
        [ 0.2361, -0.0262, -0.0387,  0.0799],
        [ 0.2361, -0.0262, -0.0387,  0.0799],
        [ 0.2361, -0.0262, -0.0387,  0.0799]], device='cuda:0',
       grad_fn=<SliceBackward0>)
train: {'epoch': 198, 'time_epoch': 13.23548, 'eta': 2680.00695, 'eta_hours': 0.74445, 'loss': 0.24994924, 'lr': 0.00052818, 'params': 553882, 'time_iter': 0.0843, 'mae': 0.24995, 'r2': 0.90535, 'spearmanr': 0.97144, 'mse': 0.38273, 'rmse': 0.61865}
val: {'epoch': 198, 'time_epoch': 0.50425, 'loss': 0.3357422, 'lr': 0, 'params': 553882, 'time_iter': 0.03152, 'mae': 0.33574, 'r2': 0.73144, 'spearmanr': 0.9494, 'mse': 1.05779, 'rmse': 1.02849, 'loss_recon': 0.0, 'loss_recon_node': 0.0, 'loss_recon_edge': 0.0, 'loss_recon_tuple': 0.0, 'loss_recon_nodepe': 0.0, 'loss_recon_edgepe': 0.0}
test: {'epoch': 198, 'time_epoch': 0.50428, 'loss': 0.36013698, 'lr': 0, 'params': 553882, 'time_iter': 0.03152, 'mae': 0.36014, 'r2': 0.77162, 'spearmanr': 0.9391, 'mse': 0.92912, 'rmse': 0.96391, 'loss_recon': 0.0, 'loss_recon_node': 0.0, 'loss_recon_edge': 0.0, 'loss_recon_tuple': 0.0, 'loss_recon_nodepe': 0.0, 'loss_recon_edgepe': 0.0}
> Epoch 198: took 14.3s (avg 14.4s) | Best so far: epoch 191	train_loss: 0.2846 train_mae: 0.2846	val_loss: 0.3341 val_mae: 0.3341	test_loss: 0.3596 test_mae: 0.3596
train: {'epoch': 199, 'time_epoch': 13.22639, 'eta': 2666.5666, 'eta_hours': 0.74071, 'loss': 0.26706068, 'lr': 0.00052416, 'params': 553882, 'time_iter': 0.08424, 'mae': 0.26706, 'r2': 0.83619, 'spearmanr': 0.96858, 'mse': 0.66233, 'rmse': 0.81384}
val: {'epoch': 199, 'time_epoch': 0.50512, 'loss': 0.36183479, 'lr': 0, 'params': 553882, 'time_iter': 0.03157, 'mae': 0.36183, 'r2': 0.73442, 'spearmanr': 0.94886, 'mse': 1.04607, 'rmse': 1.02277, 'loss_recon': 0.0, 'loss_recon_node': 0.0, 'loss_recon_edge': 0.0, 'loss_recon_tuple': 0.0, 'loss_recon_nodepe': 0.0, 'loss_recon_edgepe': 0.0}
test: {'epoch': 199, 'time_epoch': 0.5045, 'loss': 0.39042191, 'lr': 0, 'params': 553882, 'time_iter': 0.03153, 'mae': 0.39042, 'r2': 0.77189, 'spearmanr': 0.93703, 'mse': 0.92804, 'rmse': 0.96335, 'loss_recon': 0.0, 'loss_recon_node': 0.0, 'loss_recon_edge': 0.0, 'loss_recon_tuple': 0.0, 'loss_recon_nodepe': 0.0, 'loss_recon_edgepe': 0.0}
> Epoch 199: took 14.3s (avg 14.4s) | Best so far: epoch 191	train_loss: 0.2846 train_mae: 0.2846	val_loss: 0.3341 val_mae: 0.3341	test_loss: 0.3596 test_mae: 0.3596
train: {'epoch': 200, 'time_epoch': 13.23258, 'eta': 2653.13452, 'eta_hours': 0.73698, 'loss': 0.25744707, 'lr': 0.00052013, 'params': 553882, 'time_iter': 0.08428, 'mae': 0.25745, 'r2': 0.84059, 'spearmanr': 0.97238, 'mse': 0.64455, 'rmse': 0.80284}
val: {'epoch': 200, 'time_epoch': 0.50476, 'loss': 0.5853454, 'lr': 0, 'params': 553882, 'time_iter': 0.03155, 'mae': 0.58535, 'r2': 0.72043, 'spearmanr': 0.95241, 'mse': 1.10118, 'rmse': 1.04937, 'loss_recon': 0.0, 'loss_recon_node': 0.0, 'loss_recon_edge': 0.0, 'loss_recon_tuple': 0.0, 'loss_recon_nodepe': 0.0, 'loss_recon_edgepe': 0.0}
test: {'epoch': 200, 'time_epoch': 0.50396, 'loss': 0.61523078, 'lr': 0, 'params': 553882, 'time_iter': 0.0315, 'mae': 0.61523, 'r2': 0.76925, 'spearmanr': 0.94083, 'mse': 0.93876, 'rmse': 0.9689, 'loss_recon': 0.0, 'loss_recon_node': 0.0, 'loss_recon_edge': 0.0, 'loss_recon_tuple': 0.0, 'loss_recon_nodepe': 0.0, 'loss_recon_edgepe': 0.0}
> Epoch 200: took 14.3s (avg 14.4s) | Best so far: epoch 191	train_loss: 0.2846 train_mae: 0.2846	val_loss: 0.3341 val_mae: 0.3341	test_loss: 0.3596 test_mae: 0.3596
train: {'epoch': 201, 'time_epoch': 13.22294, 'eta': 2639.69495, 'eta_hours': 0.73325, 'loss': 0.253594, 'lr': 0.00051611, 'params': 553882, 'time_iter': 0.08422, 'mae': 0.25359, 'r2': 0.85148, 'spearmanr': 0.97376, 'mse': 0.60051, 'rmse': 0.77492}
val: {'epoch': 201, 'time_epoch': 0.50729, 'loss': 0.361118, 'lr': 0, 'params': 553882, 'time_iter': 0.03171, 'mae': 0.36112, 'r2': 0.72651, 'spearmanr': 0.94537, 'mse': 1.07723, 'rmse': 1.0379, 'loss_recon': 0.0, 'loss_recon_node': 0.0, 'loss_recon_edge': 0.0, 'loss_recon_tuple': 0.0, 'loss_recon_nodepe': 0.0, 'loss_recon_edgepe': 0.0}
test: {'epoch': 201, 'time_epoch': 0.50385, 'loss': 0.38883258, 'lr': 0, 'params': 553882, 'time_iter': 0.03149, 'mae': 0.38883, 'r2': 0.76388, 'spearmanr': 0.93633, 'mse': 0.96062, 'rmse': 0.98011, 'loss_recon': 0.0, 'loss_recon_node': 0.0, 'loss_recon_edge': 0.0, 'loss_recon_tuple': 0.0, 'loss_recon_nodepe': 0.0, 'loss_recon_edgepe': 0.0}
> Epoch 201: took 14.2s (avg 14.4s) | Best so far: epoch 191	train_loss: 0.2846 train_mae: 0.2846	val_loss: 0.3341 val_mae: 0.3341	test_loss: 0.3596 test_mae: 0.3596
train: {'epoch': 202, 'time_epoch': 13.23191, 'eta': 2626.26623, 'eta_hours': 0.72952, 'loss': 0.25357411, 'lr': 0.00051208, 'params': 553882, 'time_iter': 0.08428, 'mae': 0.25357, 'r2': 0.85377, 'spearmanr': 0.97271, 'mse': 0.59127, 'rmse': 0.76894}
val: {'epoch': 202, 'time_epoch': 0.50514, 'loss': 0.45661066, 'lr': 0, 'params': 553882, 'time_iter': 0.03157, 'mae': 0.45661, 'r2': 0.73526, 'spearmanr': 0.94914, 'mse': 1.04276, 'rmse': 1.02116, 'loss_recon': 0.0, 'loss_recon_node': 0.0, 'loss_recon_edge': 0.0, 'loss_recon_tuple': 0.0, 'loss_recon_nodepe': 0.0, 'loss_recon_edgepe': 0.0}
test: {'epoch': 202, 'time_epoch': 0.50572, 'loss': 0.48627038, 'lr': 0, 'params': 553882, 'time_iter': 0.03161, 'mae': 0.48627, 'r2': 0.78723, 'spearmanr': 0.94144, 'mse': 0.8656, 'rmse': 0.93038, 'loss_recon': 0.0, 'loss_recon_node': 0.0, 'loss_recon_edge': 0.0, 'loss_recon_tuple': 0.0, 'loss_recon_nodepe': 0.0, 'loss_recon_edgepe': 0.0}
> Epoch 202: took 14.3s (avg 14.4s) | Best so far: epoch 191	train_loss: 0.2846 train_mae: 0.2846	val_loss: 0.3341 val_mae: 0.3341	test_loss: 0.3596 test_mae: 0.3596
train: {'epoch': 203, 'time_epoch': 13.22694, 'eta': 2612.83467, 'eta_hours': 0.72579, 'loss': 0.25981472, 'lr': 0.00050806, 'params': 553882, 'time_iter': 0.08425, 'mae': 0.25981, 'r2': 0.85108, 'spearmanr': 0.97108, 'mse': 0.60215, 'rmse': 0.77598}
val: {'epoch': 203, 'time_epoch': 0.50413, 'loss': 0.37645104, 'lr': 0, 'params': 553882, 'time_iter': 0.03151, 'mae': 0.37645, 'r2': 0.7383, 'spearmanr': 0.95205, 'mse': 1.03078, 'rmse': 1.01527, 'loss_recon': 0.0, 'loss_recon_node': 0.0, 'loss_recon_edge': 0.0, 'loss_recon_tuple': 0.0, 'loss_recon_nodepe': 0.0, 'loss_recon_edgepe': 0.0}
test: {'epoch': 203, 'time_epoch': 0.50456, 'loss': 0.40753503, 'lr': 0, 'params': 553882, 'time_iter': 0.03153, 'mae': 0.40754, 'r2': 0.7836, 'spearmanr': 0.94119, 'mse': 0.8804, 'rmse': 0.93829, 'loss_recon': 0.0, 'loss_recon_node': 0.0, 'loss_recon_edge': 0.0, 'loss_recon_tuple': 0.0, 'loss_recon_nodepe': 0.0, 'loss_recon_edgepe': 0.0}
> Epoch 203: took 14.3s (avg 14.4s) | Best so far: epoch 191	train_loss: 0.2846 train_mae: 0.2846	val_loss: 0.3341 val_mae: 0.3341	test_loss: 0.3596 test_mae: 0.3596
train: {'epoch': 204, 'time_epoch': 13.22875, 'eta': 2599.40681, 'eta_hours': 0.72206, 'loss': 0.24533137, 'lr': 0.00050403, 'params': 553882, 'time_iter': 0.08426, 'mae': 0.24533, 'r2': 0.8998, 'spearmanr': 0.97219, 'mse': 0.40514, 'rmse': 0.63651}
val: {'epoch': 204, 'time_epoch': 0.50405, 'loss': 0.35845756, 'lr': 0, 'params': 553882, 'time_iter': 0.0315, 'mae': 0.35846, 'r2': 0.72624, 'spearmanr': 0.95036, 'mse': 1.07829, 'rmse': 1.03841, 'loss_recon': 0.0, 'loss_recon_node': 0.0, 'loss_recon_edge': 0.0, 'loss_recon_tuple': 0.0, 'loss_recon_nodepe': 0.0, 'loss_recon_edgepe': 0.0}
test: {'epoch': 204, 'time_epoch': 0.50859, 'loss': 0.3925782, 'lr': 0, 'params': 553882, 'time_iter': 0.03179, 'mae': 0.39258, 'r2': 0.76318, 'spearmanr': 0.94003, 'mse': 0.96344, 'rmse': 0.98155, 'loss_recon': 0.0, 'loss_recon_node': 0.0, 'loss_recon_edge': 0.0, 'loss_recon_tuple': 0.0, 'loss_recon_nodepe': 0.0, 'loss_recon_edgepe': 0.0}
> Epoch 204: took 14.3s (avg 14.4s) | Best so far: epoch 191	train_loss: 0.2846 train_mae: 0.2846	val_loss: 0.3341 val_mae: 0.3341	test_loss: 0.3596 test_mae: 0.3596
train: {'epoch': 205, 'time_epoch': 13.23881, 'eta': 2585.99037, 'eta_hours': 0.71833, 'loss': 0.26635174, 'lr': 0.0005, 'params': 553882, 'time_iter': 0.08432, 'mae': 0.26635, 'r2': 0.87356, 'spearmanr': 0.96889, 'mse': 0.51125, 'rmse': 0.71502}
val: {'epoch': 205, 'time_epoch': 0.50545, 'loss': 0.42406815, 'lr': 0, 'params': 553882, 'time_iter': 0.03159, 'mae': 0.42407, 'r2': 0.70392, 'spearmanr': 0.94864, 'mse': 1.16618, 'rmse': 1.0799, 'loss_recon': 0.0, 'loss_recon_node': 0.0, 'loss_recon_edge': 0.0, 'loss_recon_tuple': 0.0, 'loss_recon_nodepe': 0.0, 'loss_recon_edgepe': 0.0}
test: {'epoch': 205, 'time_epoch': 0.50483, 'loss': 0.45591964, 'lr': 0, 'params': 553882, 'time_iter': 0.03155, 'mae': 0.45592, 'r2': 0.74254, 'spearmanr': 0.94024, 'mse': 1.04741, 'rmse': 1.02343, 'loss_recon': 0.0, 'loss_recon_node': 0.0, 'loss_recon_edge': 0.0, 'loss_recon_tuple': 0.0, 'loss_recon_nodepe': 0.0, 'loss_recon_edgepe': 0.0}
> Epoch 205: took 14.3s (avg 14.4s) | Best so far: epoch 191	train_loss: 0.2846 train_mae: 0.2846	val_loss: 0.3341 val_mae: 0.3341	test_loss: 0.3596 test_mae: 0.3596
train: {'epoch': 206, 'time_epoch': 13.22931, 'eta': 2572.56678, 'eta_hours': 0.7146, 'loss': 0.26088141, 'lr': 0.00049597, 'params': 553882, 'time_iter': 0.08426, 'mae': 0.26088, 'r2': 0.842, 'spearmanr': 0.96916, 'mse': 0.63888, 'rmse': 0.7993}
val: {'epoch': 206, 'time_epoch': 0.50431, 'loss': 0.34623443, 'lr': 0, 'params': 553882, 'time_iter': 0.03152, 'mae': 0.34623, 'r2': 0.72479, 'spearmanr': 0.94898, 'mse': 1.084, 'rmse': 1.04115, 'loss_recon': 0.0, 'loss_recon_node': 0.0, 'loss_recon_edge': 0.0, 'loss_recon_tuple': 0.0, 'loss_recon_nodepe': 0.0, 'loss_recon_edgepe': 0.0}
test: {'epoch': 206, 'time_epoch': 0.50421, 'loss': 0.3766467, 'lr': 0, 'params': 553882, 'time_iter': 0.03151, 'mae': 0.37665, 'r2': 0.76341, 'spearmanr': 0.94032, 'mse': 0.96251, 'rmse': 0.98107, 'loss_recon': 0.0, 'loss_recon_node': 0.0, 'loss_recon_edge': 0.0, 'loss_recon_tuple': 0.0, 'loss_recon_nodepe': 0.0, 'loss_recon_edgepe': 0.0}
> Epoch 206: took 14.3s (avg 14.4s) | Best so far: epoch 191	train_loss: 0.2846 train_mae: 0.2846	val_loss: 0.3341 val_mae: 0.3341	test_loss: 0.3596 test_mae: 0.3596
tensor([ 1,  5, 12,  5,  1,  2,  1,  1,  1,  1,  7,  1,  4,  1,  1,  1,  1,  1,
         6,  1], device='cuda:0')
tensor([[-0.1859,  0.2076,  0.1245, -0.1212],
        [-0.1586,  0.1960,  0.1310, -0.1060],
        [-0.2178,  0.2212,  0.1169, -0.1390],
        [-0.1984,  0.2130,  0.1215, -0.1282],
        [-0.1586,  0.1960,  0.1310, -0.1060],
        [-0.7598,  0.5771,  0.0820, -0.3404],
        [-0.6894,  0.5287,  0.0849, -0.3160],
        [-1.1500,  0.8466,  0.0671, -0.4744],
        [-1.1295,  0.8322,  0.0676, -0.4676],
        [-1.1374,  0.8377,  0.0673, -0.4703],
        [-0.7283,  0.5555,  0.0834, -0.3294],
        [-1.1299,  0.8325,  0.0676, -0.4677],
        [-0.4776,  0.3829,  0.0934, -0.2428],
        [-1.0475,  0.7755,  0.0707, -0.4395],
        [-0.9380,  0.7000,  0.0750, -0.4018],
        [-1.1310,  0.8333,  0.0676, -0.4681],
        [-1.1498,  0.8465,  0.0671, -0.4744],
        [-1.0219,  0.7579,  0.0717, -0.4307],
        [-0.7888,  0.5973,  0.0810, -0.3502],
        [-0.2680,  0.2427,  0.1049, -0.1671]], device='cuda:0',
       grad_fn=<SliceBackward0>)
tensor([8, 1, 0, 0, 0, 0, 0, 0, 0, 0, 0, 0, 0, 0, 0, 0, 0, 0, 0, 0],
       device='cuda:0')
tensor([[-0.4136, -0.1780, -0.2352, -0.0302],
        [ 0.2344, -0.0262, -0.0382,  0.0796],
        [ 0.2344, -0.0262, -0.0382,  0.0796],
        [ 0.2344, -0.0262, -0.0382,  0.0796],
        [ 0.2344, -0.0262, -0.0382,  0.0796],
        [ 0.2344, -0.0262, -0.0382,  0.0796],
        [ 0.2344, -0.0262, -0.0382,  0.0796],
        [ 0.2344, -0.0262, -0.0382,  0.0796],
        [ 0.2344, -0.0262, -0.0382,  0.0796],
        [ 0.2344, -0.0262, -0.0382,  0.0796],
        [ 0.2344, -0.0262, -0.0382,  0.0796],
        [ 0.2344, -0.0262, -0.0382,  0.0796],
        [ 0.2344, -0.0262, -0.0382,  0.0796],
        [ 0.2344, -0.0262, -0.0382,  0.0796],
        [ 0.1256,  0.0405, -0.0924,  0.0281],
        [ 0.2344, -0.0262, -0.0382,  0.0796],
        [ 0.2344, -0.0262, -0.0382,  0.0796],
        [ 0.2344, -0.0262, -0.0382,  0.0796],
        [ 0.2344, -0.0262, -0.0382,  0.0796],
        [ 0.2344, -0.0262, -0.0382,  0.0796]], device='cuda:0',
       grad_fn=<SliceBackward0>)
train: {'epoch': 207, 'time_epoch': 13.24629, 'eta': 2559.16074, 'eta_hours': 0.71088, 'loss': 0.26604196, 'lr': 0.00049194, 'params': 553882, 'time_iter': 0.08437, 'mae': 0.26604, 'r2': 0.85125, 'spearmanr': 0.9699, 'mse': 0.60146, 'rmse': 0.77554}
val: {'epoch': 207, 'time_epoch': 0.50523, 'loss': 0.35405034, 'lr': 0, 'params': 553882, 'time_iter': 0.03158, 'mae': 0.35405, 'r2': 0.72436, 'spearmanr': 0.95005, 'mse': 1.08567, 'rmse': 1.04195, 'loss_recon': 0.0, 'loss_recon_node': 0.0, 'loss_recon_edge': 0.0, 'loss_recon_tuple': 0.0, 'loss_recon_nodepe': 0.0, 'loss_recon_edgepe': 0.0}
test: {'epoch': 207, 'time_epoch': 0.50497, 'loss': 0.38025102, 'lr': 0, 'params': 553882, 'time_iter': 0.03156, 'mae': 0.38025, 'r2': 0.76231, 'spearmanr': 0.93942, 'mse': 0.96699, 'rmse': 0.98336, 'loss_recon': 0.0, 'loss_recon_node': 0.0, 'loss_recon_edge': 0.0, 'loss_recon_tuple': 0.0, 'loss_recon_nodepe': 0.0, 'loss_recon_edgepe': 0.0}
> Epoch 207: took 14.3s (avg 14.4s) | Best so far: epoch 191	train_loss: 0.2846 train_mae: 0.2846	val_loss: 0.3341 val_mae: 0.3341	test_loss: 0.3596 test_mae: 0.3596
train: {'epoch': 208, 'time_epoch': 13.23303, 'eta': 2545.74411, 'eta_hours': 0.70715, 'loss': 0.26390382, 'lr': 0.00048792, 'params': 553882, 'time_iter': 0.08429, 'mae': 0.2639, 'r2': 0.85574, 'spearmanr': 0.96909, 'mse': 0.58331, 'rmse': 0.76375}
val: {'epoch': 208, 'time_epoch': 0.50499, 'loss': 0.39960448, 'lr': 0, 'params': 553882, 'time_iter': 0.03156, 'mae': 0.3996, 'r2': 0.71437, 'spearmanr': 0.94946, 'mse': 1.12503, 'rmse': 1.06068, 'loss_recon': 0.0, 'loss_recon_node': 0.0, 'loss_recon_edge': 0.0, 'loss_recon_tuple': 0.0, 'loss_recon_nodepe': 0.0, 'loss_recon_edgepe': 0.0}
test: {'epoch': 208, 'time_epoch': 0.50506, 'loss': 0.42314746, 'lr': 0, 'params': 553882, 'time_iter': 0.03157, 'mae': 0.42315, 'r2': 0.75517, 'spearmanr': 0.94047, 'mse': 0.99605, 'rmse': 0.99803, 'loss_recon': 0.0, 'loss_recon_node': 0.0, 'loss_recon_edge': 0.0, 'loss_recon_tuple': 0.0, 'loss_recon_nodepe': 0.0, 'loss_recon_edgepe': 0.0}
> Epoch 208: took 14.3s (avg 14.4s) | Best so far: epoch 191	train_loss: 0.2846 train_mae: 0.2846	val_loss: 0.3341 val_mae: 0.3341	test_loss: 0.3596 test_mae: 0.3596
train: {'epoch': 209, 'time_epoch': 13.23515, 'eta': 2532.33114, 'eta_hours': 0.70343, 'loss': 0.2473929, 'lr': 0.00048389, 'params': 553882, 'time_iter': 0.0843, 'mae': 0.24739, 'r2': 0.87967, 'spearmanr': 0.97245, 'mse': 0.48656, 'rmse': 0.69754}
val: {'epoch': 209, 'time_epoch': 0.50644, 'loss': 0.36697485, 'lr': 0, 'params': 553882, 'time_iter': 0.03165, 'mae': 0.36697, 'r2': 0.71727, 'spearmanr': 0.94915, 'mse': 1.11361, 'rmse': 1.05528, 'loss_recon': 0.0, 'loss_recon_node': 0.0, 'loss_recon_edge': 0.0, 'loss_recon_tuple': 0.0, 'loss_recon_nodepe': 0.0, 'loss_recon_edgepe': 0.0}
test: {'epoch': 209, 'time_epoch': 0.5042, 'loss': 0.39848035, 'lr': 0, 'params': 553882, 'time_iter': 0.03151, 'mae': 0.39848, 'r2': 0.75233, 'spearmanr': 0.93785, 'mse': 1.00759, 'rmse': 1.00379, 'loss_recon': 0.0, 'loss_recon_node': 0.0, 'loss_recon_edge': 0.0, 'loss_recon_tuple': 0.0, 'loss_recon_nodepe': 0.0, 'loss_recon_edgepe': 0.0}
> Epoch 209: took 14.3s (avg 14.4s) | Best so far: epoch 191	train_loss: 0.2846 train_mae: 0.2846	val_loss: 0.3341 val_mae: 0.3341	test_loss: 0.3596 test_mae: 0.3596
train: {'epoch': 210, 'time_epoch': 13.22632, 'eta': 2518.91195, 'eta_hours': 0.6997, 'loss': 0.23935063, 'lr': 0.00047987, 'params': 553882, 'time_iter': 0.08424, 'mae': 0.23935, 'r2': 0.8657, 'spearmanr': 0.97173, 'mse': 0.54301, 'rmse': 0.73689}
val: {'epoch': 210, 'time_epoch': 0.50344, 'loss': 0.44182184, 'lr': 0, 'params': 553882, 'time_iter': 0.03147, 'mae': 0.44182, 'r2': 0.70349, 'spearmanr': 0.95227, 'mse': 1.16787, 'rmse': 1.08068, 'loss_recon': 0.0, 'loss_recon_node': 0.0, 'loss_recon_edge': 0.0, 'loss_recon_tuple': 0.0, 'loss_recon_nodepe': 0.0, 'loss_recon_edgepe': 0.0}
test: {'epoch': 210, 'time_epoch': 0.5042, 'loss': 0.47257083, 'lr': 0, 'params': 553882, 'time_iter': 0.03151, 'mae': 0.47257, 'r2': 0.74319, 'spearmanr': 0.94207, 'mse': 1.04476, 'rmse': 1.02214, 'loss_recon': 0.0, 'loss_recon_node': 0.0, 'loss_recon_edge': 0.0, 'loss_recon_tuple': 0.0, 'loss_recon_nodepe': 0.0, 'loss_recon_edgepe': 0.0}
> Epoch 210: took 14.2s (avg 14.4s) | Best so far: epoch 191	train_loss: 0.2846 train_mae: 0.2846	val_loss: 0.3341 val_mae: 0.3341	test_loss: 0.3596 test_mae: 0.3596
train: {'epoch': 211, 'time_epoch': 13.23404, 'eta': 2505.50143, 'eta_hours': 0.69597, 'loss': 0.27362656, 'lr': 0.00047584, 'params': 553882, 'time_iter': 0.08429, 'mae': 0.27363, 'r2': 0.89804, 'spearmanr': 0.9685, 'mse': 0.41227, 'rmse': 0.64208}
val: {'epoch': 211, 'time_epoch': 0.50499, 'loss': 0.32444004, 'lr': 0, 'params': 553882, 'time_iter': 0.03156, 'mae': 0.32444, 'r2': 0.73927, 'spearmanr': 0.95311, 'mse': 1.02696, 'rmse': 1.01339, 'loss_recon': 0.0, 'loss_recon_node': 0.0, 'loss_recon_edge': 0.0, 'loss_recon_tuple': 0.0, 'loss_recon_nodepe': 0.0, 'loss_recon_edgepe': 0.0}
test: {'epoch': 211, 'time_epoch': 0.50466, 'loss': 0.34752764, 'lr': 0, 'params': 553882, 'time_iter': 0.03154, 'mae': 0.34753, 'r2': 0.78383, 'spearmanr': 0.94276, 'mse': 0.87944, 'rmse': 0.93778, 'loss_recon': 0.0, 'loss_recon_node': 0.0, 'loss_recon_edge': 0.0, 'loss_recon_tuple': 0.0, 'loss_recon_nodepe': 0.0, 'loss_recon_edgepe': 0.0}
> Epoch 211: took 14.3s (avg 14.4s) | Best so far: epoch 211	train_loss: 0.2736 train_mae: 0.2736	val_loss: 0.3244 val_mae: 0.3244	test_loss: 0.3475 test_mae: 0.3475
train: {'epoch': 212, 'time_epoch': 13.22644, 'eta': 2492.0859, 'eta_hours': 0.69225, 'loss': 0.23939016, 'lr': 0.00047182, 'params': 553882, 'time_iter': 0.08424, 'mae': 0.23939, 'r2': 0.8761, 'spearmanr': 0.97212, 'mse': 0.50097, 'rmse': 0.70779}
val: {'epoch': 212, 'time_epoch': 0.50406, 'loss': 0.36717992, 'lr': 0, 'params': 553882, 'time_iter': 0.0315, 'mae': 0.36718, 'r2': 0.72366, 'spearmanr': 0.94969, 'mse': 1.08844, 'rmse': 1.04328, 'loss_recon': 0.0, 'loss_recon_node': 0.0, 'loss_recon_edge': 0.0, 'loss_recon_tuple': 0.0, 'loss_recon_nodepe': 0.0, 'loss_recon_edgepe': 0.0}
test: {'epoch': 212, 'time_epoch': 0.50337, 'loss': 0.38706704, 'lr': 0, 'params': 553882, 'time_iter': 0.03146, 'mae': 0.38707, 'r2': 0.77146, 'spearmanr': 0.94288, 'mse': 0.92978, 'rmse': 0.96425, 'loss_recon': 0.0, 'loss_recon_node': 0.0, 'loss_recon_edge': 0.0, 'loss_recon_tuple': 0.0, 'loss_recon_nodepe': 0.0, 'loss_recon_edgepe': 0.0}
> Epoch 212: took 14.2s (avg 14.4s) | Best so far: epoch 211	train_loss: 0.2736 train_mae: 0.2736	val_loss: 0.3244 val_mae: 0.3244	test_loss: 0.3475 test_mae: 0.3475
train: {'epoch': 213, 'time_epoch': 13.22868, 'eta': 2478.67407, 'eta_hours': 0.68852, 'loss': 0.26318789, 'lr': 0.0004678, 'params': 553882, 'time_iter': 0.08426, 'mae': 0.26319, 'r2': 0.83465, 'spearmanr': 0.96809, 'mse': 0.66859, 'rmse': 0.81768}
val: {'epoch': 213, 'time_epoch': 0.50441, 'loss': 0.42801884, 'lr': 0, 'params': 553882, 'time_iter': 0.03153, 'mae': 0.42802, 'r2': 0.73711, 'spearmanr': 0.95066, 'mse': 1.03548, 'rmse': 1.01758, 'loss_recon': 0.0, 'loss_recon_node': 0.0, 'loss_recon_edge': 0.0, 'loss_recon_tuple': 0.0, 'loss_recon_nodepe': 0.0, 'loss_recon_edgepe': 0.0}
test: {'epoch': 213, 'time_epoch': 0.5058, 'loss': 0.45153951, 'lr': 0, 'params': 553882, 'time_iter': 0.03161, 'mae': 0.45154, 'r2': 0.78363, 'spearmanr': 0.93953, 'mse': 0.88025, 'rmse': 0.93822, 'loss_recon': 0.0, 'loss_recon_node': 0.0, 'loss_recon_edge': 0.0, 'loss_recon_tuple': 0.0, 'loss_recon_nodepe': 0.0, 'loss_recon_edgepe': 0.0}
> Epoch 213: took 14.3s (avg 14.4s) | Best so far: epoch 211	train_loss: 0.2736 train_mae: 0.2736	val_loss: 0.3244 val_mae: 0.3244	test_loss: 0.3475 test_mae: 0.3475
train: {'epoch': 214, 'time_epoch': 13.23321, 'eta': 2465.26784, 'eta_hours': 0.6848, 'loss': 0.23267119, 'lr': 0.00046378, 'params': 553882, 'time_iter': 0.08429, 'mae': 0.23267, 'r2': 0.893, 'spearmanr': 0.97358, 'mse': 0.43264, 'rmse': 0.65776}
val: {'epoch': 214, 'time_epoch': 0.50515, 'loss': 0.34478937, 'lr': 0, 'params': 553882, 'time_iter': 0.03157, 'mae': 0.34479, 'r2': 0.73611, 'spearmanr': 0.95258, 'mse': 1.03942, 'rmse': 1.01952, 'loss_recon': 0.0, 'loss_recon_node': 0.0, 'loss_recon_edge': 0.0, 'loss_recon_tuple': 0.0, 'loss_recon_nodepe': 0.0, 'loss_recon_edgepe': 0.0}
test: {'epoch': 214, 'time_epoch': 0.50466, 'loss': 0.37280103, 'lr': 0, 'params': 553882, 'time_iter': 0.03154, 'mae': 0.3728, 'r2': 0.78352, 'spearmanr': 0.94375, 'mse': 0.88069, 'rmse': 0.93845, 'loss_recon': 0.0, 'loss_recon_node': 0.0, 'loss_recon_edge': 0.0, 'loss_recon_tuple': 0.0, 'loss_recon_nodepe': 0.0, 'loss_recon_edgepe': 0.0}
> Epoch 214: took 14.3s (avg 14.4s) | Best so far: epoch 211	train_loss: 0.2736 train_mae: 0.2736	val_loss: 0.3244 val_mae: 0.3244	test_loss: 0.3475 test_mae: 0.3475
train: {'epoch': 215, 'time_epoch': 13.22764, 'eta': 2451.85848, 'eta_hours': 0.68107, 'loss': 0.26156063, 'lr': 0.00045977, 'params': 553882, 'time_iter': 0.08425, 'mae': 0.26156, 'r2': 0.88253, 'spearmanr': 0.97108, 'mse': 0.47497, 'rmse': 0.68918}
val: {'epoch': 215, 'time_epoch': 0.50444, 'loss': 0.32807268, 'lr': 0, 'params': 553882, 'time_iter': 0.03153, 'mae': 0.32807, 'r2': 0.74115, 'spearmanr': 0.95305, 'mse': 1.01953, 'rmse': 1.00972, 'loss_recon': 0.0, 'loss_recon_node': 0.0, 'loss_recon_edge': 0.0, 'loss_recon_tuple': 0.0, 'loss_recon_nodepe': 0.0, 'loss_recon_edgepe': 0.0}
test: {'epoch': 215, 'time_epoch': 0.50572, 'loss': 0.36101492, 'lr': 0, 'params': 553882, 'time_iter': 0.03161, 'mae': 0.36101, 'r2': 0.78326, 'spearmanr': 0.94201, 'mse': 0.88176, 'rmse': 0.93902, 'loss_recon': 0.0, 'loss_recon_node': 0.0, 'loss_recon_edge': 0.0, 'loss_recon_tuple': 0.0, 'loss_recon_nodepe': 0.0, 'loss_recon_edgepe': 0.0}
> Epoch 215: took 14.3s (avg 14.4s) | Best so far: epoch 211	train_loss: 0.2736 train_mae: 0.2736	val_loss: 0.3244 val_mae: 0.3244	test_loss: 0.3475 test_mae: 0.3475
tensor([ 1,  1,  1,  5,  1,  1,  1,  1,  1,  1,  1,  1,  1,  1, 22,  1,  6,  1,
         1,  1], device='cuda:0')
tensor([[-0.8597,  0.6441,  0.0796, -0.3863],
        [-1.0302,  0.7604,  0.0723, -0.4482],
        [-1.1129,  0.8169,  0.0688, -0.4782],
        [-0.1587,  0.1963,  0.1326, -0.1074],
        [-1.0946,  0.8044,  0.0695, -0.4716],
        [-0.8330,  0.6258,  0.0807, -0.3766],
        [-0.7062,  0.5393,  0.0861, -0.3306],
        [-1.1040,  0.8108,  0.0691, -0.4750],
        [-0.9453,  0.7025,  0.0759, -0.4174],
        [-0.9519,  0.7070,  0.0756, -0.4198],
        [-1.1421,  0.8369,  0.0676, -0.4888],
        [-1.2593,  0.9168,  0.0625, -0.5314],
        [-0.9134,  0.6807,  0.0773, -0.4058],
        [-1.2920,  0.9394,  0.0613, -0.5431],
        [-1.2764,  7.4414,  5.4700, -4.6107],
        [-0.8609,  0.6449,  0.0795, -0.3867],
        [-1.0586,  0.7798,  0.0711, -0.4585],
        [-1.1637,  0.8516,  0.0666, -0.4966],
        [-1.1716,  0.8571,  0.0663, -0.4995],
        [-1.1419,  0.8368,  0.0676, -0.4887]], device='cuda:0',
       grad_fn=<SliceBackward0>)
tensor([8, 1, 0, 0, 0, 0, 0, 0, 0, 0, 0, 0, 0, 0, 5, 1, 8, 2, 0, 0],
       device='cuda:0')
tensor([[-5.2628e-01, -1.4836e-01, -2.7972e-01, -6.9181e-02],
        [ 2.3323e-01, -2.6030e-02, -3.7407e-02,  7.8973e-02],
        [ 1.9296e-01, -4.0710e-04, -5.7034e-02,  5.9836e-02],
        [ 2.3323e-01, -2.6030e-02, -3.7407e-02,  7.8973e-02],
        [ 2.3323e-01, -2.6030e-02, -3.7407e-02,  7.8973e-02],
        [ 2.3323e-01, -2.6030e-02, -3.7407e-02,  7.8973e-02],
        [ 2.3323e-01, -2.6030e-02, -3.7407e-02,  7.8973e-02],
        [ 2.3323e-01, -2.6030e-02, -3.7407e-02,  7.8973e-02],
        [ 2.3323e-01, -2.6030e-02, -3.7407e-02,  7.8973e-02],
        [ 2.3323e-01, -2.6030e-02, -3.7407e-02,  7.8973e-02],
        [ 2.3323e-01, -2.6030e-02, -3.7407e-02,  7.8973e-02],
        [ 1.2778e-01,  3.9862e-02, -8.9109e-02,  2.8782e-02],
        [ 2.3323e-01, -2.6030e-02, -3.7407e-02,  7.8973e-02],
        [ 1.8979e-01,  1.4571e-03, -5.8618e-02,  5.8320e-02],
        [ 2.3323e-01, -2.6030e-02, -3.7407e-02,  7.8973e-02],
        [ 2.3323e-01, -2.6030e-02, -3.7407e-02,  7.8973e-02],
        [-5.6597e-01, -1.3733e-01, -2.9658e-01, -8.3510e-02],
        [ 2.3323e-01, -2.6030e-02, -3.7407e-02,  7.8973e-02],
        [ 1.7478e-01,  1.4180e-02, -6.4948e-02,  5.1563e-02],
        [ 2.3323e-01, -2.6030e-02, -3.7407e-02,  7.8973e-02]], device='cuda:0',
       grad_fn=<SliceBackward0>)
train: {'epoch': 216, 'time_epoch': 13.24842, 'eta': 2438.46831, 'eta_hours': 0.67735, 'loss': 0.24566598, 'lr': 0.00045575, 'params': 553882, 'time_iter': 0.08438, 'mae': 0.24567, 'r2': 0.88055, 'spearmanr': 0.97181, 'mse': 0.483, 'rmse': 0.69498}
val: {'epoch': 216, 'time_epoch': 0.50612, 'loss': 0.37950885, 'lr': 0, 'params': 553882, 'time_iter': 0.03163, 'mae': 0.37951, 'r2': 0.72511, 'spearmanr': 0.95389, 'mse': 1.08274, 'rmse': 1.04055, 'loss_recon': 0.0, 'loss_recon_node': 0.0, 'loss_recon_edge': 0.0, 'loss_recon_tuple': 0.0, 'loss_recon_nodepe': 0.0, 'loss_recon_edgepe': 0.0}
test: {'epoch': 216, 'time_epoch': 0.50494, 'loss': 0.41389505, 'lr': 0, 'params': 553882, 'time_iter': 0.03156, 'mae': 0.4139, 'r2': 0.76178, 'spearmanr': 0.94279, 'mse': 0.96913, 'rmse': 0.98444, 'loss_recon': 0.0, 'loss_recon_node': 0.0, 'loss_recon_edge': 0.0, 'loss_recon_tuple': 0.0, 'loss_recon_nodepe': 0.0, 'loss_recon_edgepe': 0.0}
> Epoch 216: took 14.3s (avg 14.4s) | Best so far: epoch 211	train_loss: 0.2736 train_mae: 0.2736	val_loss: 0.3244 val_mae: 0.3244	test_loss: 0.3475 test_mae: 0.3475
train: {'epoch': 217, 'time_epoch': 13.23262, 'eta': 2425.06625, 'eta_hours': 0.67363, 'loss': 0.23209486, 'lr': 0.00045174, 'params': 553882, 'time_iter': 0.08428, 'mae': 0.23209, 'r2': 0.91927, 'spearmanr': 0.97598, 'mse': 0.32641, 'rmse': 0.57132}
val: {'epoch': 217, 'time_epoch': 0.50456, 'loss': 0.42863729, 'lr': 0, 'params': 553882, 'time_iter': 0.03154, 'mae': 0.42864, 'r2': 0.74215, 'spearmanr': 0.95359, 'mse': 1.01561, 'rmse': 1.00778, 'loss_recon': 0.0, 'loss_recon_node': 0.0, 'loss_recon_edge': 0.0, 'loss_recon_tuple': 0.0, 'loss_recon_nodepe': 0.0, 'loss_recon_edgepe': 0.0}
test: {'epoch': 217, 'time_epoch': 0.50621, 'loss': 0.45870214, 'lr': 0, 'params': 553882, 'time_iter': 0.03164, 'mae': 0.4587, 'r2': 0.78864, 'spearmanr': 0.94294, 'mse': 0.85989, 'rmse': 0.9273, 'loss_recon': 0.0, 'loss_recon_node': 0.0, 'loss_recon_edge': 0.0, 'loss_recon_tuple': 0.0, 'loss_recon_nodepe': 0.0, 'loss_recon_edgepe': 0.0}
> Epoch 217: took 14.3s (avg 14.4s) | Best so far: epoch 211	train_loss: 0.2736 train_mae: 0.2736	val_loss: 0.3244 val_mae: 0.3244	test_loss: 0.3475 test_mae: 0.3475
train: {'epoch': 218, 'time_epoch': 13.23901, 'eta': 2411.67102, 'eta_hours': 0.66991, 'loss': 0.24190427, 'lr': 0.00044774, 'params': 553882, 'time_iter': 0.08432, 'mae': 0.2419, 'r2': 0.86092, 'spearmanr': 0.97358, 'mse': 0.56235, 'rmse': 0.7499}
val: {'epoch': 218, 'time_epoch': 0.50386, 'loss': 0.42696365, 'lr': 0, 'params': 553882, 'time_iter': 0.03149, 'mae': 0.42696, 'r2': 0.73908, 'spearmanr': 0.95242, 'mse': 1.02772, 'rmse': 1.01376, 'loss_recon': 0.0, 'loss_recon_node': 0.0, 'loss_recon_edge': 0.0, 'loss_recon_tuple': 0.0, 'loss_recon_nodepe': 0.0, 'loss_recon_edgepe': 0.0}
test: {'epoch': 218, 'time_epoch': 0.50463, 'loss': 0.45387357, 'lr': 0, 'params': 553882, 'time_iter': 0.03154, 'mae': 0.45387, 'r2': 0.78565, 'spearmanr': 0.94139, 'mse': 0.87203, 'rmse': 0.93383, 'loss_recon': 0.0, 'loss_recon_node': 0.0, 'loss_recon_edge': 0.0, 'loss_recon_tuple': 0.0, 'loss_recon_nodepe': 0.0, 'loss_recon_edgepe': 0.0}
> Epoch 218: took 14.3s (avg 14.4s) | Best so far: epoch 211	train_loss: 0.2736 train_mae: 0.2736	val_loss: 0.3244 val_mae: 0.3244	test_loss: 0.3475 test_mae: 0.3475
train: {'epoch': 219, 'time_epoch': 13.23765, 'eta': 2398.2761, 'eta_hours': 0.66619, 'loss': 0.26884872, 'lr': 0.00044373, 'params': 553882, 'time_iter': 0.08432, 'mae': 0.26885, 'r2': 0.84155, 'spearmanr': 0.96881, 'mse': 0.64068, 'rmse': 0.80043}
val: {'epoch': 219, 'time_epoch': 0.50728, 'loss': 0.35324052, 'lr': 0, 'params': 553882, 'time_iter': 0.03171, 'mae': 0.35324, 'r2': 0.73762, 'spearmanr': 0.95216, 'mse': 1.03343, 'rmse': 1.01658, 'loss_recon': 0.0, 'loss_recon_node': 0.0, 'loss_recon_edge': 0.0, 'loss_recon_tuple': 0.0, 'loss_recon_nodepe': 0.0, 'loss_recon_edgepe': 0.0}
test: {'epoch': 219, 'time_epoch': 0.50684, 'loss': 0.37618091, 'lr': 0, 'params': 553882, 'time_iter': 0.03168, 'mae': 0.37618, 'r2': 0.77867, 'spearmanr': 0.94089, 'mse': 0.90044, 'rmse': 0.94891, 'loss_recon': 0.0, 'loss_recon_node': 0.0, 'loss_recon_edge': 0.0, 'loss_recon_tuple': 0.0, 'loss_recon_nodepe': 0.0, 'loss_recon_edgepe': 0.0}
> Epoch 219: took 14.3s (avg 14.4s) | Best so far: epoch 211	train_loss: 0.2736 train_mae: 0.2736	val_loss: 0.3244 val_mae: 0.3244	test_loss: 0.3475 test_mae: 0.3475
train: {'epoch': 220, 'time_epoch': 13.22869, 'eta': 2384.87534, 'eta_hours': 0.66247, 'loss': 0.25777528, 'lr': 0.00043973, 'params': 553882, 'time_iter': 0.08426, 'mae': 0.25778, 'r2': 0.839, 'spearmanr': 0.97009, 'mse': 0.65098, 'rmse': 0.80684}
val: {'epoch': 220, 'time_epoch': 0.50458, 'loss': 0.33559643, 'lr': 0, 'params': 553882, 'time_iter': 0.03154, 'mae': 0.3356, 'r2': 0.74015, 'spearmanr': 0.952, 'mse': 1.02348, 'rmse': 1.01167, 'loss_recon': 0.0, 'loss_recon_node': 0.0, 'loss_recon_edge': 0.0, 'loss_recon_tuple': 0.0, 'loss_recon_nodepe': 0.0, 'loss_recon_edgepe': 0.0}
test: {'epoch': 220, 'time_epoch': 0.50478, 'loss': 0.36122817, 'lr': 0, 'params': 553882, 'time_iter': 0.03155, 'mae': 0.36123, 'r2': 0.78125, 'spearmanr': 0.94019, 'mse': 0.88994, 'rmse': 0.94336, 'loss_recon': 0.0, 'loss_recon_node': 0.0, 'loss_recon_edge': 0.0, 'loss_recon_tuple': 0.0, 'loss_recon_nodepe': 0.0, 'loss_recon_edgepe': 0.0}
> Epoch 220: took 14.3s (avg 14.4s) | Best so far: epoch 211	train_loss: 0.2736 train_mae: 0.2736	val_loss: 0.3244 val_mae: 0.3244	test_loss: 0.3475 test_mae: 0.3475
train: {'epoch': 221, 'time_epoch': 13.23693, 'eta': 2371.48275, 'eta_hours': 0.65875, 'loss': 0.23276773, 'lr': 0.00043574, 'params': 553882, 'time_iter': 0.08431, 'mae': 0.23277, 'r2': 0.85644, 'spearmanr': 0.97299, 'mse': 0.58047, 'rmse': 0.76189}
val: {'epoch': 221, 'time_epoch': 0.50608, 'loss': 0.35937886, 'lr': 0, 'params': 553882, 'time_iter': 0.03163, 'mae': 0.35938, 'r2': 0.74616, 'spearmanr': 0.9532, 'mse': 0.99981, 'rmse': 0.9999, 'loss_recon': 0.0, 'loss_recon_node': 0.0, 'loss_recon_edge': 0.0, 'loss_recon_tuple': 0.0, 'loss_recon_nodepe': 0.0, 'loss_recon_edgepe': 0.0}
test: {'epoch': 221, 'time_epoch': 0.50599, 'loss': 0.38345792, 'lr': 0, 'params': 553882, 'time_iter': 0.03162, 'mae': 0.38346, 'r2': 0.79302, 'spearmanr': 0.94257, 'mse': 0.84205, 'rmse': 0.91763, 'loss_recon': 0.0, 'loss_recon_node': 0.0, 'loss_recon_edge': 0.0, 'loss_recon_tuple': 0.0, 'loss_recon_nodepe': 0.0, 'loss_recon_edgepe': 0.0}
> Epoch 221: took 14.3s (avg 14.4s) | Best so far: epoch 211	train_loss: 0.2736 train_mae: 0.2736	val_loss: 0.3244 val_mae: 0.3244	test_loss: 0.3475 test_mae: 0.3475
train: {'epoch': 222, 'time_epoch': 13.23991, 'eta': 2358.09391, 'eta_hours': 0.65503, 'loss': 0.2565369, 'lr': 0.00043174, 'params': 553882, 'time_iter': 0.08433, 'mae': 0.25654, 'r2': 0.85396, 'spearmanr': 0.97285, 'mse': 0.5905, 'rmse': 0.76844}
val: {'epoch': 222, 'time_epoch': 0.50647, 'loss': 0.34378325, 'lr': 0, 'params': 553882, 'time_iter': 0.03165, 'mae': 0.34378, 'r2': 0.74353, 'spearmanr': 0.95285, 'mse': 1.01019, 'rmse': 1.00508, 'loss_recon': 0.0, 'loss_recon_node': 0.0, 'loss_recon_edge': 0.0, 'loss_recon_tuple': 0.0, 'loss_recon_nodepe': 0.0, 'loss_recon_edgepe': 0.0}
test: {'epoch': 222, 'time_epoch': 0.50646, 'loss': 0.36780244, 'lr': 0, 'params': 553882, 'time_iter': 0.03165, 'mae': 0.3678, 'r2': 0.78854, 'spearmanr': 0.94315, 'mse': 0.86029, 'rmse': 0.92752, 'loss_recon': 0.0, 'loss_recon_node': 0.0, 'loss_recon_edge': 0.0, 'loss_recon_tuple': 0.0, 'loss_recon_nodepe': 0.0, 'loss_recon_edgepe': 0.0}
> Epoch 222: took 14.3s (avg 14.4s) | Best so far: epoch 211	train_loss: 0.2736 train_mae: 0.2736	val_loss: 0.3244 val_mae: 0.3244	test_loss: 0.3475 test_mae: 0.3475
train: {'epoch': 223, 'time_epoch': 13.23156, 'eta': 2344.69984, 'eta_hours': 0.65131, 'loss': 0.24028573, 'lr': 0.00042776, 'params': 553882, 'time_iter': 0.08428, 'mae': 0.24029, 'r2': 0.85447, 'spearmanr': 0.97315, 'mse': 0.58842, 'rmse': 0.76708}
val: {'epoch': 223, 'time_epoch': 0.50436, 'loss': 0.31809083, 'lr': 0, 'params': 553882, 'time_iter': 0.03152, 'mae': 0.31809, 'r2': 0.73811, 'spearmanr': 0.95343, 'mse': 1.03152, 'rmse': 1.01564, 'loss_recon': 0.0, 'loss_recon_node': 0.0, 'loss_recon_edge': 0.0, 'loss_recon_tuple': 0.0, 'loss_recon_nodepe': 0.0, 'loss_recon_edgepe': 0.0}
test: {'epoch': 223, 'time_epoch': 0.50507, 'loss': 0.34498253, 'lr': 0, 'params': 553882, 'time_iter': 0.03157, 'mae': 0.34498, 'r2': 0.7792, 'spearmanr': 0.94207, 'mse': 0.8983, 'rmse': 0.94779, 'loss_recon': 0.0, 'loss_recon_node': 0.0, 'loss_recon_edge': 0.0, 'loss_recon_tuple': 0.0, 'loss_recon_nodepe': 0.0, 'loss_recon_edgepe': 0.0}
> Epoch 223: took 14.3s (avg 14.4s) | Best so far: epoch 223	train_loss: 0.2403 train_mae: 0.2403	val_loss: 0.3181 val_mae: 0.3181	test_loss: 0.3450 test_mae: 0.3450
train: {'epoch': 224, 'time_epoch': 13.23621, 'eta': 2331.31083, 'eta_hours': 0.64759, 'loss': 0.25926582, 'lr': 0.00042377, 'params': 553882, 'time_iter': 0.08431, 'mae': 0.25927, 'r2': 0.82854, 'spearmanr': 0.97095, 'mse': 0.69327, 'rmse': 0.83263}
val: {'epoch': 224, 'time_epoch': 0.50548, 'loss': 0.35048935, 'lr': 0, 'params': 553882, 'time_iter': 0.03159, 'mae': 0.35049, 'r2': 0.74504, 'spearmanr': 0.95493, 'mse': 1.00422, 'rmse': 1.00211, 'loss_recon': 0.0, 'loss_recon_node': 0.0, 'loss_recon_edge': 0.0, 'loss_recon_tuple': 0.0, 'loss_recon_nodepe': 0.0, 'loss_recon_edgepe': 0.0}
test: {'epoch': 224, 'time_epoch': 0.50547, 'loss': 0.38126498, 'lr': 0, 'params': 553882, 'time_iter': 0.03159, 'mae': 0.38126, 'r2': 0.79002, 'spearmanr': 0.94402, 'mse': 0.85427, 'rmse': 0.92427, 'loss_recon': 0.0, 'loss_recon_node': 0.0, 'loss_recon_edge': 0.0, 'loss_recon_tuple': 0.0, 'loss_recon_nodepe': 0.0, 'loss_recon_edgepe': 0.0}
> Epoch 224: took 14.3s (avg 14.4s) | Best so far: epoch 223	train_loss: 0.2403 train_mae: 0.2403	val_loss: 0.3181 val_mae: 0.3181	test_loss: 0.3450 test_mae: 0.3450
tensor([1, 1, 3, 1, 2, 1, 5, 9, 1, 1, 1, 2, 3, 1, 1, 1, 1, 1, 1, 1],
       device='cuda:0')
tensor([[-0.9844,  0.7159,  0.0696, -0.4377],
        [-0.9293,  0.6787,  0.0721, -0.4174],
        [-0.8132,  0.5999,  0.0769, -0.3749],
        [-0.4448,  0.3506,  0.0927, -0.2395],
        [-1.2570,  0.9008,  0.0583, -0.5375],
        [-0.4006,  0.3206,  0.0945, -0.2233],
        [-0.1609,  0.1946,  0.1320, -0.1066],
        [-0.1609,  0.1946,  0.1320, -0.1066],
        [-0.1609,  0.1946,  0.1320, -0.1066],
        [-0.1609,  0.1946,  0.1320, -0.1066],
        [-0.7005,  0.5238,  0.0818, -0.3334],
        [-1.1655,  0.8386,  0.0620, -0.5041],
        [-0.5698,  0.4353,  0.0873, -0.2854],
        [-1.2650,  0.9063,  0.0580, -0.5404],
        [-1.2540,  0.8986,  0.0583, -0.5365],
        [-0.5503,  0.4221,  0.0882, -0.2782],
        [-0.9879,  0.7184,  0.0696, -0.4388],
        [-1.0180,  0.7388,  0.0683, -0.4499],
        [-0.7419,  0.5517,  0.0800, -0.3486],
        [-1.2719,  0.9110,  0.0577, -0.5429]], device='cuda:0',
       grad_fn=<SliceBackward0>)
tensor([8, 1, 0, 0, 0, 0, 0, 0, 0, 0, 0, 0, 0, 0, 0, 0, 0, 0, 0, 0],
       device='cuda:0')
tensor([[-0.6832, -0.2077, -0.3215, -0.0816],
        [ 0.2319, -0.0264, -0.0369,  0.0786],
        [-0.1797,  0.2245, -0.2391, -0.1156],
        [ 0.2151, -0.0408, -0.0402,  0.0792],
        [ 0.2319, -0.0264, -0.0369,  0.0786],
        [ 0.2319, -0.0264, -0.0369,  0.0786],
        [ 0.2319, -0.0264, -0.0369,  0.0786],
        [ 0.2115, -0.0439, -0.0409,  0.0793],
        [ 0.2319, -0.0264, -0.0369,  0.0786],
        [ 0.2319, -0.0264, -0.0369,  0.0786],
        [ 0.2319, -0.0264, -0.0369,  0.0786],
        [ 0.2319, -0.0264, -0.0369,  0.0786],
        [ 0.2319, -0.0264, -0.0369,  0.0786],
        [ 0.2319, -0.0264, -0.0369,  0.0786],
        [ 0.2319, -0.0264, -0.0369,  0.0786],
        [ 0.2319, -0.0264, -0.0369,  0.0786],
        [ 0.2319, -0.0264, -0.0369,  0.0786],
        [ 0.2319, -0.0264, -0.0369,  0.0786],
        [ 0.2319, -0.0264, -0.0369,  0.0786],
        [ 0.2319, -0.0264, -0.0369,  0.0786]], device='cuda:0',
       grad_fn=<SliceBackward0>)
train: {'epoch': 225, 'time_epoch': 13.25152, 'eta': 2317.93497, 'eta_hours': 0.64387, 'loss': 0.22691336, 'lr': 0.00041979, 'params': 553882, 'time_iter': 0.0844, 'mae': 0.22691, 'r2': 0.86192, 'spearmanr': 0.97635, 'mse': 0.55829, 'rmse': 0.74719}
val: {'epoch': 225, 'time_epoch': 0.50689, 'loss': 0.32553496, 'lr': 0, 'params': 553882, 'time_iter': 0.03168, 'mae': 0.32553, 'r2': 0.73631, 'spearmanr': 0.95181, 'mse': 1.03859, 'rmse': 1.01911, 'loss_recon': 0.0, 'loss_recon_node': 0.0, 'loss_recon_edge': 0.0, 'loss_recon_tuple': 0.0, 'loss_recon_nodepe': 0.0, 'loss_recon_edgepe': 0.0}
test: {'epoch': 225, 'time_epoch': 0.50471, 'loss': 0.35435181, 'lr': 0, 'params': 553882, 'time_iter': 0.03154, 'mae': 0.35435, 'r2': 0.77804, 'spearmanr': 0.94023, 'mse': 0.903, 'rmse': 0.95026, 'loss_recon': 0.0, 'loss_recon_node': 0.0, 'loss_recon_edge': 0.0, 'loss_recon_tuple': 0.0, 'loss_recon_nodepe': 0.0, 'loss_recon_edgepe': 0.0}
> Epoch 225: took 14.3s (avg 14.4s) | Best so far: epoch 223	train_loss: 0.2403 train_mae: 0.2403	val_loss: 0.3181 val_mae: 0.3181	test_loss: 0.3450 test_mae: 0.3450
train: {'epoch': 226, 'time_epoch': 13.22691, 'eta': 2304.54144, 'eta_hours': 0.64015, 'loss': 0.26768883, 'lr': 0.00041582, 'params': 553882, 'time_iter': 0.08425, 'mae': 0.26769, 'r2': 0.854, 'spearmanr': 0.97048, 'mse': 0.59035, 'rmse': 0.76835}
val: {'epoch': 226, 'time_epoch': 0.50554, 'loss': 0.33989888, 'lr': 0, 'params': 553882, 'time_iter': 0.0316, 'mae': 0.3399, 'r2': 0.73384, 'spearmanr': 0.95285, 'mse': 1.04833, 'rmse': 1.02388, 'loss_recon': 0.0, 'loss_recon_node': 0.0, 'loss_recon_edge': 0.0, 'loss_recon_tuple': 0.0, 'loss_recon_nodepe': 0.0, 'loss_recon_edgepe': 0.0}
test: {'epoch': 226, 'time_epoch': 0.50701, 'loss': 0.3683496, 'lr': 0, 'params': 553882, 'time_iter': 0.03169, 'mae': 0.36835, 'r2': 0.77771, 'spearmanr': 0.94239, 'mse': 0.90435, 'rmse': 0.95097, 'loss_recon': 0.0, 'loss_recon_node': 0.0, 'loss_recon_edge': 0.0, 'loss_recon_tuple': 0.0, 'loss_recon_nodepe': 0.0, 'loss_recon_edgepe': 0.0}
> Epoch 226: took 14.3s (avg 14.4s) | Best so far: epoch 223	train_loss: 0.2403 train_mae: 0.2403	val_loss: 0.3181 val_mae: 0.3181	test_loss: 0.3450 test_mae: 0.3450
train: {'epoch': 227, 'time_epoch': 13.22024, 'eta': 2291.14434, 'eta_hours': 0.63643, 'loss': 0.23323127, 'lr': 0.00041185, 'params': 553882, 'time_iter': 0.08421, 'mae': 0.23323, 'r2': 0.89617, 'spearmanr': 0.97396, 'mse': 0.41981, 'rmse': 0.64793}
val: {'epoch': 227, 'time_epoch': 0.50461, 'loss': 0.50101857, 'lr': 0, 'params': 553882, 'time_iter': 0.03154, 'mae': 0.50102, 'r2': 0.72985, 'spearmanr': 0.95459, 'mse': 1.06405, 'rmse': 1.03153, 'loss_recon': 0.0, 'loss_recon_node': 0.0, 'loss_recon_edge': 0.0, 'loss_recon_tuple': 0.0, 'loss_recon_nodepe': 0.0, 'loss_recon_edgepe': 0.0}
test: {'epoch': 227, 'time_epoch': 0.50698, 'loss': 0.53258072, 'lr': 0, 'params': 553882, 'time_iter': 0.03169, 'mae': 0.53258, 'r2': 0.77854, 'spearmanr': 0.94325, 'mse': 0.90098, 'rmse': 0.9492, 'loss_recon': 0.0, 'loss_recon_node': 0.0, 'loss_recon_edge': 0.0, 'loss_recon_tuple': 0.0, 'loss_recon_nodepe': 0.0, 'loss_recon_edgepe': 0.0}
> Epoch 227: took 14.2s (avg 14.4s) | Best so far: epoch 223	train_loss: 0.2403 train_mae: 0.2403	val_loss: 0.3181 val_mae: 0.3181	test_loss: 0.3450 test_mae: 0.3450
train: {'epoch': 228, 'time_epoch': 13.22503, 'eta': 2277.75236, 'eta_hours': 0.63271, 'loss': 0.23547164, 'lr': 0.00040789, 'params': 553882, 'time_iter': 0.08424, 'mae': 0.23547, 'r2': 0.83878, 'spearmanr': 0.97531, 'mse': 0.65189, 'rmse': 0.8074}
val: {'epoch': 228, 'time_epoch': 0.50495, 'loss': 0.371857, 'lr': 0, 'params': 553882, 'time_iter': 0.03156, 'mae': 0.37186, 'r2': 0.71749, 'spearmanr': 0.95338, 'mse': 1.11274, 'rmse': 1.05487, 'loss_recon': 0.0, 'loss_recon_node': 0.0, 'loss_recon_edge': 0.0, 'loss_recon_tuple': 0.0, 'loss_recon_nodepe': 0.0, 'loss_recon_edgepe': 0.0}
test: {'epoch': 228, 'time_epoch': 0.50483, 'loss': 0.40829967, 'lr': 0, 'params': 553882, 'time_iter': 0.03155, 'mae': 0.4083, 'r2': 0.75736, 'spearmanr': 0.94205, 'mse': 0.98715, 'rmse': 0.99356, 'loss_recon': 0.0, 'loss_recon_node': 0.0, 'loss_recon_edge': 0.0, 'loss_recon_tuple': 0.0, 'loss_recon_nodepe': 0.0, 'loss_recon_edgepe': 0.0}
> Epoch 228: took 14.2s (avg 14.4s) | Best so far: epoch 223	train_loss: 0.2403 train_mae: 0.2403	val_loss: 0.3181 val_mae: 0.3181	test_loss: 0.3450 test_mae: 0.3450
train: {'epoch': 229, 'time_epoch': 13.22128, 'eta': 2264.35907, 'eta_hours': 0.62899, 'loss': 0.22738191, 'lr': 0.00040394, 'params': 553882, 'time_iter': 0.08421, 'mae': 0.22738, 'r2': 0.90372, 'spearmanr': 0.97627, 'mse': 0.38929, 'rmse': 0.62393}
val: {'epoch': 229, 'time_epoch': 0.50373, 'loss': 0.32234697, 'lr': 0, 'params': 553882, 'time_iter': 0.03148, 'mae': 0.32235, 'r2': 0.74125, 'spearmanr': 0.95543, 'mse': 1.01914, 'rmse': 1.00953, 'loss_recon': 0.0, 'loss_recon_node': 0.0, 'loss_recon_edge': 0.0, 'loss_recon_tuple': 0.0, 'loss_recon_nodepe': 0.0, 'loss_recon_edgepe': 0.0}
test: {'epoch': 229, 'time_epoch': 0.50441, 'loss': 0.34895686, 'lr': 0, 'params': 553882, 'time_iter': 0.03153, 'mae': 0.34896, 'r2': 0.78653, 'spearmanr': 0.94494, 'mse': 0.86846, 'rmse': 0.93191, 'loss_recon': 0.0, 'loss_recon_node': 0.0, 'loss_recon_edge': 0.0, 'loss_recon_tuple': 0.0, 'loss_recon_nodepe': 0.0, 'loss_recon_edgepe': 0.0}
> Epoch 229: took 14.2s (avg 14.4s) | Best so far: epoch 223	train_loss: 0.2403 train_mae: 0.2403	val_loss: 0.3181 val_mae: 0.3181	test_loss: 0.3450 test_mae: 0.3450
train: {'epoch': 230, 'time_epoch': 13.22198, 'eta': 2250.96778, 'eta_hours': 0.62527, 'loss': 0.22119993, 'lr': 0.00039999, 'params': 553882, 'time_iter': 0.08422, 'mae': 0.2212, 'r2': 0.84473, 'spearmanr': 0.97447, 'mse': 0.62782, 'rmse': 0.79235}
val: {'epoch': 230, 'time_epoch': 0.50418, 'loss': 0.3439425, 'lr': 0, 'params': 553882, 'time_iter': 0.03151, 'mae': 0.34394, 'r2': 0.74539, 'spearmanr': 0.95413, 'mse': 1.00286, 'rmse': 1.00143, 'loss_recon': 0.0, 'loss_recon_node': 0.0, 'loss_recon_edge': 0.0, 'loss_recon_tuple': 0.0, 'loss_recon_nodepe': 0.0, 'loss_recon_edgepe': 0.0}
test: {'epoch': 230, 'time_epoch': 0.50412, 'loss': 0.37148662, 'lr': 0, 'params': 553882, 'time_iter': 0.03151, 'mae': 0.37149, 'r2': 0.79246, 'spearmanr': 0.94396, 'mse': 0.84432, 'rmse': 0.91887, 'loss_recon': 0.0, 'loss_recon_node': 0.0, 'loss_recon_edge': 0.0, 'loss_recon_tuple': 0.0, 'loss_recon_nodepe': 0.0, 'loss_recon_edgepe': 0.0}
> Epoch 230: took 14.2s (avg 14.4s) | Best so far: epoch 223	train_loss: 0.2403 train_mae: 0.2403	val_loss: 0.3181 val_mae: 0.3181	test_loss: 0.3450 test_mae: 0.3450
train: {'epoch': 231, 'time_epoch': 13.21928, 'eta': 2237.57599, 'eta_hours': 0.62155, 'loss': 0.23736417, 'lr': 0.00039604, 'params': 553882, 'time_iter': 0.0842, 'mae': 0.23736, 'r2': 0.89853, 'spearmanr': 0.97486, 'mse': 0.4103, 'rmse': 0.64055}
val: {'epoch': 231, 'time_epoch': 0.50308, 'loss': 0.34946991, 'lr': 0, 'params': 553882, 'time_iter': 0.03144, 'mae': 0.34947, 'r2': 0.72962, 'spearmanr': 0.95314, 'mse': 1.06496, 'rmse': 1.03197, 'loss_recon': 0.0, 'loss_recon_node': 0.0, 'loss_recon_edge': 0.0, 'loss_recon_tuple': 0.0, 'loss_recon_nodepe': 0.0, 'loss_recon_edgepe': 0.0}
test: {'epoch': 231, 'time_epoch': 0.50384, 'loss': 0.37569277, 'lr': 0, 'params': 553882, 'time_iter': 0.03149, 'mae': 0.37569, 'r2': 0.77547, 'spearmanr': 0.94464, 'mse': 0.91345, 'rmse': 0.95575, 'loss_recon': 0.0, 'loss_recon_node': 0.0, 'loss_recon_edge': 0.0, 'loss_recon_tuple': 0.0, 'loss_recon_nodepe': 0.0, 'loss_recon_edgepe': 0.0}
> Epoch 231: took 14.2s (avg 14.4s) | Best so far: epoch 223	train_loss: 0.2403 train_mae: 0.2403	val_loss: 0.3181 val_mae: 0.3181	test_loss: 0.3450 test_mae: 0.3450
train: {'epoch': 232, 'time_epoch': 13.21122, 'eta': 2224.1799, 'eta_hours': 0.61783, 'loss': 0.24480477, 'lr': 0.00039211, 'params': 553882, 'time_iter': 0.08415, 'mae': 0.2448, 'r2': 0.85602, 'spearmanr': 0.97325, 'mse': 0.58216, 'rmse': 0.76299}
val: {'epoch': 232, 'time_epoch': 0.50387, 'loss': 0.3254126, 'lr': 0, 'params': 553882, 'time_iter': 0.03149, 'mae': 0.32541, 'r2': 0.73439, 'spearmanr': 0.95408, 'mse': 1.04618, 'rmse': 1.02283, 'loss_recon': 0.0, 'loss_recon_node': 0.0, 'loss_recon_edge': 0.0, 'loss_recon_tuple': 0.0, 'loss_recon_nodepe': 0.0, 'loss_recon_edgepe': 0.0}
test: {'epoch': 232, 'time_epoch': 0.50375, 'loss': 0.35098556, 'lr': 0, 'params': 553882, 'time_iter': 0.03148, 'mae': 0.35099, 'r2': 0.78242, 'spearmanr': 0.94551, 'mse': 0.88518, 'rmse': 0.94084, 'loss_recon': 0.0, 'loss_recon_node': 0.0, 'loss_recon_edge': 0.0, 'loss_recon_tuple': 0.0, 'loss_recon_nodepe': 0.0, 'loss_recon_edgepe': 0.0}
> Epoch 232: took 14.2s (avg 14.4s) | Best so far: epoch 223	train_loss: 0.2403 train_mae: 0.2403	val_loss: 0.3181 val_mae: 0.3181	test_loss: 0.3450 test_mae: 0.3450
train: {'epoch': 233, 'time_epoch': 13.20716, 'eta': 2210.78251, 'eta_hours': 0.61411, 'loss': 0.22578026, 'lr': 0.00038818, 'params': 553882, 'time_iter': 0.08412, 'mae': 0.22578, 'r2': 0.87418, 'spearmanr': 0.97562, 'mse': 0.50874, 'rmse': 0.71326}
val: {'epoch': 233, 'time_epoch': 0.50428, 'loss': 0.33218586, 'lr': 0, 'params': 553882, 'time_iter': 0.03152, 'mae': 0.33219, 'r2': 0.74342, 'spearmanr': 0.9542, 'mse': 1.01061, 'rmse': 1.00529, 'loss_recon': 0.0, 'loss_recon_node': 0.0, 'loss_recon_edge': 0.0, 'loss_recon_tuple': 0.0, 'loss_recon_nodepe': 0.0, 'loss_recon_edgepe': 0.0}
test: {'epoch': 233, 'time_epoch': 0.503, 'loss': 0.35574787, 'lr': 0, 'params': 553882, 'time_iter': 0.03144, 'mae': 0.35575, 'r2': 0.7918, 'spearmanr': 0.94482, 'mse': 0.84703, 'rmse': 0.92034, 'loss_recon': 0.0, 'loss_recon_node': 0.0, 'loss_recon_edge': 0.0, 'loss_recon_tuple': 0.0, 'loss_recon_nodepe': 0.0, 'loss_recon_edgepe': 0.0}
> Epoch 233: took 14.2s (avg 14.4s) | Best so far: epoch 223	train_loss: 0.2403 train_mae: 0.2403	val_loss: 0.3181 val_mae: 0.3181	test_loss: 0.3450 test_mae: 0.3450
tensor([ 1,  2,  1,  3,  1,  1,  1,  1,  1,  2,  2,  1,  1,  1,  1,  3,  3,  1,
        22,  1], device='cuda:0')
tensor([[-0.5390,  0.4174,  0.0930, -0.2765],
        [-1.2042,  0.8690,  0.0671, -0.5263],
        [-1.2494,  0.8998,  0.0655, -0.5431],
        [-1.2341,  0.8893,  0.0659, -0.5375],
        [-1.2447,  0.8966,  0.0656, -0.5414],
        [-1.2622,  0.9087,  0.0651, -0.5479],
        [-1.2718,  0.9153,  0.0648, -0.5514],
        [-1.2772,  0.9189,  0.0646, -0.5534],
        [-1.2248,  0.8830,  0.0663, -0.5340],
        [-1.2501,  0.9004,  0.0655, -0.5434],
        [-0.2502,  0.2333,  0.1132, -0.1586],
        [-0.3478,  0.2877,  0.1006, -0.2045],
        [-0.9856,  0.7207,  0.0757, -0.4442],
        [-1.2967,  0.9324,  0.0640, -0.5605],
        [-1.2371,  0.8914,  0.0659, -0.5386],
        [-0.8911,  0.6565,  0.0793, -0.4087],
        [-1.2106,  0.8733,  0.0668, -0.5288],
        [-1.2746,  0.9172,  0.0647, -0.5524],
        [-0.5606,  2.9366,  2.1614, -1.8233],
        [-0.8677,  0.6403,  0.0800, -0.4002]], device='cuda:0',
       grad_fn=<SliceBackward0>)
tensor([8, 1, 0, 0, 0, 0, 0, 0, 0, 0, 0, 0, 0, 0, 0, 0, 0, 0, 5, 1],
       device='cuda:0')
tensor([[-0.5188, -0.1013, -0.2810, -0.0715],
        [ 0.2307, -0.0269, -0.0366,  0.0785],
        [-0.0062,  0.1003, -0.1452, -0.0227],
        [ 0.2307, -0.0269, -0.0366,  0.0785],
        [ 0.2307, -0.0269, -0.0366,  0.0785],
        [ 0.2307, -0.0269, -0.0366,  0.0785],
        [ 0.2307, -0.0269, -0.0366,  0.0785],
        [ 0.2307, -0.0269, -0.0366,  0.0785],
        [ 0.2307, -0.0269, -0.0366,  0.0785],
        [ 0.2307, -0.0269, -0.0366,  0.0785],
        [ 0.2307, -0.0269, -0.0366,  0.0785],
        [ 0.2307, -0.0269, -0.0366,  0.0785],
        [ 0.2307, -0.0269, -0.0366,  0.0785],
        [ 0.2307, -0.0269, -0.0366,  0.0785],
        [ 0.2307, -0.0269, -0.0366,  0.0785],
        [ 0.2307, -0.0269, -0.0366,  0.0785],
        [ 0.2307, -0.0269, -0.0366,  0.0785],
        [ 0.2307, -0.0269, -0.0366,  0.0785],
        [-0.1145, -0.0508, -0.1507,  0.0063],
        [ 0.2307, -0.0269, -0.0366,  0.0785]], device='cuda:0',
       grad_fn=<SliceBackward0>)
train: {'epoch': 234, 'time_epoch': 13.21767, 'eta': 2197.39413, 'eta_hours': 0.61039, 'loss': 0.22704138, 'lr': 0.00038426, 'params': 553882, 'time_iter': 0.08419, 'mae': 0.22704, 'r2': 0.9035, 'spearmanr': 0.97361, 'mse': 0.39017, 'rmse': 0.62464}
val: {'epoch': 234, 'time_epoch': 0.50505, 'loss': 0.38782569, 'lr': 0, 'params': 553882, 'time_iter': 0.03157, 'mae': 0.38783, 'r2': 0.74462, 'spearmanr': 0.95441, 'mse': 1.00586, 'rmse': 1.00293, 'loss_recon': 0.0, 'loss_recon_node': 0.0, 'loss_recon_edge': 0.0, 'loss_recon_tuple': 0.0, 'loss_recon_nodepe': 0.0, 'loss_recon_edgepe': 0.0}
test: {'epoch': 234, 'time_epoch': 0.50398, 'loss': 0.41004818, 'lr': 0, 'params': 553882, 'time_iter': 0.0315, 'mae': 0.41005, 'r2': 0.79806, 'spearmanr': 0.94515, 'mse': 0.82156, 'rmse': 0.9064, 'loss_recon': 0.0, 'loss_recon_node': 0.0, 'loss_recon_edge': 0.0, 'loss_recon_tuple': 0.0, 'loss_recon_nodepe': 0.0, 'loss_recon_edgepe': 0.0}
> Epoch 234: took 14.2s (avg 14.4s) | Best so far: epoch 223	train_loss: 0.2403 train_mae: 0.2403	val_loss: 0.3181 val_mae: 0.3181	test_loss: 0.3450 test_mae: 0.3450
train: {'epoch': 235, 'time_epoch': 13.20853, 'eta': 2184.00083, 'eta_hours': 0.60667, 'loss': 0.23991109, 'lr': 0.00038034, 'params': 553882, 'time_iter': 0.08413, 'mae': 0.23991, 'r2': 0.85347, 'spearmanr': 0.97381, 'mse': 0.59246, 'rmse': 0.76971}
val: {'epoch': 235, 'time_epoch': 0.50255, 'loss': 0.43459459, 'lr': 0, 'params': 553882, 'time_iter': 0.03141, 'mae': 0.43459, 'r2': 0.74873, 'spearmanr': 0.95714, 'mse': 0.98969, 'rmse': 0.99483, 'loss_recon': 0.0, 'loss_recon_node': 0.0, 'loss_recon_edge': 0.0, 'loss_recon_tuple': 0.0, 'loss_recon_nodepe': 0.0, 'loss_recon_edgepe': 0.0}
test: {'epoch': 235, 'time_epoch': 0.50292, 'loss': 0.45603089, 'lr': 0, 'params': 553882, 'time_iter': 0.03143, 'mae': 0.45603, 'r2': 0.80423, 'spearmanr': 0.94788, 'mse': 0.79647, 'rmse': 0.89245, 'loss_recon': 0.0, 'loss_recon_node': 0.0, 'loss_recon_edge': 0.0, 'loss_recon_tuple': 0.0, 'loss_recon_nodepe': 0.0, 'loss_recon_edgepe': 0.0}
> Epoch 235: took 14.2s (avg 14.4s) | Best so far: epoch 223	train_loss: 0.2403 train_mae: 0.2403	val_loss: 0.3181 val_mae: 0.3181	test_loss: 0.3450 test_mae: 0.3450
train: {'epoch': 236, 'time_epoch': 13.20505, 'eta': 2170.6067, 'eta_hours': 0.60295, 'loss': 0.22432199, 'lr': 0.00037644, 'params': 553882, 'time_iter': 0.08411, 'mae': 0.22432, 'r2': 0.85768, 'spearmanr': 0.97412, 'mse': 0.57547, 'rmse': 0.7586}
val: {'epoch': 236, 'time_epoch': 0.50321, 'loss': 0.47134811, 'lr': 0, 'params': 553882, 'time_iter': 0.03145, 'mae': 0.47135, 'r2': 0.69758, 'spearmanr': 0.95182, 'mse': 1.19114, 'rmse': 1.09139, 'loss_recon': 0.0, 'loss_recon_node': 0.0, 'loss_recon_edge': 0.0, 'loss_recon_tuple': 0.0, 'loss_recon_nodepe': 0.0, 'loss_recon_edgepe': 0.0}
test: {'epoch': 236, 'time_epoch': 0.50413, 'loss': 0.50085696, 'lr': 0, 'params': 553882, 'time_iter': 0.03151, 'mae': 0.50086, 'r2': 0.73735, 'spearmanr': 0.9398, 'mse': 1.06854, 'rmse': 1.0337, 'loss_recon': 0.0, 'loss_recon_node': 0.0, 'loss_recon_edge': 0.0, 'loss_recon_tuple': 0.0, 'loss_recon_nodepe': 0.0, 'loss_recon_edgepe': 0.0}
> Epoch 236: took 14.2s (avg 14.4s) | Best so far: epoch 223	train_loss: 0.2403 train_mae: 0.2403	val_loss: 0.3181 val_mae: 0.3181	test_loss: 0.3450 test_mae: 0.3450
train: {'epoch': 237, 'time_epoch': 13.21249, 'eta': 2157.21923, 'eta_hours': 0.59923, 'loss': 0.23809927, 'lr': 0.00037254, 'params': 553882, 'time_iter': 0.08416, 'mae': 0.2381, 'r2': 0.90183, 'spearmanr': 0.97351, 'mse': 0.39693, 'rmse': 0.63003}
val: {'epoch': 237, 'time_epoch': 0.50383, 'loss': 0.36669969, 'lr': 0, 'params': 553882, 'time_iter': 0.03149, 'mae': 0.3667, 'r2': 0.74189, 'spearmanr': 0.95282, 'mse': 1.01662, 'rmse': 1.00827, 'loss_recon': 0.0, 'loss_recon_node': 0.0, 'loss_recon_edge': 0.0, 'loss_recon_tuple': 0.0, 'loss_recon_nodepe': 0.0, 'loss_recon_edgepe': 0.0}
test: {'epoch': 237, 'time_epoch': 0.50253, 'loss': 0.39091866, 'lr': 0, 'params': 553882, 'time_iter': 0.03141, 'mae': 0.39092, 'r2': 0.79058, 'spearmanr': 0.94244, 'mse': 0.85197, 'rmse': 0.92302, 'loss_recon': 0.0, 'loss_recon_node': 0.0, 'loss_recon_edge': 0.0, 'loss_recon_tuple': 0.0, 'loss_recon_nodepe': 0.0, 'loss_recon_edgepe': 0.0}
> Epoch 237: took 14.2s (avg 14.3s) | Best so far: epoch 223	train_loss: 0.2403 train_mae: 0.2403	val_loss: 0.3181 val_mae: 0.3181	test_loss: 0.3450 test_mae: 0.3450
train: {'epoch': 238, 'time_epoch': 13.20777, 'eta': 2143.83004, 'eta_hours': 0.59551, 'loss': 0.23349174, 'lr': 0.00036865, 'params': 553882, 'time_iter': 0.08413, 'mae': 0.23349, 'r2': 0.82672, 'spearmanr': 0.97224, 'mse': 0.70066, 'rmse': 0.83705}
val: {'epoch': 238, 'time_epoch': 0.50253, 'loss': 0.3382088, 'lr': 0, 'params': 553882, 'time_iter': 0.03141, 'mae': 0.33821, 'r2': 0.73647, 'spearmanr': 0.95523, 'mse': 1.038, 'rmse': 1.01882, 'loss_recon': 0.0, 'loss_recon_node': 0.0, 'loss_recon_edge': 0.0, 'loss_recon_tuple': 0.0, 'loss_recon_nodepe': 0.0, 'loss_recon_edgepe': 0.0}
test: {'epoch': 238, 'time_epoch': 0.50291, 'loss': 0.35783399, 'lr': 0, 'params': 553882, 'time_iter': 0.03143, 'mae': 0.35783, 'r2': 0.78413, 'spearmanr': 0.94571, 'mse': 0.87823, 'rmse': 0.93714, 'loss_recon': 0.0, 'loss_recon_node': 0.0, 'loss_recon_edge': 0.0, 'loss_recon_tuple': 0.0, 'loss_recon_nodepe': 0.0, 'loss_recon_edgepe': 0.0}
> Epoch 238: took 14.2s (avg 14.3s) | Best so far: epoch 223	train_loss: 0.2403 train_mae: 0.2403	val_loss: 0.3181 val_mae: 0.3181	test_loss: 0.3450 test_mae: 0.3450
train: {'epoch': 239, 'time_epoch': 13.21793, 'eta': 2130.44914, 'eta_hours': 0.59179, 'loss': 0.21653282, 'lr': 0.00036476, 'params': 553882, 'time_iter': 0.08419, 'mae': 0.21653, 'r2': 0.86606, 'spearmanr': 0.97602, 'mse': 0.54159, 'rmse': 0.73593}
val: {'epoch': 239, 'time_epoch': 0.50286, 'loss': 0.31631642, 'lr': 0, 'params': 553882, 'time_iter': 0.03143, 'mae': 0.31632, 'r2': 0.75519, 'spearmanr': 0.96003, 'mse': 0.96423, 'rmse': 0.98195, 'loss_recon': 0.0, 'loss_recon_node': 0.0, 'loss_recon_edge': 0.0, 'loss_recon_tuple': 0.0, 'loss_recon_nodepe': 0.0, 'loss_recon_edgepe': 0.0}
test: {'epoch': 239, 'time_epoch': 0.50356, 'loss': 0.33839336, 'lr': 0, 'params': 553882, 'time_iter': 0.03147, 'mae': 0.33839, 'r2': 0.80694, 'spearmanr': 0.95031, 'mse': 0.78545, 'rmse': 0.88625, 'loss_recon': 0.0, 'loss_recon_node': 0.0, 'loss_recon_edge': 0.0, 'loss_recon_tuple': 0.0, 'loss_recon_nodepe': 0.0, 'loss_recon_edgepe': 0.0}
> Epoch 239: took 14.2s (avg 14.3s) | Best so far: epoch 239	train_loss: 0.2165 train_mae: 0.2165	val_loss: 0.3163 val_mae: 0.3163	test_loss: 0.3384 test_mae: 0.3384
train: {'epoch': 240, 'time_epoch': 13.20946, 'eta': 2117.06399, 'eta_hours': 0.58807, 'loss': 0.22110774, 'lr': 0.00036089, 'params': 553882, 'time_iter': 0.08414, 'mae': 0.22111, 'r2': 0.89348, 'spearmanr': 0.97559, 'mse': 0.43071, 'rmse': 0.65629}
val: {'epoch': 240, 'time_epoch': 0.5035, 'loss': 0.40556184, 'lr': 0, 'params': 553882, 'time_iter': 0.03147, 'mae': 0.40556, 'r2': 0.74907, 'spearmanr': 0.95745, 'mse': 0.98837, 'rmse': 0.99417, 'loss_recon': 0.0, 'loss_recon_node': 0.0, 'loss_recon_edge': 0.0, 'loss_recon_tuple': 0.0, 'loss_recon_nodepe': 0.0, 'loss_recon_edgepe': 0.0}
test: {'epoch': 240, 'time_epoch': 0.50333, 'loss': 0.430826, 'lr': 0, 'params': 553882, 'time_iter': 0.03146, 'mae': 0.43083, 'r2': 0.80018, 'spearmanr': 0.94662, 'mse': 0.81294, 'rmse': 0.90163, 'loss_recon': 0.0, 'loss_recon_node': 0.0, 'loss_recon_edge': 0.0, 'loss_recon_tuple': 0.0, 'loss_recon_nodepe': 0.0, 'loss_recon_edgepe': 0.0}
> Epoch 240: took 14.2s (avg 14.3s) | Best so far: epoch 239	train_loss: 0.2165 train_mae: 0.2165	val_loss: 0.3163 val_mae: 0.3163	test_loss: 0.3384 test_mae: 0.3384
train: {'epoch': 241, 'time_epoch': 13.20545, 'eta': 2103.67769, 'eta_hours': 0.58435, 'loss': 0.22481677, 'lr': 0.00035703, 'params': 553882, 'time_iter': 0.08411, 'mae': 0.22482, 'r2': 0.86072, 'spearmanr': 0.97615, 'mse': 0.56315, 'rmse': 0.75043}
val: {'epoch': 241, 'time_epoch': 0.50253, 'loss': 0.31876887, 'lr': 0, 'params': 553882, 'time_iter': 0.03141, 'mae': 0.31877, 'r2': 0.75064, 'spearmanr': 0.95747, 'mse': 0.98218, 'rmse': 0.99105, 'loss_recon': 0.0, 'loss_recon_node': 0.0, 'loss_recon_edge': 0.0, 'loss_recon_tuple': 0.0, 'loss_recon_nodepe': 0.0, 'loss_recon_edgepe': 0.0}
test: {'epoch': 241, 'time_epoch': 0.50374, 'loss': 0.34959181, 'lr': 0, 'params': 553882, 'time_iter': 0.03148, 'mae': 0.34959, 'r2': 0.80019, 'spearmanr': 0.94752, 'mse': 0.81289, 'rmse': 0.9016, 'loss_recon': 0.0, 'loss_recon_node': 0.0, 'loss_recon_edge': 0.0, 'loss_recon_tuple': 0.0, 'loss_recon_nodepe': 0.0, 'loss_recon_edgepe': 0.0}
> Epoch 241: took 14.2s (avg 14.3s) | Best so far: epoch 239	train_loss: 0.2165 train_mae: 0.2165	val_loss: 0.3163 val_mae: 0.3163	test_loss: 0.3384 test_mae: 0.3384
train: {'epoch': 242, 'time_epoch': 13.20915, 'eta': 2090.29526, 'eta_hours': 0.58064, 'loss': 0.21609628, 'lr': 0.00035317, 'params': 553882, 'time_iter': 0.08413, 'mae': 0.2161, 'r2': 0.84428, 'spearmanr': 0.97579, 'mse': 0.62962, 'rmse': 0.79348}
val: {'epoch': 242, 'time_epoch': 0.50404, 'loss': 0.3141085, 'lr': 0, 'params': 553882, 'time_iter': 0.0315, 'mae': 0.31411, 'r2': 0.74686, 'spearmanr': 0.95678, 'mse': 0.99705, 'rmse': 0.99852, 'loss_recon': 0.0, 'loss_recon_node': 0.0, 'loss_recon_edge': 0.0, 'loss_recon_tuple': 0.0, 'loss_recon_nodepe': 0.0, 'loss_recon_edgepe': 0.0}
test: {'epoch': 242, 'time_epoch': 0.50286, 'loss': 0.34034912, 'lr': 0, 'params': 553882, 'time_iter': 0.03143, 'mae': 0.34035, 'r2': 0.79792, 'spearmanr': 0.94686, 'mse': 0.82213, 'rmse': 0.90671, 'loss_recon': 0.0, 'loss_recon_node': 0.0, 'loss_recon_edge': 0.0, 'loss_recon_tuple': 0.0, 'loss_recon_nodepe': 0.0, 'loss_recon_edgepe': 0.0}
> Epoch 242: took 14.2s (avg 14.3s) | Best so far: epoch 242	train_loss: 0.2161 train_mae: 0.2161	val_loss: 0.3141 val_mae: 0.3141	test_loss: 0.3403 test_mae: 0.3403
tensor([1, 1, 1, 1, 1, 1, 1, 1, 2, 3, 1, 1, 3, 1, 1, 1, 1, 1, 3, 2],
       device='cuda:0')
tensor([[-1.0491,  0.7478,  0.0650, -0.4770],
        [-1.3965,  0.9789,  0.0491, -0.6096],
        [-1.4043,  0.9841,  0.0488, -0.6126],
        [-1.3902,  0.9747,  0.0494, -0.6072],
        [-1.3885,  0.9735,  0.0494, -0.6066],
        [-1.3653,  0.9580,  0.0504, -0.5978],
        [-1.3498,  0.9476,  0.0510, -0.5920],
        [-0.6193,  0.4622,  0.0851, -0.3125],
        [-1.3518,  0.9489,  0.0510, -0.5927],
        [-0.1613,  0.1944,  0.1339, -0.1083],
        [-0.4643,  0.3593,  0.0924, -0.2531],
        [-0.4155,  0.3269,  0.0947, -0.2345],
        [-0.1613,  0.1944,  0.1339, -0.1083],
        [-1.3450,  0.9444,  0.0513, -0.5902],
        [-1.3566,  0.9522,  0.0508, -0.5946],
        [-1.3929,  0.9765,  0.0492, -0.6083],
        [-1.4089,  0.9872,  0.0486, -0.6143],
        [-1.3801,  0.9679,  0.0498, -0.6034],
        [-1.2248,  0.8645,  0.0568, -0.5442],
        [-1.0839,  0.7708,  0.0634, -0.4903]], device='cuda:0',
       grad_fn=<SliceBackward0>)
tensor([8, 1, 0, 0, 0, 0, 0, 0, 0, 0, 0, 0, 0, 0, 0, 0, 0, 0, 0, 0],
       device='cuda:0')
tensor([[-0.4926, -0.1854, -0.2604, -0.0358],
        [ 0.2297, -0.0272, -0.0364,  0.0784],
        [ 0.1960, -0.0081, -0.0532,  0.0628],
        [ 0.2297, -0.0272, -0.0364,  0.0784],
        [ 0.2297, -0.0272, -0.0364,  0.0784],
        [ 0.2297, -0.0272, -0.0364,  0.0784],
        [ 0.2297, -0.0272, -0.0364,  0.0784],
        [ 0.2297, -0.0272, -0.0364,  0.0784],
        [ 0.2297, -0.0272, -0.0364,  0.0784],
        [ 0.2297, -0.0272, -0.0364,  0.0784],
        [ 0.2297, -0.0272, -0.0364,  0.0784],
        [ 0.2297, -0.0272, -0.0364,  0.0784],
        [ 0.2297, -0.0272, -0.0364,  0.0784],
        [ 0.2297, -0.0272, -0.0364,  0.0784],
        [ 0.2297, -0.0272, -0.0364,  0.0784],
        [ 0.2297, -0.0272, -0.0364,  0.0784],
        [ 0.2297, -0.0272, -0.0364,  0.0784],
        [ 0.2297, -0.0272, -0.0364,  0.0784],
        [ 0.2191, -0.0209, -0.0416,  0.0735],
        [ 0.2297, -0.0272, -0.0364,  0.0784]], device='cuda:0',
       grad_fn=<SliceBackward0>)
train: {'epoch': 243, 'time_epoch': 13.22367, 'eta': 2076.92354, 'eta_hours': 0.57692, 'loss': 0.22470947, 'lr': 0.00034933, 'params': 553882, 'time_iter': 0.08423, 'mae': 0.22471, 'r2': 0.85616, 'spearmanr': 0.97768, 'mse': 0.58159, 'rmse': 0.76262}
val: {'epoch': 243, 'time_epoch': 0.50251, 'loss': 0.31436027, 'lr': 0, 'params': 553882, 'time_iter': 0.03141, 'mae': 0.31436, 'r2': 0.74746, 'spearmanr': 0.9582, 'mse': 0.99468, 'rmse': 0.99734, 'loss_recon': 0.0, 'loss_recon_node': 0.0, 'loss_recon_edge': 0.0, 'loss_recon_tuple': 0.0, 'loss_recon_nodepe': 0.0, 'loss_recon_edgepe': 0.0}
test: {'epoch': 243, 'time_epoch': 0.50264, 'loss': 0.33740647, 'lr': 0, 'params': 553882, 'time_iter': 0.03142, 'mae': 0.33741, 'r2': 0.79777, 'spearmanr': 0.94744, 'mse': 0.82274, 'rmse': 0.90705, 'loss_recon': 0.0, 'loss_recon_node': 0.0, 'loss_recon_edge': 0.0, 'loss_recon_tuple': 0.0, 'loss_recon_nodepe': 0.0, 'loss_recon_edgepe': 0.0}
> Epoch 243: took 14.2s (avg 14.3s) | Best so far: epoch 242	train_loss: 0.2161 train_mae: 0.2161	val_loss: 0.3141 val_mae: 0.3141	test_loss: 0.3403 test_mae: 0.3403
train: {'epoch': 244, 'time_epoch': 13.21262, 'eta': 2063.54603, 'eta_hours': 0.57321, 'loss': 0.22211261, 'lr': 0.00034549, 'params': 553882, 'time_iter': 0.08416, 'mae': 0.22211, 'r2': 0.90192, 'spearmanr': 0.97789, 'mse': 0.39656, 'rmse': 0.62973}
val: {'epoch': 244, 'time_epoch': 0.50256, 'loss': 0.37426708, 'lr': 0, 'params': 553882, 'time_iter': 0.03141, 'mae': 0.37427, 'r2': 0.73541, 'spearmanr': 0.95399, 'mse': 1.04216, 'rmse': 1.02086, 'loss_recon': 0.0, 'loss_recon_node': 0.0, 'loss_recon_edge': 0.0, 'loss_recon_tuple': 0.0, 'loss_recon_nodepe': 0.0, 'loss_recon_edgepe': 0.0}
test: {'epoch': 244, 'time_epoch': 0.5033, 'loss': 0.40261477, 'lr': 0, 'params': 553882, 'time_iter': 0.03146, 'mae': 0.40261, 'r2': 0.78627, 'spearmanr': 0.94337, 'mse': 0.86954, 'rmse': 0.93249, 'loss_recon': 0.0, 'loss_recon_node': 0.0, 'loss_recon_edge': 0.0, 'loss_recon_tuple': 0.0, 'loss_recon_nodepe': 0.0, 'loss_recon_edgepe': 0.0}
> Epoch 244: took 14.2s (avg 14.3s) | Best so far: epoch 242	train_loss: 0.2161 train_mae: 0.2161	val_loss: 0.3141 val_mae: 0.3141	test_loss: 0.3403 test_mae: 0.3403
train: {'epoch': 245, 'time_epoch': 13.20428, 'eta': 2050.16465, 'eta_hours': 0.56949, 'loss': 0.21266069, 'lr': 0.00034167, 'params': 553882, 'time_iter': 0.0841, 'mae': 0.21266, 'r2': 0.87725, 'spearmanr': 0.97873, 'mse': 0.49632, 'rmse': 0.7045}
val: {'epoch': 245, 'time_epoch': 0.50408, 'loss': 0.31074022, 'lr': 0, 'params': 553882, 'time_iter': 0.03151, 'mae': 0.31074, 'r2': 0.74599, 'spearmanr': 0.95593, 'mse': 1.00049, 'rmse': 1.00024, 'loss_recon': 0.0, 'loss_recon_node': 0.0, 'loss_recon_edge': 0.0, 'loss_recon_tuple': 0.0, 'loss_recon_nodepe': 0.0, 'loss_recon_edgepe': 0.0}
test: {'epoch': 245, 'time_epoch': 0.5033, 'loss': 0.33803206, 'lr': 0, 'params': 553882, 'time_iter': 0.03146, 'mae': 0.33803, 'r2': 0.79672, 'spearmanr': 0.94579, 'mse': 0.827, 'rmse': 0.90939, 'loss_recon': 0.0, 'loss_recon_node': 0.0, 'loss_recon_edge': 0.0, 'loss_recon_tuple': 0.0, 'loss_recon_nodepe': 0.0, 'loss_recon_edgepe': 0.0}
> Epoch 245: took 14.2s (avg 14.3s) | Best so far: epoch 245	train_loss: 0.2127 train_mae: 0.2127	val_loss: 0.3107 val_mae: 0.3107	test_loss: 0.3380 test_mae: 0.3380
train: {'epoch': 246, 'time_epoch': 13.19603, 'eta': 2036.77959, 'eta_hours': 0.56577, 'loss': 0.21392705, 'lr': 0.00033785, 'params': 553882, 'time_iter': 0.08405, 'mae': 0.21393, 'r2': 0.86503, 'spearmanr': 0.97706, 'mse': 0.54573, 'rmse': 0.73874}
val: {'epoch': 246, 'time_epoch': 0.50208, 'loss': 0.35782653, 'lr': 0, 'params': 553882, 'time_iter': 0.03138, 'mae': 0.35783, 'r2': 0.74914, 'spearmanr': 0.95783, 'mse': 0.98806, 'rmse': 0.99401, 'loss_recon': 0.0, 'loss_recon_node': 0.0, 'loss_recon_edge': 0.0, 'loss_recon_tuple': 0.0, 'loss_recon_nodepe': 0.0, 'loss_recon_edgepe': 0.0}
test: {'epoch': 246, 'time_epoch': 0.50487, 'loss': 0.38579965, 'lr': 0, 'params': 553882, 'time_iter': 0.03155, 'mae': 0.3858, 'r2': 0.80035, 'spearmanr': 0.94801, 'mse': 0.81225, 'rmse': 0.90125, 'loss_recon': 0.0, 'loss_recon_node': 0.0, 'loss_recon_edge': 0.0, 'loss_recon_tuple': 0.0, 'loss_recon_nodepe': 0.0, 'loss_recon_edgepe': 0.0}
> Epoch 246: took 14.2s (avg 14.3s) | Best so far: epoch 245	train_loss: 0.2127 train_mae: 0.2127	val_loss: 0.3107 val_mae: 0.3107	test_loss: 0.3380 test_mae: 0.3380
train: {'epoch': 247, 'time_epoch': 13.19981, 'eta': 2023.39837, 'eta_hours': 0.56206, 'loss': 0.22442106, 'lr': 0.00033405, 'params': 553882, 'time_iter': 0.08408, 'mae': 0.22442, 'r2': 0.91484, 'spearmanr': 0.97683, 'mse': 0.34435, 'rmse': 0.58681}
val: {'epoch': 247, 'time_epoch': 0.50174, 'loss': 0.3980787, 'lr': 0, 'params': 553882, 'time_iter': 0.03136, 'mae': 0.39808, 'r2': 0.75122, 'spearmanr': 0.95825, 'mse': 0.97987, 'rmse': 0.98988, 'loss_recon': 0.0, 'loss_recon_node': 0.0, 'loss_recon_edge': 0.0, 'loss_recon_tuple': 0.0, 'loss_recon_nodepe': 0.0, 'loss_recon_edgepe': 0.0}
test: {'epoch': 247, 'time_epoch': 0.5034, 'loss': 0.42627531, 'lr': 0, 'params': 553882, 'time_iter': 0.03146, 'mae': 0.42628, 'r2': 0.80561, 'spearmanr': 0.94861, 'mse': 0.79083, 'rmse': 0.88929, 'loss_recon': 0.0, 'loss_recon_node': 0.0, 'loss_recon_edge': 0.0, 'loss_recon_tuple': 0.0, 'loss_recon_nodepe': 0.0, 'loss_recon_edgepe': 0.0}
> Epoch 247: took 14.2s (avg 14.3s) | Best so far: epoch 245	train_loss: 0.2127 train_mae: 0.2127	val_loss: 0.3107 val_mae: 0.3107	test_loss: 0.3380 test_mae: 0.3380
train: {'epoch': 248, 'time_epoch': 13.19161, 'eta': 2010.01363, 'eta_hours': 0.55834, 'loss': 0.20139487, 'lr': 0.00033025, 'params': 553882, 'time_iter': 0.08402, 'mae': 0.20139, 'r2': 0.86265, 'spearmanr': 0.97804, 'mse': 0.55535, 'rmse': 0.74522}
val: {'epoch': 248, 'time_epoch': 0.50177, 'loss': 0.33107728, 'lr': 0, 'params': 553882, 'time_iter': 0.03136, 'mae': 0.33108, 'r2': 0.75142, 'spearmanr': 0.95797, 'mse': 0.97909, 'rmse': 0.98949, 'loss_recon': 0.0, 'loss_recon_node': 0.0, 'loss_recon_edge': 0.0, 'loss_recon_tuple': 0.0, 'loss_recon_nodepe': 0.0, 'loss_recon_edgepe': 0.0}
test: {'epoch': 248, 'time_epoch': 0.50221, 'loss': 0.36089784, 'lr': 0, 'params': 553882, 'time_iter': 0.03139, 'mae': 0.3609, 'r2': 0.80338, 'spearmanr': 0.9478, 'mse': 0.79992, 'rmse': 0.89438, 'loss_recon': 0.0, 'loss_recon_node': 0.0, 'loss_recon_edge': 0.0, 'loss_recon_tuple': 0.0, 'loss_recon_nodepe': 0.0, 'loss_recon_edgepe': 0.0}
> Epoch 248: took 14.2s (avg 14.3s) | Best so far: epoch 245	train_loss: 0.2127 train_mae: 0.2127	val_loss: 0.3107 val_mae: 0.3107	test_loss: 0.3380 test_mae: 0.3380
train: {'epoch': 249, 'time_epoch': 13.20317, 'eta': 1996.63737, 'eta_hours': 0.55462, 'loss': 0.21409656, 'lr': 0.00032647, 'params': 553882, 'time_iter': 0.0841, 'mae': 0.2141, 'r2': 0.87234, 'spearmanr': 0.97778, 'mse': 0.51618, 'rmse': 0.71846}
val: {'epoch': 249, 'time_epoch': 0.50315, 'loss': 0.33972876, 'lr': 0, 'params': 553882, 'time_iter': 0.03145, 'mae': 0.33973, 'r2': 0.74467, 'spearmanr': 0.95338, 'mse': 1.00567, 'rmse': 1.00283, 'loss_recon': 0.0, 'loss_recon_node': 0.0, 'loss_recon_edge': 0.0, 'loss_recon_tuple': 0.0, 'loss_recon_nodepe': 0.0, 'loss_recon_edgepe': 0.0}
test: {'epoch': 249, 'time_epoch': 0.50415, 'loss': 0.3686989, 'lr': 0, 'params': 553882, 'time_iter': 0.03151, 'mae': 0.3687, 'r2': 0.7916, 'spearmanr': 0.94409, 'mse': 0.84784, 'rmse': 0.92078, 'loss_recon': 0.0, 'loss_recon_node': 0.0, 'loss_recon_edge': 0.0, 'loss_recon_tuple': 0.0, 'loss_recon_nodepe': 0.0, 'loss_recon_edgepe': 0.0}
> Epoch 249: took 14.2s (avg 14.3s) | Best so far: epoch 245	train_loss: 0.2127 train_mae: 0.2127	val_loss: 0.3107 val_mae: 0.3107	test_loss: 0.3380 test_mae: 0.3380
train: {'epoch': 250, 'time_epoch': 13.2169, 'eta': 1983.27064, 'eta_hours': 0.55091, 'loss': 0.21653014, 'lr': 0.0003227, 'params': 553882, 'time_iter': 0.08418, 'mae': 0.21653, 'r2': 0.86038, 'spearmanr': 0.97598, 'mse': 0.56453, 'rmse': 0.75135}
val: {'epoch': 250, 'time_epoch': 0.50391, 'loss': 0.52211047, 'lr': 0, 'params': 553882, 'time_iter': 0.03149, 'mae': 0.52211, 'r2': 0.67334, 'spearmanr': 0.9483, 'mse': 1.28664, 'rmse': 1.1343, 'loss_recon': 0.0, 'loss_recon_node': 0.0, 'loss_recon_edge': 0.0, 'loss_recon_tuple': 0.0, 'loss_recon_nodepe': 0.0, 'loss_recon_edgepe': 0.0}
test: {'epoch': 250, 'time_epoch': 0.50322, 'loss': 0.55129732, 'lr': 0, 'params': 553882, 'time_iter': 0.03145, 'mae': 0.5513, 'r2': 0.70481, 'spearmanr': 0.93748, 'mse': 1.20093, 'rmse': 1.09587, 'loss_recon': 0.0, 'loss_recon_node': 0.0, 'loss_recon_edge': 0.0, 'loss_recon_tuple': 0.0, 'loss_recon_nodepe': 0.0, 'loss_recon_edgepe': 0.0}
> Epoch 250: took 14.2s (avg 14.3s) | Best so far: epoch 245	train_loss: 0.2127 train_mae: 0.2127	val_loss: 0.3107 val_mae: 0.3107	test_loss: 0.3380 test_mae: 0.3380
train: {'epoch': 251, 'time_epoch': 13.20699, 'eta': 1969.89929, 'eta_hours': 0.54719, 'loss': 0.22582895, 'lr': 0.00031894, 'params': 553882, 'time_iter': 0.08412, 'mae': 0.22583, 'r2': 0.85342, 'spearmanr': 0.97639, 'mse': 0.59267, 'rmse': 0.76985}
val: {'epoch': 251, 'time_epoch': 0.50311, 'loss': 0.33482682, 'lr': 0, 'params': 553882, 'time_iter': 0.03144, 'mae': 0.33483, 'r2': 0.75768, 'spearmanr': 0.96048, 'mse': 0.95442, 'rmse': 0.97695, 'loss_recon': 0.0, 'loss_recon_node': 0.0, 'loss_recon_edge': 0.0, 'loss_recon_tuple': 0.0, 'loss_recon_nodepe': 0.0, 'loss_recon_edgepe': 0.0}
test: {'epoch': 251, 'time_epoch': 0.50326, 'loss': 0.36278181, 'lr': 0, 'params': 553882, 'time_iter': 0.03145, 'mae': 0.36278, 'r2': 0.80816, 'spearmanr': 0.95049, 'mse': 0.78047, 'rmse': 0.88344, 'loss_recon': 0.0, 'loss_recon_node': 0.0, 'loss_recon_edge': 0.0, 'loss_recon_tuple': 0.0, 'loss_recon_nodepe': 0.0, 'loss_recon_edgepe': 0.0}
> Epoch 251: took 14.2s (avg 14.3s) | Best so far: epoch 245	train_loss: 0.2127 train_mae: 0.2127	val_loss: 0.3107 val_mae: 0.3107	test_loss: 0.3380 test_mae: 0.3380
tensor([ 1,  1, 12,  5,  1,  1,  1,  1,  1,  2,  1,  1,  1,  1,  1,  7,  1,  1,
         4,  1], device='cuda:0')
tensor([[-0.6942,  0.5074,  0.0800, -0.3463],
        [-0.5561,  0.4147,  0.0854, -0.2941],
        [-0.2512,  0.2332,  0.1149, -0.1604],
        [-0.1611,  0.1945,  0.1348, -0.1091],
        [-0.2263,  0.2225,  0.1204, -0.1463],
        [-1.3342,  0.9377,  0.0552, -0.5877],
        [-1.3612,  0.9561,  0.0543, -0.5977],
        [-1.3480,  0.9470,  0.0547, -0.5928],
        [-1.3223,  0.9296,  0.0556, -0.5833],
        [-0.1611,  0.1945,  0.1348, -0.1091],
        [-1.3027,  0.9163,  0.0563, -0.5760],
        [-1.3459,  0.9457,  0.0549, -0.5920],
        [-1.3282,  0.9336,  0.0554, -0.5855],
        [-1.3467,  0.9462,  0.0548, -0.5923],
        [-1.3363,  0.9391,  0.0551, -0.5885],
        [-1.2201,  0.8607,  0.0594, -0.5449],
        [-1.3727,  0.9639,  0.0539, -0.6019],
        [-1.3429,  0.9436,  0.0549, -0.5909],
        [-1.2966,  0.9122,  0.0564, -0.5737],
        [-1.3635,  0.9577,  0.0542, -0.5986]], device='cuda:0',
       grad_fn=<SliceBackward0>)
tensor([8, 1, 0, 0, 0, 0, 0, 0, 0, 0, 0, 0, 0, 0, 0, 0, 0, 0, 0, 0],
       device='cuda:0')
tensor([[-0.5184, -0.2342, -0.2575, -0.0228],
        [ 0.2294, -0.0272, -0.0359,  0.0779],
        [-0.1354,  0.1909, -0.2138, -0.0907],
        [ 0.2274, -0.0288, -0.0363,  0.0780],
        [ 0.2294, -0.0272, -0.0359,  0.0779],
        [ 0.2294, -0.0272, -0.0359,  0.0779],
        [ 0.2294, -0.0272, -0.0359,  0.0779],
        [ 0.2294, -0.0272, -0.0359,  0.0779],
        [ 0.2294, -0.0272, -0.0359,  0.0779],
        [ 0.2294, -0.0272, -0.0359,  0.0779],
        [ 0.2294, -0.0272, -0.0359,  0.0779],
        [ 0.2294, -0.0272, -0.0359,  0.0779],
        [ 0.2294, -0.0272, -0.0359,  0.0779],
        [ 0.2294, -0.0272, -0.0359,  0.0779],
        [ 0.2294, -0.0272, -0.0359,  0.0779],
        [ 0.2294, -0.0272, -0.0359,  0.0779],
        [ 0.2294, -0.0272, -0.0359,  0.0779],
        [ 0.2294, -0.0272, -0.0359,  0.0779],
        [ 0.2294, -0.0272, -0.0359,  0.0779],
        [ 0.2294, -0.0272, -0.0359,  0.0779]], device='cuda:0',
       grad_fn=<SliceBackward0>)
train: {'epoch': 252, 'time_epoch': 13.22155, 'eta': 1956.53769, 'eta_hours': 0.54348, 'loss': 0.22438105, 'lr': 0.00031519, 'params': 553882, 'time_iter': 0.08421, 'mae': 0.22438, 'r2': 0.88339, 'spearmanr': 0.97439, 'mse': 0.47151, 'rmse': 0.68667}
val: {'epoch': 252, 'time_epoch': 0.50329, 'loss': 0.38061673, 'lr': 0, 'params': 553882, 'time_iter': 0.03146, 'mae': 0.38062, 'r2': 0.75171, 'spearmanr': 0.96008, 'mse': 0.97796, 'rmse': 0.98892, 'loss_recon': 0.0, 'loss_recon_node': 0.0, 'loss_recon_edge': 0.0, 'loss_recon_tuple': 0.0, 'loss_recon_nodepe': 0.0, 'loss_recon_edgepe': 0.0}
test: {'epoch': 252, 'time_epoch': 0.50317, 'loss': 0.41503066, 'lr': 0, 'params': 553882, 'time_iter': 0.03145, 'mae': 0.41503, 'r2': 0.80093, 'spearmanr': 0.94905, 'mse': 0.80987, 'rmse': 0.89993, 'loss_recon': 0.0, 'loss_recon_node': 0.0, 'loss_recon_edge': 0.0, 'loss_recon_tuple': 0.0, 'loss_recon_nodepe': 0.0, 'loss_recon_edgepe': 0.0}
> Epoch 252: took 14.2s (avg 14.3s) | Best so far: epoch 245	train_loss: 0.2127 train_mae: 0.2127	val_loss: 0.3107 val_mae: 0.3107	test_loss: 0.3380 test_mae: 0.3380
train: {'epoch': 253, 'time_epoch': 13.20164, 'eta': 1943.16575, 'eta_hours': 0.53977, 'loss': 0.2167654, 'lr': 0.00031145, 'params': 553882, 'time_iter': 0.08409, 'mae': 0.21677, 'r2': 0.87143, 'spearmanr': 0.97845, 'mse': 0.51987, 'rmse': 0.72102}
val: {'epoch': 253, 'time_epoch': 0.50197, 'loss': 0.32497592, 'lr': 0, 'params': 553882, 'time_iter': 0.03137, 'mae': 0.32498, 'r2': 0.75119, 'spearmanr': 0.95881, 'mse': 0.98002, 'rmse': 0.98996, 'loss_recon': 0.0, 'loss_recon_node': 0.0, 'loss_recon_edge': 0.0, 'loss_recon_tuple': 0.0, 'loss_recon_nodepe': 0.0, 'loss_recon_edgepe': 0.0}
test: {'epoch': 253, 'time_epoch': 0.50204, 'loss': 0.35179048, 'lr': 0, 'params': 553882, 'time_iter': 0.03138, 'mae': 0.35179, 'r2': 0.80071, 'spearmanr': 0.94792, 'mse': 0.81075, 'rmse': 0.90042, 'loss_recon': 0.0, 'loss_recon_node': 0.0, 'loss_recon_edge': 0.0, 'loss_recon_tuple': 0.0, 'loss_recon_nodepe': 0.0, 'loss_recon_edgepe': 0.0}
> Epoch 253: took 14.2s (avg 14.3s) | Best so far: epoch 245	train_loss: 0.2127 train_mae: 0.2127	val_loss: 0.3107 val_mae: 0.3107	test_loss: 0.3380 test_mae: 0.3380
train: {'epoch': 254, 'time_epoch': 13.20364, 'eta': 1929.79629, 'eta_hours': 0.53605, 'loss': 0.21533081, 'lr': 0.00030773, 'params': 553882, 'time_iter': 0.0841, 'mae': 0.21533, 'r2': 0.84583, 'spearmanr': 0.97806, 'mse': 0.62336, 'rmse': 0.78953}
val: {'epoch': 254, 'time_epoch': 0.5026, 'loss': 0.392583, 'lr': 0, 'params': 553882, 'time_iter': 0.03141, 'mae': 0.39258, 'r2': 0.72679, 'spearmanr': 0.95921, 'mse': 1.0761, 'rmse': 1.03735, 'loss_recon': 0.0, 'loss_recon_node': 0.0, 'loss_recon_edge': 0.0, 'loss_recon_tuple': 0.0, 'loss_recon_nodepe': 0.0, 'loss_recon_edgepe': 0.0}
test: {'epoch': 254, 'time_epoch': 0.50352, 'loss': 0.41367897, 'lr': 0, 'params': 553882, 'time_iter': 0.03147, 'mae': 0.41368, 'r2': 0.77362, 'spearmanr': 0.9493, 'mse': 0.92097, 'rmse': 0.95967, 'loss_recon': 0.0, 'loss_recon_node': 0.0, 'loss_recon_edge': 0.0, 'loss_recon_tuple': 0.0, 'loss_recon_nodepe': 0.0, 'loss_recon_edgepe': 0.0}
> Epoch 254: took 14.2s (avg 14.3s) | Best so far: epoch 245	train_loss: 0.2127 train_mae: 0.2127	val_loss: 0.3107 val_mae: 0.3107	test_loss: 0.3380 test_mae: 0.3380
train: {'epoch': 255, 'time_epoch': 13.2091, 'eta': 1916.43119, 'eta_hours': 0.53234, 'loss': 0.21211378, 'lr': 0.00030402, 'params': 553882, 'time_iter': 0.08413, 'mae': 0.21211, 'r2': 0.91625, 'spearmanr': 0.97771, 'mse': 0.33864, 'rmse': 0.58193}
val: {'epoch': 255, 'time_epoch': 0.50371, 'loss': 0.32070862, 'lr': 0, 'params': 553882, 'time_iter': 0.03148, 'mae': 0.32071, 'r2': 0.74187, 'spearmanr': 0.95779, 'mse': 1.01673, 'rmse': 1.00833, 'loss_recon': 0.0, 'loss_recon_node': 0.0, 'loss_recon_edge': 0.0, 'loss_recon_tuple': 0.0, 'loss_recon_nodepe': 0.0, 'loss_recon_edgepe': 0.0}
test: {'epoch': 255, 'time_epoch': 0.50333, 'loss': 0.3442658, 'lr': 0, 'params': 553882, 'time_iter': 0.03146, 'mae': 0.34427, 'r2': 0.79171, 'spearmanr': 0.94811, 'mse': 0.84739, 'rmse': 0.92054, 'loss_recon': 0.0, 'loss_recon_node': 0.0, 'loss_recon_edge': 0.0, 'loss_recon_tuple': 0.0, 'loss_recon_nodepe': 0.0, 'loss_recon_edgepe': 0.0}
> Epoch 255: took 14.2s (avg 14.3s) | Best so far: epoch 245	train_loss: 0.2127 train_mae: 0.2127	val_loss: 0.3107 val_mae: 0.3107	test_loss: 0.3380 test_mae: 0.3380
train: {'epoch': 256, 'time_epoch': 13.2049, 'eta': 1903.06496, 'eta_hours': 0.52863, 'loss': 0.21434077, 'lr': 0.00030032, 'params': 553882, 'time_iter': 0.08411, 'mae': 0.21434, 'r2': 0.91378, 'spearmanr': 0.97834, 'mse': 0.3486, 'rmse': 0.59043}
val: {'epoch': 256, 'time_epoch': 0.50243, 'loss': 0.36701684, 'lr': 0, 'params': 553882, 'time_iter': 0.0314, 'mae': 0.36702, 'r2': 0.75915, 'spearmanr': 0.96179, 'mse': 0.94866, 'rmse': 0.97399, 'loss_recon': 0.0, 'loss_recon_node': 0.0, 'loss_recon_edge': 0.0, 'loss_recon_tuple': 0.0, 'loss_recon_nodepe': 0.0, 'loss_recon_edgepe': 0.0}
test: {'epoch': 256, 'time_epoch': 0.50347, 'loss': 0.39215883, 'lr': 0, 'params': 553882, 'time_iter': 0.03147, 'mae': 0.39216, 'r2': 0.81346, 'spearmanr': 0.9511, 'mse': 0.75892, 'rmse': 0.87116, 'loss_recon': 0.0, 'loss_recon_node': 0.0, 'loss_recon_edge': 0.0, 'loss_recon_tuple': 0.0, 'loss_recon_nodepe': 0.0, 'loss_recon_edgepe': 0.0}
> Epoch 256: took 14.2s (avg 14.3s) | Best so far: epoch 245	train_loss: 0.2127 train_mae: 0.2127	val_loss: 0.3107 val_mae: 0.3107	test_loss: 0.3380 test_mae: 0.3380
train: {'epoch': 257, 'time_epoch': 13.19344, 'eta': 1889.69369, 'eta_hours': 0.52491, 'loss': 0.21888316, 'lr': 0.00029663, 'params': 553882, 'time_iter': 0.08403, 'mae': 0.21888, 'r2': 0.87676, 'spearmanr': 0.97846, 'mse': 0.4983, 'rmse': 0.7059}
val: {'epoch': 257, 'time_epoch': 0.69127, 'loss': 0.33802373, 'lr': 0, 'params': 553882, 'time_iter': 0.0432, 'mae': 0.33802, 'r2': 0.73846, 'spearmanr': 0.95867, 'mse': 1.03013, 'rmse': 1.01495, 'loss_recon': 0.0, 'loss_recon_node': 0.0, 'loss_recon_edge': 0.0, 'loss_recon_tuple': 0.0, 'loss_recon_nodepe': 0.0, 'loss_recon_edgepe': 0.0}
test: {'epoch': 257, 'time_epoch': 0.50118, 'loss': 0.36064807, 'lr': 0, 'params': 553882, 'time_iter': 0.03132, 'mae': 0.36065, 'r2': 0.78871, 'spearmanr': 0.94911, 'mse': 0.8596, 'rmse': 0.92715, 'loss_recon': 0.0, 'loss_recon_node': 0.0, 'loss_recon_edge': 0.0, 'loss_recon_tuple': 0.0, 'loss_recon_nodepe': 0.0, 'loss_recon_edgepe': 0.0}
> Epoch 257: took 14.4s (avg 14.3s) | Best so far: epoch 245	train_loss: 0.2127 train_mae: 0.2127	val_loss: 0.3107 val_mae: 0.3107	test_loss: 0.3380 test_mae: 0.3380
train: {'epoch': 258, 'time_epoch': 13.19191, 'eta': 1876.32295, 'eta_hours': 0.5212, 'loss': 0.21518045, 'lr': 0.00029296, 'params': 553882, 'time_iter': 0.08402, 'mae': 0.21518, 'r2': 0.84846, 'spearmanr': 0.9794, 'mse': 0.61275, 'rmse': 0.78279}
val: {'epoch': 258, 'time_epoch': 0.50226, 'loss': 0.31545298, 'lr': 0, 'params': 553882, 'time_iter': 0.03139, 'mae': 0.31545, 'r2': 0.75618, 'spearmanr': 0.96096, 'mse': 0.96033, 'rmse': 0.97996, 'loss_recon': 0.0, 'loss_recon_node': 0.0, 'loss_recon_edge': 0.0, 'loss_recon_tuple': 0.0, 'loss_recon_nodepe': 0.0, 'loss_recon_edgepe': 0.0}
test: {'epoch': 258, 'time_epoch': 0.50112, 'loss': 0.34307124, 'lr': 0, 'params': 553882, 'time_iter': 0.03132, 'mae': 0.34307, 'r2': 0.80885, 'spearmanr': 0.95083, 'mse': 0.77767, 'rmse': 0.88186, 'loss_recon': 0.0, 'loss_recon_node': 0.0, 'loss_recon_edge': 0.0, 'loss_recon_tuple': 0.0, 'loss_recon_nodepe': 0.0, 'loss_recon_edgepe': 0.0}
> Epoch 258: took 14.2s (avg 14.3s) | Best so far: epoch 245	train_loss: 0.2127 train_mae: 0.2127	val_loss: 0.3107 val_mae: 0.3107	test_loss: 0.3380 test_mae: 0.3380
train: {'epoch': 259, 'time_epoch': 13.18202, 'eta': 1862.94825, 'eta_hours': 0.51749, 'loss': 0.20813946, 'lr': 0.0002893, 'params': 553882, 'time_iter': 0.08396, 'mae': 0.20814, 'r2': 0.90881, 'spearmanr': 0.97979, 'mse': 0.36871, 'rmse': 0.60722}
val: {'epoch': 259, 'time_epoch': 0.5047, 'loss': 0.32153586, 'lr': 0, 'params': 553882, 'time_iter': 0.03154, 'mae': 0.32154, 'r2': 0.75789, 'spearmanr': 0.96125, 'mse': 0.9536, 'rmse': 0.97653, 'loss_recon': 0.0, 'loss_recon_node': 0.0, 'loss_recon_edge': 0.0, 'loss_recon_tuple': 0.0, 'loss_recon_nodepe': 0.0, 'loss_recon_edgepe': 0.0}
test: {'epoch': 259, 'time_epoch': 0.5022, 'loss': 0.34771171, 'lr': 0, 'params': 553882, 'time_iter': 0.03139, 'mae': 0.34771, 'r2': 0.80997, 'spearmanr': 0.95122, 'mse': 0.77312, 'rmse': 0.87927, 'loss_recon': 0.0, 'loss_recon_node': 0.0, 'loss_recon_edge': 0.0, 'loss_recon_tuple': 0.0, 'loss_recon_nodepe': 0.0, 'loss_recon_edgepe': 0.0}
> Epoch 259: took 14.2s (avg 14.3s) | Best so far: epoch 245	train_loss: 0.2127 train_mae: 0.2127	val_loss: 0.3107 val_mae: 0.3107	test_loss: 0.3380 test_mae: 0.3380
train: {'epoch': 260, 'time_epoch': 13.19219, 'eta': 1849.58046, 'eta_hours': 0.51377, 'loss': 0.20722519, 'lr': 0.00028565, 'params': 553882, 'time_iter': 0.08403, 'mae': 0.20723, 'r2': 0.89881, 'spearmanr': 0.97784, 'mse': 0.40915, 'rmse': 0.63965}
val: {'epoch': 260, 'time_epoch': 0.5012, 'loss': 0.34552278, 'lr': 0, 'params': 553882, 'time_iter': 0.03132, 'mae': 0.34552, 'r2': 0.76064, 'spearmanr': 0.96228, 'mse': 0.94276, 'rmse': 0.97096, 'loss_recon': 0.0, 'loss_recon_node': 0.0, 'loss_recon_edge': 0.0, 'loss_recon_tuple': 0.0, 'loss_recon_nodepe': 0.0, 'loss_recon_edgepe': 0.0}
test: {'epoch': 260, 'time_epoch': 0.50193, 'loss': 0.36727385, 'lr': 0, 'params': 553882, 'time_iter': 0.03137, 'mae': 0.36727, 'r2': 0.8158, 'spearmanr': 0.95316, 'mse': 0.74937, 'rmse': 0.86566, 'loss_recon': 0.0, 'loss_recon_node': 0.0, 'loss_recon_edge': 0.0, 'loss_recon_tuple': 0.0, 'loss_recon_nodepe': 0.0, 'loss_recon_edgepe': 0.0}
> Epoch 260: took 14.2s (avg 14.3s) | Best so far: epoch 245	train_loss: 0.2127 train_mae: 0.2127	val_loss: 0.3107 val_mae: 0.3107	test_loss: 0.3380 test_mae: 0.3380
tensor([1, 1, 1, 1, 3, 3, 1, 3, 1, 2, 1, 1, 1, 1, 1, 6, 1, 1, 3, 1],
       device='cuda:0')
tensor([[-0.9776,  0.6877,  0.0645, -0.4555],
        [-0.9071,  0.6413,  0.0677, -0.4288],
        [-1.3653,  0.9437,  0.0471, -0.6020],
        [-1.3761,  0.9509,  0.0467, -0.6061],
        [-1.3653,  0.9438,  0.0471, -0.6021],
        [-1.3695,  0.9465,  0.0469, -0.6036],
        [-1.3786,  0.9526,  0.0466, -0.6070],
        [-1.1849,  0.8246,  0.0551, -0.5339],
        [-1.2122,  0.8425,  0.0539, -0.5442],
        [-1.3953,  0.9638,  0.0459, -0.6132],
        [-1.3830,  0.9555,  0.0464, -0.6086],
        [-1.3879,  0.9588,  0.0462, -0.6105],
        [-1.3981,  0.9657,  0.0458, -0.6142],
        [-1.4101,  0.9737,  0.0454, -0.6187],
        [-1.3800,  0.9536,  0.0465, -0.6075],
        [-1.3567,  0.9380,  0.0474, -0.5988],
        [-1.3875,  0.9586,  0.0463, -0.6103],
        [-1.3298,  0.9202,  0.0486, -0.5887],
        [-1.3667,  0.9447,  0.0470, -0.6026],
        [-1.3882,  0.9590,  0.0462, -0.6105]], device='cuda:0',
       grad_fn=<SliceBackward0>)
tensor([8, 1, 0, 0, 0, 0, 0, 0, 0, 0, 0, 0, 0, 0, 0, 0, 0, 0, 0, 0],
       device='cuda:0')
tensor([[-0.5145, -0.1910, -0.2598, -0.0325],
        [ 0.2286, -0.0276, -0.0357,  0.0779],
        [-0.1464,  0.1763, -0.2106, -0.0857],
        [ 0.2286, -0.0276, -0.0357,  0.0779],
        [ 0.2221, -0.0225, -0.0387,  0.0749],
        [ 0.2286, -0.0276, -0.0357,  0.0779],
        [ 0.2286, -0.0276, -0.0357,  0.0779],
        [ 0.2286, -0.0276, -0.0357,  0.0779],
        [ 0.2286, -0.0276, -0.0357,  0.0779],
        [ 0.2286, -0.0276, -0.0357,  0.0779],
        [ 0.2286, -0.0276, -0.0357,  0.0779],
        [ 0.2286, -0.0276, -0.0357,  0.0779],
        [ 0.2248, -0.0322, -0.0268,  0.0699],
        [ 0.2277, -0.0287, -0.0335,  0.0759],
        [ 0.2286, -0.0276, -0.0357,  0.0779],
        [ 0.2286, -0.0276, -0.0357,  0.0779],
        [ 0.2286, -0.0276, -0.0357,  0.0779],
        [ 0.2286, -0.0276, -0.0357,  0.0779],
        [ 0.2275, -0.0267, -0.0362,  0.0774],
        [ 0.2286, -0.0276, -0.0357,  0.0779]], device='cuda:0',
       grad_fn=<SliceBackward0>)
train: {'epoch': 261, 'time_epoch': 13.19506, 'eta': 1836.21551, 'eta_hours': 0.51006, 'loss': 0.19551525, 'lr': 0.00028202, 'params': 553882, 'time_iter': 0.08404, 'mae': 0.19552, 'r2': 0.88038, 'spearmanr': 0.98139, 'mse': 0.48366, 'rmse': 0.69546}
val: {'epoch': 261, 'time_epoch': 0.50043, 'loss': 0.32098142, 'lr': 0, 'params': 553882, 'time_iter': 0.03128, 'mae': 0.32098, 'r2': 0.7584, 'spearmanr': 0.96227, 'mse': 0.95159, 'rmse': 0.9755, 'loss_recon': 0.0, 'loss_recon_node': 0.0, 'loss_recon_edge': 0.0, 'loss_recon_tuple': 0.0, 'loss_recon_nodepe': 0.0, 'loss_recon_edgepe': 0.0}
test: {'epoch': 261, 'time_epoch': 0.5009, 'loss': 0.34698693, 'lr': 0, 'params': 553882, 'time_iter': 0.03131, 'mae': 0.34699, 'r2': 0.80787, 'spearmanr': 0.95149, 'mse': 0.78164, 'rmse': 0.88411, 'loss_recon': 0.0, 'loss_recon_node': 0.0, 'loss_recon_edge': 0.0, 'loss_recon_tuple': 0.0, 'loss_recon_nodepe': 0.0, 'loss_recon_edgepe': 0.0}
> Epoch 261: took 14.2s (avg 14.3s) | Best so far: epoch 245	train_loss: 0.2127 train_mae: 0.2127	val_loss: 0.3107 val_mae: 0.3107	test_loss: 0.3380 test_mae: 0.3380
train: {'epoch': 262, 'time_epoch': 13.19514, 'eta': 1822.8519, 'eta_hours': 0.50635, 'loss': 0.20417653, 'lr': 0.0002784, 'params': 553882, 'time_iter': 0.08405, 'mae': 0.20418, 'r2': 0.91353, 'spearmanr': 0.97773, 'mse': 0.34963, 'rmse': 0.5913}
val: {'epoch': 262, 'time_epoch': 0.50176, 'loss': 0.37972623, 'lr': 0, 'params': 553882, 'time_iter': 0.03136, 'mae': 0.37973, 'r2': 0.75869, 'spearmanr': 0.96299, 'mse': 0.95047, 'rmse': 0.97492, 'loss_recon': 0.0, 'loss_recon_node': 0.0, 'loss_recon_edge': 0.0, 'loss_recon_tuple': 0.0, 'loss_recon_nodepe': 0.0, 'loss_recon_edgepe': 0.0}
test: {'epoch': 262, 'time_epoch': 0.50245, 'loss': 0.40760846, 'lr': 0, 'params': 553882, 'time_iter': 0.0314, 'mae': 0.40761, 'r2': 0.81263, 'spearmanr': 0.95215, 'mse': 0.76229, 'rmse': 0.87309, 'loss_recon': 0.0, 'loss_recon_node': 0.0, 'loss_recon_edge': 0.0, 'loss_recon_tuple': 0.0, 'loss_recon_nodepe': 0.0, 'loss_recon_edgepe': 0.0}
> Epoch 262: took 14.2s (avg 14.3s) | Best so far: epoch 245	train_loss: 0.2127 train_mae: 0.2127	val_loss: 0.3107 val_mae: 0.3107	test_loss: 0.3380 test_mae: 0.3380
train: {'epoch': 263, 'time_epoch': 13.18762, 'eta': 1809.48569, 'eta_hours': 0.50263, 'loss': 0.20204875, 'lr': 0.0002748, 'params': 553882, 'time_iter': 0.084, 'mae': 0.20205, 'r2': 0.90701, 'spearmanr': 0.98009, 'mse': 0.37598, 'rmse': 0.61317}
val: {'epoch': 263, 'time_epoch': 0.50362, 'loss': 0.31849016, 'lr': 0, 'params': 553882, 'time_iter': 0.03148, 'mae': 0.31849, 'r2': 0.75595, 'spearmanr': 0.96333, 'mse': 0.96124, 'rmse': 0.98043, 'loss_recon': 0.0, 'loss_recon_node': 0.0, 'loss_recon_edge': 0.0, 'loss_recon_tuple': 0.0, 'loss_recon_nodepe': 0.0, 'loss_recon_edgepe': 0.0}
test: {'epoch': 263, 'time_epoch': 0.50168, 'loss': 0.34659502, 'lr': 0, 'params': 553882, 'time_iter': 0.03136, 'mae': 0.3466, 'r2': 0.80749, 'spearmanr': 0.95195, 'mse': 0.78319, 'rmse': 0.88498, 'loss_recon': 0.0, 'loss_recon_node': 0.0, 'loss_recon_edge': 0.0, 'loss_recon_tuple': 0.0, 'loss_recon_nodepe': 0.0, 'loss_recon_edgepe': 0.0}
> Epoch 263: took 14.2s (avg 14.3s) | Best so far: epoch 245	train_loss: 0.2127 train_mae: 0.2127	val_loss: 0.3107 val_mae: 0.3107	test_loss: 0.3380 test_mae: 0.3380
train: {'epoch': 264, 'time_epoch': 13.1918, 'eta': 1796.12296, 'eta_hours': 0.49892, 'loss': 0.19958737, 'lr': 0.00027121, 'params': 553882, 'time_iter': 0.08402, 'mae': 0.19959, 'r2': 0.90814, 'spearmanr': 0.98022, 'mse': 0.37142, 'rmse': 0.60944}
val: {'epoch': 264, 'time_epoch': 0.50226, 'loss': 0.30732211, 'lr': 0, 'params': 553882, 'time_iter': 0.03139, 'mae': 0.30732, 'r2': 0.75255, 'spearmanr': 0.96365, 'mse': 0.97465, 'rmse': 0.98724, 'loss_recon': 0.0, 'loss_recon_node': 0.0, 'loss_recon_edge': 0.0, 'loss_recon_tuple': 0.0, 'loss_recon_nodepe': 0.0, 'loss_recon_edgepe': 0.0}
test: {'epoch': 264, 'time_epoch': 0.50174, 'loss': 0.32981159, 'lr': 0, 'params': 553882, 'time_iter': 0.03136, 'mae': 0.32981, 'r2': 0.80574, 'spearmanr': 0.95372, 'mse': 0.79031, 'rmse': 0.88899, 'loss_recon': 0.0, 'loss_recon_node': 0.0, 'loss_recon_edge': 0.0, 'loss_recon_tuple': 0.0, 'loss_recon_nodepe': 0.0, 'loss_recon_edgepe': 0.0}
> Epoch 264: took 14.2s (avg 14.3s) | Best so far: epoch 264	train_loss: 0.1996 train_mae: 0.1996	val_loss: 0.3073 val_mae: 0.3073	test_loss: 0.3298 test_mae: 0.3298
train: {'epoch': 265, 'time_epoch': 13.19211, 'eta': 1782.76167, 'eta_hours': 0.49521, 'loss': 0.2003372, 'lr': 0.00026764, 'params': 553882, 'time_iter': 0.08403, 'mae': 0.20034, 'r2': 0.91687, 'spearmanr': 0.97995, 'mse': 0.33612, 'rmse': 0.57976}
val: {'epoch': 265, 'time_epoch': 0.50126, 'loss': 0.30489496, 'lr': 0, 'params': 553882, 'time_iter': 0.03133, 'mae': 0.30489, 'r2': 0.75381, 'spearmanr': 0.96437, 'mse': 0.96967, 'rmse': 0.98472, 'loss_recon': 0.0, 'loss_recon_node': 0.0, 'loss_recon_edge': 0.0, 'loss_recon_tuple': 0.0, 'loss_recon_nodepe': 0.0, 'loss_recon_edgepe': 0.0}
test: {'epoch': 265, 'time_epoch': 0.50254, 'loss': 0.32211543, 'lr': 0, 'params': 553882, 'time_iter': 0.03141, 'mae': 0.32212, 'r2': 0.80791, 'spearmanr': 0.955, 'mse': 0.78146, 'rmse': 0.884, 'loss_recon': 0.0, 'loss_recon_node': 0.0, 'loss_recon_edge': 0.0, 'loss_recon_tuple': 0.0, 'loss_recon_nodepe': 0.0, 'loss_recon_edgepe': 0.0}
> Epoch 265: took 14.2s (avg 14.3s) | Best so far: epoch 265	train_loss: 0.2003 train_mae: 0.2003	val_loss: 0.3049 val_mae: 0.3049	test_loss: 0.3221 test_mae: 0.3221
train: {'epoch': 266, 'time_epoch': 13.19119, 'eta': 1769.40119, 'eta_hours': 0.4915, 'loss': 0.20685467, 'lr': 0.00026408, 'params': 553882, 'time_iter': 0.08402, 'mae': 0.20685, 'r2': 0.8636, 'spearmanr': 0.97986, 'mse': 0.55153, 'rmse': 0.74265}
val: {'epoch': 266, 'time_epoch': 0.50188, 'loss': 0.37675526, 'lr': 0, 'params': 553882, 'time_iter': 0.03137, 'mae': 0.37676, 'r2': 0.76003, 'spearmanr': 0.96482, 'mse': 0.9452, 'rmse': 0.97221, 'loss_recon': 0.0, 'loss_recon_node': 0.0, 'loss_recon_edge': 0.0, 'loss_recon_tuple': 0.0, 'loss_recon_nodepe': 0.0, 'loss_recon_edgepe': 0.0}
test: {'epoch': 266, 'time_epoch': 0.50107, 'loss': 0.40726795, 'lr': 0, 'params': 553882, 'time_iter': 0.03132, 'mae': 0.40727, 'r2': 0.81431, 'spearmanr': 0.95354, 'mse': 0.75543, 'rmse': 0.86916, 'loss_recon': 0.0, 'loss_recon_node': 0.0, 'loss_recon_edge': 0.0, 'loss_recon_tuple': 0.0, 'loss_recon_nodepe': 0.0, 'loss_recon_edgepe': 0.0}
> Epoch 266: took 14.2s (avg 14.3s) | Best so far: epoch 265	train_loss: 0.2003 train_mae: 0.2003	val_loss: 0.3049 val_mae: 0.3049	test_loss: 0.3221 test_mae: 0.3221
train: {'epoch': 267, 'time_epoch': 13.18894, 'eta': 1756.04086, 'eta_hours': 0.48779, 'loss': 0.21376875, 'lr': 0.00026054, 'params': 553882, 'time_iter': 0.08401, 'mae': 0.21377, 'r2': 0.88541, 'spearmanr': 0.97886, 'mse': 0.46332, 'rmse': 0.68068}
val: {'epoch': 267, 'time_epoch': 0.50089, 'loss': 0.30582192, 'lr': 0, 'params': 553882, 'time_iter': 0.03131, 'mae': 0.30582, 'r2': 0.74992, 'spearmanr': 0.96317, 'mse': 0.98502, 'rmse': 0.99248, 'loss_recon': 0.0, 'loss_recon_node': 0.0, 'loss_recon_edge': 0.0, 'loss_recon_tuple': 0.0, 'loss_recon_nodepe': 0.0, 'loss_recon_edgepe': 0.0}
test: {'epoch': 267, 'time_epoch': 0.50148, 'loss': 0.33197168, 'lr': 0, 'params': 553882, 'time_iter': 0.03134, 'mae': 0.33197, 'r2': 0.80296, 'spearmanr': 0.95266, 'mse': 0.80163, 'rmse': 0.89534, 'loss_recon': 0.0, 'loss_recon_node': 0.0, 'loss_recon_edge': 0.0, 'loss_recon_tuple': 0.0, 'loss_recon_nodepe': 0.0, 'loss_recon_edgepe': 0.0}
> Epoch 267: took 14.2s (avg 14.3s) | Best so far: epoch 265	train_loss: 0.2003 train_mae: 0.2003	val_loss: 0.3049 val_mae: 0.3049	test_loss: 0.3221 test_mae: 0.3221
train: {'epoch': 268, 'time_epoch': 13.19136, 'eta': 1742.68299, 'eta_hours': 0.48408, 'loss': 0.19459158, 'lr': 0.00025701, 'params': 553882, 'time_iter': 0.08402, 'mae': 0.19459, 'r2': 0.90512, 'spearmanr': 0.98006, 'mse': 0.38365, 'rmse': 0.6194}
val: {'epoch': 268, 'time_epoch': 0.50163, 'loss': 0.32297314, 'lr': 0, 'params': 553882, 'time_iter': 0.03135, 'mae': 0.32297, 'r2': 0.75352, 'spearmanr': 0.96499, 'mse': 0.97081, 'rmse': 0.9853, 'loss_recon': 0.0, 'loss_recon_node': 0.0, 'loss_recon_edge': 0.0, 'loss_recon_tuple': 0.0, 'loss_recon_nodepe': 0.0, 'loss_recon_edgepe': 0.0}
test: {'epoch': 268, 'time_epoch': 0.50131, 'loss': 0.35158677, 'lr': 0, 'params': 553882, 'time_iter': 0.03133, 'mae': 0.35159, 'r2': 0.80449, 'spearmanr': 0.95323, 'mse': 0.7954, 'rmse': 0.89185, 'loss_recon': 0.0, 'loss_recon_node': 0.0, 'loss_recon_edge': 0.0, 'loss_recon_tuple': 0.0, 'loss_recon_nodepe': 0.0, 'loss_recon_edgepe': 0.0}
> Epoch 268: took 14.2s (avg 14.3s) | Best so far: epoch 265	train_loss: 0.2003 train_mae: 0.2003	val_loss: 0.3049 val_mae: 0.3049	test_loss: 0.3221 test_mae: 0.3221
train: {'epoch': 269, 'time_epoch': 13.18746, 'eta': 1729.32447, 'eta_hours': 0.48037, 'loss': 0.20031745, 'lr': 0.0002535, 'params': 553882, 'time_iter': 0.084, 'mae': 0.20032, 'r2': 0.87406, 'spearmanr': 0.98114, 'mse': 0.50924, 'rmse': 0.71361}
val: {'epoch': 269, 'time_epoch': 0.50131, 'loss': 0.30406962, 'lr': 0, 'params': 553882, 'time_iter': 0.03133, 'mae': 0.30407, 'r2': 0.75937, 'spearmanr': 0.96531, 'mse': 0.94778, 'rmse': 0.97354, 'loss_recon': 0.0, 'loss_recon_node': 0.0, 'loss_recon_edge': 0.0, 'loss_recon_tuple': 0.0, 'loss_recon_nodepe': 0.0, 'loss_recon_edgepe': 0.0}
test: {'epoch': 269, 'time_epoch': 0.50136, 'loss': 0.33582855, 'lr': 0, 'params': 553882, 'time_iter': 0.03133, 'mae': 0.33583, 'r2': 0.81028, 'spearmanr': 0.95404, 'mse': 0.77182, 'rmse': 0.87853, 'loss_recon': 0.0, 'loss_recon_node': 0.0, 'loss_recon_edge': 0.0, 'loss_recon_tuple': 0.0, 'loss_recon_nodepe': 0.0, 'loss_recon_edgepe': 0.0}
> Epoch 269: took 14.2s (avg 14.3s) | Best so far: epoch 269	train_loss: 0.2003 train_mae: 0.2003	val_loss: 0.3041 val_mae: 0.3041	test_loss: 0.3358 test_mae: 0.3358
tensor([1, 1, 6, 5, 1, 1, 5, 9, 1, 1, 1, 1, 3, 3, 1, 1, 1, 1, 1, 6],
       device='cuda:0')
tensor([[-1.1753,  0.8143,  0.0550, -0.5321],
        [-0.9957,  0.6963,  0.0633, -0.4637],
        [-0.7258,  0.5190,  0.0756, -0.3610],
        [-0.9435,  0.6620,  0.0656, -0.4439],
        [-1.1223,  0.7794,  0.0574, -0.5119],
        [-0.3609,  0.2792,  0.0922, -0.2222],
        [-0.1617,  0.1940,  0.1356, -0.1098],
        [-0.2331,  0.2244,  0.1199, -0.1503],
        [-0.1617,  0.1940,  0.1356, -0.1098],
        [-0.1617,  0.1940,  0.1356, -0.1098],
        [-1.4106,  0.9690,  0.0444, -0.6215],
        [-1.4405,  0.9889,  0.0432, -0.6326],
        [-1.1973,  0.8287,  0.0540, -0.5405],
        [-1.0736,  0.7475,  0.0597, -0.4934],
        [-1.4222,  0.9766,  0.0439, -0.6259],
        [-1.4373,  0.9867,  0.0433, -0.6315],
        [-1.4179,  0.9738,  0.0441, -0.6242],
        [-1.4209,  0.9758,  0.0439, -0.6254],
        [-1.4257,  0.9790,  0.0438, -0.6272],
        [-1.3994,  0.9615,  0.0448, -0.6173]], device='cuda:0',
       grad_fn=<SliceBackward0>)
tensor([8, 1, 0, 0, 0, 0, 0, 0, 0, 0, 0, 0, 0, 0, 0, 0, 0, 0, 0, 0],
       device='cuda:0')
tensor([[-0.5617, -0.2485, -0.2657, -0.0201],
        [ 0.2278, -0.0281, -0.0358,  0.0780],
        [-0.1292,  0.2023, -0.2052, -0.0853],
        [ 0.0503,  0.0808, -0.1213, -0.0035],
        [ 0.2278, -0.0281, -0.0358,  0.0780],
        [ 0.2278, -0.0281, -0.0358,  0.0780],
        [ 0.2278, -0.0281, -0.0358,  0.0780],
        [ 0.1995, -0.0494, -0.0421,  0.0787],
        [ 0.2278, -0.0281, -0.0358,  0.0780],
        [ 0.2278, -0.0281, -0.0358,  0.0780],
        [ 0.2278, -0.0281, -0.0358,  0.0780],
        [ 0.2278, -0.0281, -0.0358,  0.0780],
        [ 0.2278, -0.0281, -0.0358,  0.0780],
        [ 0.2278, -0.0281, -0.0358,  0.0780],
        [ 0.2278, -0.0281, -0.0358,  0.0780],
        [ 0.2278, -0.0281, -0.0358,  0.0780],
        [ 0.2278, -0.0281, -0.0358,  0.0780],
        [ 0.2278, -0.0281, -0.0358,  0.0780],
        [ 0.2278, -0.0281, -0.0358,  0.0780],
        [ 0.2278, -0.0281, -0.0358,  0.0780]], device='cuda:0',
       grad_fn=<SliceBackward0>)
train: {'epoch': 270, 'time_epoch': 13.20105, 'eta': 1715.97369, 'eta_hours': 0.47666, 'loss': 0.19175215, 'lr': 0.00025, 'params': 553882, 'time_iter': 0.08408, 'mae': 0.19175, 'r2': 0.91444, 'spearmanr': 0.98242, 'mse': 0.34594, 'rmse': 0.58817}
val: {'epoch': 270, 'time_epoch': 0.50115, 'loss': 0.31495085, 'lr': 0, 'params': 553882, 'time_iter': 0.03132, 'mae': 0.31495, 'r2': 0.74918, 'spearmanr': 0.96528, 'mse': 0.98793, 'rmse': 0.99395, 'loss_recon': 0.0, 'loss_recon_node': 0.0, 'loss_recon_edge': 0.0, 'loss_recon_tuple': 0.0, 'loss_recon_nodepe': 0.0, 'loss_recon_edgepe': 0.0}
test: {'epoch': 270, 'time_epoch': 0.50191, 'loss': 0.33499337, 'lr': 0, 'params': 553882, 'time_iter': 0.03137, 'mae': 0.33499, 'r2': 0.80383, 'spearmanr': 0.95417, 'mse': 0.79809, 'rmse': 0.89336, 'loss_recon': 0.0, 'loss_recon_node': 0.0, 'loss_recon_edge': 0.0, 'loss_recon_tuple': 0.0, 'loss_recon_nodepe': 0.0, 'loss_recon_edgepe': 0.0}
> Epoch 270: took 14.2s (avg 14.3s) | Best so far: epoch 269	train_loss: 0.2003 train_mae: 0.2003	val_loss: 0.3041 val_mae: 0.3041	test_loss: 0.3358 test_mae: 0.3358
train: {'epoch': 271, 'time_epoch': 13.1953, 'eta': 1702.62129, 'eta_hours': 0.47295, 'loss': 0.19562741, 'lr': 0.00024652, 'params': 553882, 'time_iter': 0.08405, 'mae': 0.19563, 'r2': 0.89719, 'spearmanr': 0.98166, 'mse': 0.41571, 'rmse': 0.64475}
val: {'epoch': 271, 'time_epoch': 0.50189, 'loss': 0.30214062, 'lr': 0, 'params': 553882, 'time_iter': 0.03137, 'mae': 0.30214, 'r2': 0.7646, 'spearmanr': 0.96573, 'mse': 0.92719, 'rmse': 0.96291, 'loss_recon': 0.0, 'loss_recon_node': 0.0, 'loss_recon_edge': 0.0, 'loss_recon_tuple': 0.0, 'loss_recon_nodepe': 0.0, 'loss_recon_edgepe': 0.0}
test: {'epoch': 271, 'time_epoch': 0.50151, 'loss': 0.32888142, 'lr': 0, 'params': 553882, 'time_iter': 0.03134, 'mae': 0.32888, 'r2': 0.81828, 'spearmanr': 0.95488, 'mse': 0.7393, 'rmse': 0.85982, 'loss_recon': 0.0, 'loss_recon_node': 0.0, 'loss_recon_edge': 0.0, 'loss_recon_tuple': 0.0, 'loss_recon_nodepe': 0.0, 'loss_recon_edgepe': 0.0}
> Epoch 271: took 14.2s (avg 14.3s) | Best so far: epoch 271	train_loss: 0.1956 train_mae: 0.1956	val_loss: 0.3021 val_mae: 0.3021	test_loss: 0.3289 test_mae: 0.3289
train: {'epoch': 272, 'time_epoch': 13.19171, 'eta': 1689.26838, 'eta_hours': 0.46924, 'loss': 0.20488315, 'lr': 0.00024306, 'params': 553882, 'time_iter': 0.08402, 'mae': 0.20488, 'r2': 0.90288, 'spearmanr': 0.97951, 'mse': 0.39269, 'rmse': 0.62665}
val: {'epoch': 272, 'time_epoch': 0.50337, 'loss': 0.29701486, 'lr': 0, 'params': 553882, 'time_iter': 0.03146, 'mae': 0.29701, 'r2': 0.76169, 'spearmanr': 0.96472, 'mse': 0.93864, 'rmse': 0.96884, 'loss_recon': 0.0, 'loss_recon_node': 0.0, 'loss_recon_edge': 0.0, 'loss_recon_tuple': 0.0, 'loss_recon_nodepe': 0.0, 'loss_recon_edgepe': 0.0}
test: {'epoch': 272, 'time_epoch': 0.50255, 'loss': 0.32155485, 'lr': 0, 'params': 553882, 'time_iter': 0.03141, 'mae': 0.32155, 'r2': 0.81176, 'spearmanr': 0.95316, 'mse': 0.7658, 'rmse': 0.8751, 'loss_recon': 0.0, 'loss_recon_node': 0.0, 'loss_recon_edge': 0.0, 'loss_recon_tuple': 0.0, 'loss_recon_nodepe': 0.0, 'loss_recon_edgepe': 0.0}
> Epoch 272: took 14.2s (avg 14.3s) | Best so far: epoch 272	train_loss: 0.2049 train_mae: 0.2049	val_loss: 0.2970 val_mae: 0.2970	test_loss: 0.3216 test_mae: 0.3216
train: {'epoch': 273, 'time_epoch': 13.19637, 'eta': 1675.91879, 'eta_hours': 0.46553, 'loss': 0.19012935, 'lr': 0.00023961, 'params': 553882, 'time_iter': 0.08405, 'mae': 0.19013, 'r2': 0.87827, 'spearmanr': 0.98065, 'mse': 0.49222, 'rmse': 0.70158}
val: {'epoch': 273, 'time_epoch': 0.50141, 'loss': 0.31645421, 'lr': 0, 'params': 553882, 'time_iter': 0.03134, 'mae': 0.31645, 'r2': 0.7662, 'spearmanr': 0.96614, 'mse': 0.92087, 'rmse': 0.95962, 'loss_recon': 0.0, 'loss_recon_node': 0.0, 'loss_recon_edge': 0.0, 'loss_recon_tuple': 0.0, 'loss_recon_nodepe': 0.0, 'loss_recon_edgepe': 0.0}
test: {'epoch': 273, 'time_epoch': 0.50311, 'loss': 0.33917627, 'lr': 0, 'params': 553882, 'time_iter': 0.03144, 'mae': 0.33918, 'r2': 0.82655, 'spearmanr': 0.95641, 'mse': 0.70564, 'rmse': 0.84002, 'loss_recon': 0.0, 'loss_recon_node': 0.0, 'loss_recon_edge': 0.0, 'loss_recon_tuple': 0.0, 'loss_recon_nodepe': 0.0, 'loss_recon_edgepe': 0.0}
> Epoch 273: took 14.2s (avg 14.3s) | Best so far: epoch 272	train_loss: 0.2049 train_mae: 0.2049	val_loss: 0.2970 val_mae: 0.2970	test_loss: 0.3216 test_mae: 0.3216
train: {'epoch': 274, 'time_epoch': 13.19583, 'eta': 1662.57007, 'eta_hours': 0.46183, 'loss': 0.18963085, 'lr': 0.00023618, 'params': 553882, 'time_iter': 0.08405, 'mae': 0.18963, 'r2': 0.92277, 'spearmanr': 0.98251, 'mse': 0.31225, 'rmse': 0.5588}
val: {'epoch': 274, 'time_epoch': 0.50213, 'loss': 0.35336054, 'lr': 0, 'params': 553882, 'time_iter': 0.03138, 'mae': 0.35336, 'r2': 0.76832, 'spearmanr': 0.96653, 'mse': 0.91253, 'rmse': 0.95527, 'loss_recon': 0.0, 'loss_recon_node': 0.0, 'loss_recon_edge': 0.0, 'loss_recon_tuple': 0.0, 'loss_recon_nodepe': 0.0, 'loss_recon_edgepe': 0.0}
test: {'epoch': 274, 'time_epoch': 0.50219, 'loss': 0.37674188, 'lr': 0, 'params': 553882, 'time_iter': 0.03139, 'mae': 0.37674, 'r2': 0.8281, 'spearmanr': 0.9562, 'mse': 0.69935, 'rmse': 0.83627, 'loss_recon': 0.0, 'loss_recon_node': 0.0, 'loss_recon_edge': 0.0, 'loss_recon_tuple': 0.0, 'loss_recon_nodepe': 0.0, 'loss_recon_edgepe': 0.0}
> Epoch 274: took 14.2s (avg 14.3s) | Best so far: epoch 272	train_loss: 0.2049 train_mae: 0.2049	val_loss: 0.2970 val_mae: 0.2970	test_loss: 0.3216 test_mae: 0.3216
train: {'epoch': 275, 'time_epoch': 13.19184, 'eta': 1649.22067, 'eta_hours': 0.45812, 'loss': 0.20005946, 'lr': 0.00023277, 'params': 553882, 'time_iter': 0.08402, 'mae': 0.20006, 'r2': 0.87948, 'spearmanr': 0.98103, 'mse': 0.48729, 'rmse': 0.69806}
val: {'epoch': 275, 'time_epoch': 0.50073, 'loss': 0.31265521, 'lr': 0, 'params': 553882, 'time_iter': 0.0313, 'mae': 0.31266, 'r2': 0.75666, 'spearmanr': 0.9673, 'mse': 0.95844, 'rmse': 0.979, 'loss_recon': 0.0, 'loss_recon_node': 0.0, 'loss_recon_edge': 0.0, 'loss_recon_tuple': 0.0, 'loss_recon_nodepe': 0.0, 'loss_recon_edgepe': 0.0}
test: {'epoch': 275, 'time_epoch': 0.50139, 'loss': 0.3410306, 'lr': 0, 'params': 553882, 'time_iter': 0.03134, 'mae': 0.34103, 'r2': 0.80805, 'spearmanr': 0.95605, 'mse': 0.7809, 'rmse': 0.88368, 'loss_recon': 0.0, 'loss_recon_node': 0.0, 'loss_recon_edge': 0.0, 'loss_recon_tuple': 0.0, 'loss_recon_nodepe': 0.0, 'loss_recon_edgepe': 0.0}
> Epoch 275: took 14.2s (avg 14.3s) | Best so far: epoch 272	train_loss: 0.2049 train_mae: 0.2049	val_loss: 0.2970 val_mae: 0.2970	test_loss: 0.3216 test_mae: 0.3216
train: {'epoch': 276, 'time_epoch': 13.19976, 'eta': 1635.87591, 'eta_hours': 0.45441, 'loss': 0.20723187, 'lr': 0.00022937, 'params': 553882, 'time_iter': 0.08407, 'mae': 0.20723, 'r2': 0.8581, 'spearmanr': 0.97876, 'mse': 0.57374, 'rmse': 0.75746}
val: {'epoch': 276, 'time_epoch': 0.50279, 'loss': 0.29081055, 'lr': 0, 'params': 553882, 'time_iter': 0.03142, 'mae': 0.29081, 'r2': 0.76746, 'spearmanr': 0.9674, 'mse': 0.9159, 'rmse': 0.95703, 'loss_recon': 0.0, 'loss_recon_node': 0.0, 'loss_recon_edge': 0.0, 'loss_recon_tuple': 0.0, 'loss_recon_nodepe': 0.0, 'loss_recon_edgepe': 0.0}
test: {'epoch': 276, 'time_epoch': 0.50242, 'loss': 0.31737859, 'lr': 0, 'params': 553882, 'time_iter': 0.0314, 'mae': 0.31738, 'r2': 0.82065, 'spearmanr': 0.95568, 'mse': 0.72966, 'rmse': 0.8542, 'loss_recon': 0.0, 'loss_recon_node': 0.0, 'loss_recon_edge': 0.0, 'loss_recon_tuple': 0.0, 'loss_recon_nodepe': 0.0, 'loss_recon_edgepe': 0.0}
> Epoch 276: took 14.2s (avg 14.3s) | Best so far: epoch 276	train_loss: 0.2072 train_mae: 0.2072	val_loss: 0.2908 val_mae: 0.2908	test_loss: 0.3174 test_mae: 0.3174
train: {'epoch': 277, 'time_epoch': 13.20033, 'eta': 1622.53245, 'eta_hours': 0.4507, 'loss': 0.18706685, 'lr': 0.00022599, 'params': 553882, 'time_iter': 0.08408, 'mae': 0.18707, 'r2': 0.91989, 'spearmanr': 0.98154, 'mse': 0.32393, 'rmse': 0.56914}
val: {'epoch': 277, 'time_epoch': 0.50147, 'loss': 0.29777985, 'lr': 0, 'params': 553882, 'time_iter': 0.03134, 'mae': 0.29778, 'r2': 0.76754, 'spearmanr': 0.96761, 'mse': 0.91562, 'rmse': 0.95688, 'loss_recon': 0.0, 'loss_recon_node': 0.0, 'loss_recon_edge': 0.0, 'loss_recon_tuple': 0.0, 'loss_recon_nodepe': 0.0, 'loss_recon_edgepe': 0.0}
test: {'epoch': 277, 'time_epoch': 0.50166, 'loss': 0.32167366, 'lr': 0, 'params': 553882, 'time_iter': 0.03135, 'mae': 0.32167, 'r2': 0.82451, 'spearmanr': 0.9566, 'mse': 0.71393, 'rmse': 0.84494, 'loss_recon': 0.0, 'loss_recon_node': 0.0, 'loss_recon_edge': 0.0, 'loss_recon_tuple': 0.0, 'loss_recon_nodepe': 0.0, 'loss_recon_edgepe': 0.0}
> Epoch 277: took 14.2s (avg 14.3s) | Best so far: epoch 276	train_loss: 0.2072 train_mae: 0.2072	val_loss: 0.2908 val_mae: 0.2908	test_loss: 0.3174 test_mae: 0.3174
train: {'epoch': 278, 'time_epoch': 13.19001, 'eta': 1609.18555, 'eta_hours': 0.447, 'loss': 0.18513763, 'lr': 0.00022263, 'params': 553882, 'time_iter': 0.08401, 'mae': 0.18514, 'r2': 0.92577, 'spearmanr': 0.98302, 'mse': 0.30016, 'rmse': 0.54787}
val: {'epoch': 278, 'time_epoch': 0.50184, 'loss': 0.31189255, 'lr': 0, 'params': 553882, 'time_iter': 0.03137, 'mae': 0.31189, 'r2': 0.75256, 'spearmanr': 0.96684, 'mse': 0.97459, 'rmse': 0.98722, 'loss_recon': 0.0, 'loss_recon_node': 0.0, 'loss_recon_edge': 0.0, 'loss_recon_tuple': 0.0, 'loss_recon_nodepe': 0.0, 'loss_recon_edgepe': 0.0}
test: {'epoch': 278, 'time_epoch': 0.50235, 'loss': 0.33209422, 'lr': 0, 'params': 553882, 'time_iter': 0.0314, 'mae': 0.33209, 'r2': 0.80337, 'spearmanr': 0.95538, 'mse': 0.79996, 'rmse': 0.89441, 'loss_recon': 0.0, 'loss_recon_node': 0.0, 'loss_recon_edge': 0.0, 'loss_recon_tuple': 0.0, 'loss_recon_nodepe': 0.0, 'loss_recon_edgepe': 0.0}
> Epoch 278: took 14.2s (avg 14.3s) | Best so far: epoch 276	train_loss: 0.2072 train_mae: 0.2072	val_loss: 0.2908 val_mae: 0.2908	test_loss: 0.3174 test_mae: 0.3174
tensor([1, 1, 9, 1, 1, 3, 1, 1, 1, 3, 1, 1, 1, 1, 1, 1, 2, 1, 1, 1],
       device='cuda:0')
tensor([[-0.1626,  0.1932,  0.1353, -0.1094],
        [-0.1626,  0.1932,  0.1353, -0.1094],
        [-0.1626,  0.1932,  0.1353, -0.1094],
        [-1.3742,  0.9370,  0.0432, -0.6054],
        [-1.3735,  0.9366,  0.0432, -0.6052],
        [-0.2622,  0.2352,  0.1133, -0.1655],
        [-0.5815,  0.4204,  0.0809, -0.3049],
        [-0.4969,  0.3654,  0.0850, -0.2728],
        [-1.1021,  0.7594,  0.0559, -0.5025],
        [-1.1003,  0.7583,  0.0561, -0.5017],
        [-1.3952,  0.9508,  0.0422, -0.6133],
        [-1.3812,  0.9416,  0.0429, -0.6080],
        [-1.3911,  0.9481,  0.0425, -0.6117],
        [-1.4020,  0.9553,  0.0420, -0.6158],
        [-1.4026,  0.9557,  0.0419, -0.6161],
        [-1.4056,  0.9577,  0.0418, -0.6172],
        [-1.0991,  0.7575,  0.0561, -0.5013],
        [-1.3801,  0.9408,  0.0429, -0.6077],
        [-1.3954,  0.9510,  0.0423, -0.6133],
        [-1.3936,  0.9498,  0.0424, -0.6127]], device='cuda:0',
       grad_fn=<SliceBackward0>)
tensor([8, 1, 0, 0, 0, 0, 0, 0, 0, 0, 0, 0, 0, 0, 0, 0, 0, 0, 0, 0],
       device='cuda:0')
tensor([[-0.4774, -0.1828, -0.2514, -0.0256],
        [ 0.2275, -0.0282, -0.0356,  0.0778],
        [ 0.1505,  0.0113, -0.0705,  0.0458],
        [ 0.1301,  0.0332, -0.0821,  0.0330],
        [ 0.2275, -0.0282, -0.0356,  0.0778],
        [-0.1154,  0.1886, -0.1990, -0.0799],
        [ 0.2275, -0.0282, -0.0356,  0.0778],
        [ 0.1913, -0.0030, -0.0523,  0.0613],
        [ 0.2275, -0.0282, -0.0356,  0.0778],
        [ 0.2257, -0.0267, -0.0364,  0.0770],
        [ 0.2275, -0.0282, -0.0356,  0.0778],
        [ 0.2275, -0.0282, -0.0356,  0.0778],
        [ 0.2275, -0.0282, -0.0356,  0.0778],
        [ 0.2275, -0.0282, -0.0356,  0.0778],
        [ 0.2275, -0.0282, -0.0356,  0.0778],
        [ 0.2275, -0.0282, -0.0356,  0.0778],
        [ 0.2275, -0.0282, -0.0356,  0.0778],
        [ 0.2275, -0.0282, -0.0356,  0.0778],
        [ 0.2275, -0.0282, -0.0356,  0.0778],
        [ 0.2275, -0.0282, -0.0356,  0.0778]], device='cuda:0',
       grad_fn=<SliceBackward0>)
train: {'epoch': 279, 'time_epoch': 13.2049, 'eta': 1595.84614, 'eta_hours': 0.44329, 'loss': 0.19171707, 'lr': 0.00021929, 'params': 553882, 'time_iter': 0.08411, 'mae': 0.19172, 'r2': 0.89341, 'spearmanr': 0.98136, 'mse': 0.43099, 'rmse': 0.65649}
val: {'epoch': 279, 'time_epoch': 0.5027, 'loss': 0.30999259, 'lr': 0, 'params': 553882, 'time_iter': 0.03142, 'mae': 0.30999, 'r2': 0.76896, 'spearmanr': 0.96737, 'mse': 0.91002, 'rmse': 0.95395, 'loss_recon': 0.0, 'loss_recon_node': 0.0, 'loss_recon_edge': 0.0, 'loss_recon_tuple': 0.0, 'loss_recon_nodepe': 0.0, 'loss_recon_edgepe': 0.0}
test: {'epoch': 279, 'time_epoch': 0.50184, 'loss': 0.32868974, 'lr': 0, 'params': 553882, 'time_iter': 0.03137, 'mae': 0.32869, 'r2': 0.83462, 'spearmanr': 0.95732, 'mse': 0.67281, 'rmse': 0.82025, 'loss_recon': 0.0, 'loss_recon_node': 0.0, 'loss_recon_edge': 0.0, 'loss_recon_tuple': 0.0, 'loss_recon_nodepe': 0.0, 'loss_recon_edgepe': 0.0}
> Epoch 279: took 14.2s (avg 14.3s) | Best so far: epoch 276	train_loss: 0.2072 train_mae: 0.2072	val_loss: 0.2908 val_mae: 0.2908	test_loss: 0.3174 test_mae: 0.3174
train: {'epoch': 280, 'time_epoch': 13.18779, 'eta': 1582.50045, 'eta_hours': 0.43958, 'loss': 0.19897313, 'lr': 0.00021597, 'params': 553882, 'time_iter': 0.084, 'mae': 0.19897, 'r2': 0.90539, 'spearmanr': 0.98214, 'mse': 0.38256, 'rmse': 0.61852}
val: {'epoch': 280, 'time_epoch': 0.50323, 'loss': 0.28305249, 'lr': 0, 'params': 553882, 'time_iter': 0.03145, 'mae': 0.28305, 'r2': 0.76666, 'spearmanr': 0.96929, 'mse': 0.91906, 'rmse': 0.95868, 'loss_recon': 0.0, 'loss_recon_node': 0.0, 'loss_recon_edge': 0.0, 'loss_recon_tuple': 0.0, 'loss_recon_nodepe': 0.0, 'loss_recon_edgepe': 0.0}
test: {'epoch': 280, 'time_epoch': 0.50258, 'loss': 0.30232193, 'lr': 0, 'params': 553882, 'time_iter': 0.03141, 'mae': 0.30232, 'r2': 0.82506, 'spearmanr': 0.95762, 'mse': 0.7117, 'rmse': 0.84363, 'loss_recon': 0.0, 'loss_recon_node': 0.0, 'loss_recon_edge': 0.0, 'loss_recon_tuple': 0.0, 'loss_recon_nodepe': 0.0, 'loss_recon_edgepe': 0.0}
> Epoch 280: took 14.2s (avg 14.3s) | Best so far: epoch 280	train_loss: 0.1990 train_mae: 0.1990	val_loss: 0.2831 val_mae: 0.2831	test_loss: 0.3023 test_mae: 0.3023
train: {'epoch': 281, 'time_epoch': 13.18889, 'eta': 1569.15634, 'eta_hours': 0.43588, 'loss': 0.18830439, 'lr': 0.00021266, 'params': 553882, 'time_iter': 0.08401, 'mae': 0.1883, 'r2': 0.91653, 'spearmanr': 0.98161, 'mse': 0.3375, 'rmse': 0.58095}
val: {'epoch': 281, 'time_epoch': 0.50117, 'loss': 0.28117498, 'lr': 0, 'params': 553882, 'time_iter': 0.03132, 'mae': 0.28117, 'r2': 0.76682, 'spearmanr': 0.96933, 'mse': 0.91843, 'rmse': 0.95835, 'loss_recon': 0.0, 'loss_recon_node': 0.0, 'loss_recon_edge': 0.0, 'loss_recon_tuple': 0.0, 'loss_recon_nodepe': 0.0, 'loss_recon_edgepe': 0.0}
test: {'epoch': 281, 'time_epoch': 0.50208, 'loss': 0.30278427, 'lr': 0, 'params': 553882, 'time_iter': 0.03138, 'mae': 0.30278, 'r2': 0.82435, 'spearmanr': 0.95749, 'mse': 0.71459, 'rmse': 0.84534, 'loss_recon': 0.0, 'loss_recon_node': 0.0, 'loss_recon_edge': 0.0, 'loss_recon_tuple': 0.0, 'loss_recon_nodepe': 0.0, 'loss_recon_edgepe': 0.0}
> Epoch 281: took 14.2s (avg 14.3s) | Best so far: epoch 281	train_loss: 0.1883 train_mae: 0.1883	val_loss: 0.2812 val_mae: 0.2812	test_loss: 0.3028 test_mae: 0.3028
train: {'epoch': 282, 'time_epoch': 13.18812, 'eta': 1555.813, 'eta_hours': 0.43217, 'loss': 0.19801401, 'lr': 0.00020938, 'params': 553882, 'time_iter': 0.084, 'mae': 0.19801, 'r2': 0.8759, 'spearmanr': 0.98029, 'mse': 0.50177, 'rmse': 0.70836}
val: {'epoch': 282, 'time_epoch': 0.50137, 'loss': 0.29269338, 'lr': 0, 'params': 553882, 'time_iter': 0.03134, 'mae': 0.29269, 'r2': 0.76663, 'spearmanr': 0.96873, 'mse': 0.91919, 'rmse': 0.95874, 'loss_recon': 0.0, 'loss_recon_node': 0.0, 'loss_recon_edge': 0.0, 'loss_recon_tuple': 0.0, 'loss_recon_nodepe': 0.0, 'loss_recon_edgepe': 0.0}
test: {'epoch': 282, 'time_epoch': 0.50176, 'loss': 0.32018068, 'lr': 0, 'params': 553882, 'time_iter': 0.03136, 'mae': 0.32018, 'r2': 0.82459, 'spearmanr': 0.95602, 'mse': 0.71361, 'rmse': 0.84475, 'loss_recon': 0.0, 'loss_recon_node': 0.0, 'loss_recon_edge': 0.0, 'loss_recon_tuple': 0.0, 'loss_recon_nodepe': 0.0, 'loss_recon_edgepe': 0.0}
> Epoch 282: took 14.2s (avg 14.3s) | Best so far: epoch 281	train_loss: 0.1883 train_mae: 0.1883	val_loss: 0.2812 val_mae: 0.2812	test_loss: 0.3028 test_mae: 0.3028
train: {'epoch': 283, 'time_epoch': 13.18857, 'eta': 1542.47094, 'eta_hours': 0.42846, 'loss': 0.19678467, 'lr': 0.00020611, 'params': 553882, 'time_iter': 0.084, 'mae': 0.19678, 'r2': 0.86356, 'spearmanr': 0.98334, 'mse': 0.55167, 'rmse': 0.74274}
val: {'epoch': 283, 'time_epoch': 0.50296, 'loss': 0.3153509, 'lr': 0, 'params': 553882, 'time_iter': 0.03144, 'mae': 0.31535, 'r2': 0.76687, 'spearmanr': 0.96771, 'mse': 0.91824, 'rmse': 0.95825, 'loss_recon': 0.0, 'loss_recon_node': 0.0, 'loss_recon_edge': 0.0, 'loss_recon_tuple': 0.0, 'loss_recon_nodepe': 0.0, 'loss_recon_edgepe': 0.0}
test: {'epoch': 283, 'time_epoch': 0.50248, 'loss': 0.33733903, 'lr': 0, 'params': 553882, 'time_iter': 0.03141, 'mae': 0.33734, 'r2': 0.82124, 'spearmanr': 0.95595, 'mse': 0.72724, 'rmse': 0.85278, 'loss_recon': 0.0, 'loss_recon_node': 0.0, 'loss_recon_edge': 0.0, 'loss_recon_tuple': 0.0, 'loss_recon_nodepe': 0.0, 'loss_recon_edgepe': 0.0}
> Epoch 283: took 14.2s (avg 14.3s) | Best so far: epoch 281	train_loss: 0.1883 train_mae: 0.1883	val_loss: 0.2812 val_mae: 0.2812	test_loss: 0.3028 test_mae: 0.3028
train: {'epoch': 284, 'time_epoch': 13.18591, 'eta': 1529.12889, 'eta_hours': 0.42476, 'loss': 0.19001862, 'lr': 0.00020286, 'params': 553882, 'time_iter': 0.08399, 'mae': 0.19002, 'r2': 0.91181, 'spearmanr': 0.98101, 'mse': 0.35661, 'rmse': 0.59717}
val: {'epoch': 284, 'time_epoch': 0.50205, 'loss': 0.30294803, 'lr': 0, 'params': 553882, 'time_iter': 0.03138, 'mae': 0.30295, 'r2': 0.77238, 'spearmanr': 0.97037, 'mse': 0.89653, 'rmse': 0.94685, 'loss_recon': 0.0, 'loss_recon_node': 0.0, 'loss_recon_edge': 0.0, 'loss_recon_tuple': 0.0, 'loss_recon_nodepe': 0.0, 'loss_recon_edgepe': 0.0}
test: {'epoch': 284, 'time_epoch': 0.50227, 'loss': 0.32715132, 'lr': 0, 'params': 553882, 'time_iter': 0.03139, 'mae': 0.32715, 'r2': 0.83457, 'spearmanr': 0.95948, 'mse': 0.67301, 'rmse': 0.82037, 'loss_recon': 0.0, 'loss_recon_node': 0.0, 'loss_recon_edge': 0.0, 'loss_recon_tuple': 0.0, 'loss_recon_nodepe': 0.0, 'loss_recon_edgepe': 0.0}
> Epoch 284: took 14.2s (avg 14.3s) | Best so far: epoch 281	train_loss: 0.1883 train_mae: 0.1883	val_loss: 0.2812 val_mae: 0.2812	test_loss: 0.3028 test_mae: 0.3028
train: {'epoch': 285, 'time_epoch': 13.19365, 'eta': 1515.79101, 'eta_hours': 0.42105, 'loss': 0.18903798, 'lr': 0.00019963, 'params': 553882, 'time_iter': 0.08404, 'mae': 0.18904, 'r2': 0.91071, 'spearmanr': 0.98287, 'mse': 0.36104, 'rmse': 0.60087}
val: {'epoch': 285, 'time_epoch': 0.50249, 'loss': 0.28741053, 'lr': 0, 'params': 553882, 'time_iter': 0.03141, 'mae': 0.28741, 'r2': 0.76823, 'spearmanr': 0.96962, 'mse': 0.91287, 'rmse': 0.95544, 'loss_recon': 0.0, 'loss_recon_node': 0.0, 'loss_recon_edge': 0.0, 'loss_recon_tuple': 0.0, 'loss_recon_nodepe': 0.0, 'loss_recon_edgepe': 0.0}
test: {'epoch': 285, 'time_epoch': 0.50245, 'loss': 0.30846892, 'lr': 0, 'params': 553882, 'time_iter': 0.0314, 'mae': 0.30847, 'r2': 0.83037, 'spearmanr': 0.95915, 'mse': 0.69012, 'rmse': 0.83074, 'loss_recon': 0.0, 'loss_recon_node': 0.0, 'loss_recon_edge': 0.0, 'loss_recon_tuple': 0.0, 'loss_recon_nodepe': 0.0, 'loss_recon_edgepe': 0.0}
> Epoch 285: took 14.2s (avg 14.3s) | Best so far: epoch 281	train_loss: 0.1883 train_mae: 0.1883	val_loss: 0.2812 val_mae: 0.2812	test_loss: 0.3028 test_mae: 0.3028
train: {'epoch': 286, 'time_epoch': 13.19309, 'eta': 1502.45392, 'eta_hours': 0.41735, 'loss': 0.19580132, 'lr': 0.00019642, 'params': 553882, 'time_iter': 0.08403, 'mae': 0.1958, 'r2': 0.91238, 'spearmanr': 0.98251, 'mse': 0.35429, 'rmse': 0.59522}
val: {'epoch': 286, 'time_epoch': 0.5025, 'loss': 0.32084747, 'lr': 0, 'params': 553882, 'time_iter': 0.03141, 'mae': 0.32085, 'r2': 0.77094, 'spearmanr': 0.96959, 'mse': 0.9022, 'rmse': 0.94984, 'loss_recon': 0.0, 'loss_recon_node': 0.0, 'loss_recon_edge': 0.0, 'loss_recon_tuple': 0.0, 'loss_recon_nodepe': 0.0, 'loss_recon_edgepe': 0.0}
test: {'epoch': 286, 'time_epoch': 0.50189, 'loss': 0.34706771, 'lr': 0, 'params': 553882, 'time_iter': 0.03137, 'mae': 0.34707, 'r2': 0.83585, 'spearmanr': 0.95831, 'mse': 0.6678, 'rmse': 0.81719, 'loss_recon': 0.0, 'loss_recon_node': 0.0, 'loss_recon_edge': 0.0, 'loss_recon_tuple': 0.0, 'loss_recon_nodepe': 0.0, 'loss_recon_edgepe': 0.0}
> Epoch 286: took 14.2s (avg 14.3s) | Best so far: epoch 281	train_loss: 0.1883 train_mae: 0.1883	val_loss: 0.2812 val_mae: 0.2812	test_loss: 0.3028 test_mae: 0.3028
train: {'epoch': 287, 'time_epoch': 13.18221, 'eta': 1489.11359, 'eta_hours': 0.41364, 'loss': 0.1798133, 'lr': 0.00019323, 'params': 553882, 'time_iter': 0.08396, 'mae': 0.17981, 'r2': 0.9263, 'spearmanr': 0.98262, 'mse': 0.298, 'rmse': 0.54589}
val: {'epoch': 287, 'time_epoch': 0.50107, 'loss': 0.28468445, 'lr': 0, 'params': 553882, 'time_iter': 0.03132, 'mae': 0.28468, 'r2': 0.7664, 'spearmanr': 0.96992, 'mse': 0.92008, 'rmse': 0.95921, 'loss_recon': 0.0, 'loss_recon_node': 0.0, 'loss_recon_edge': 0.0, 'loss_recon_tuple': 0.0, 'loss_recon_nodepe': 0.0, 'loss_recon_edgepe': 0.0}
test: {'epoch': 287, 'time_epoch': 0.50084, 'loss': 0.30205163, 'lr': 0, 'params': 553882, 'time_iter': 0.0313, 'mae': 0.30205, 'r2': 0.82815, 'spearmanr': 0.95855, 'mse': 0.69913, 'rmse': 0.83614, 'loss_recon': 0.0, 'loss_recon_node': 0.0, 'loss_recon_edge': 0.0, 'loss_recon_tuple': 0.0, 'loss_recon_nodepe': 0.0, 'loss_recon_edgepe': 0.0}
> Epoch 287: took 14.2s (avg 14.3s) | Best so far: epoch 281	train_loss: 0.1883 train_mae: 0.1883	val_loss: 0.2812 val_mae: 0.2812	test_loss: 0.3028 test_mae: 0.3028
tensor([1, 1, 1, 3, 1, 1, 1, 1, 1, 1, 3, 1, 5, 1, 1, 1, 3, 1, 2, 3],
       device='cuda:0')
tensor([[-1.1772,  0.8056,  0.0525, -0.5297],
        [-0.8268,  0.5775,  0.0687, -0.3980],
        [-1.1389,  0.7807,  0.0543, -0.5153],
        [-1.0519,  0.7240,  0.0584, -0.4825],
        [-1.4641,  0.9926,  0.0395, -0.6373],
        [-1.4669,  0.9945,  0.0393, -0.6383],
        [-1.4671,  0.9946,  0.0393, -0.6384],
        [-1.4503,  0.9836,  0.0400, -0.6322],
        [-1.4710,  0.9972,  0.0392, -0.6398],
        [-1.4762,  1.0006,  0.0390, -0.6417],
        [-1.4481,  0.9821,  0.0401, -0.6314],
        [-1.4547,  0.9864,  0.0398, -0.6338],
        [-0.7829,  0.5490,  0.0708, -0.3815],
        [-1.0366,  0.7141,  0.0590, -0.4768],
        [-0.8065,  0.5643,  0.0697, -0.3904],
        [-0.7571,  0.5322,  0.0720, -0.3718],
        [-0.7965,  0.5578,  0.0702, -0.3866],
        [-1.4347,  0.9733,  0.0406, -0.6264],
        [-1.4734,  0.9988,  0.0391, -0.6407],
        [-1.4063,  0.9548,  0.0420, -0.6157]], device='cuda:0',
       grad_fn=<SliceBackward0>)
tensor([8, 1, 0, 0, 0, 0, 0, 0, 0, 0, 0, 0, 0, 0, 0, 0, 0, 0, 0, 0],
       device='cuda:0')
tensor([[-0.5076, -0.2191, -0.2545, -0.0170],
        [ 0.2272, -0.0284, -0.0354,  0.0777],
        [ 0.0205,  0.1036, -0.1335, -0.0174],
        [-0.1070,  0.1793, -0.1952, -0.0765],
        [ 0.2272, -0.0284, -0.0354,  0.0777],
        [ 0.2272, -0.0284, -0.0354,  0.0777],
        [ 0.2272, -0.0284, -0.0354,  0.0777],
        [ 0.2272, -0.0284, -0.0354,  0.0777],
        [ 0.2272, -0.0284, -0.0354,  0.0777],
        [ 0.2272, -0.0284, -0.0354,  0.0777],
        [ 0.2272, -0.0284, -0.0354,  0.0777],
        [ 0.2272, -0.0284, -0.0354,  0.0777],
        [ 0.2272, -0.0284, -0.0354,  0.0777],
        [ 0.2272, -0.0284, -0.0354,  0.0777],
        [ 0.2272, -0.0284, -0.0354,  0.0777],
        [ 0.2272, -0.0284, -0.0354,  0.0777],
        [ 0.2272, -0.0284, -0.0354,  0.0777],
        [ 0.2272, -0.0284, -0.0354,  0.0777],
        [ 0.2272, -0.0284, -0.0354,  0.0777],
        [ 0.2272, -0.0284, -0.0354,  0.0777]], device='cuda:0',
       grad_fn=<SliceBackward0>)
train: {'epoch': 288, 'time_epoch': 13.19335, 'eta': 1475.77864, 'eta_hours': 0.40994, 'loss': 0.19104623, 'lr': 0.00019006, 'params': 553882, 'time_iter': 0.08403, 'mae': 0.19105, 'r2': 0.88682, 'spearmanr': 0.9835, 'mse': 0.45764, 'rmse': 0.67649}
val: {'epoch': 288, 'time_epoch': 0.5014, 'loss': 0.2804776, 'lr': 0, 'params': 553882, 'time_iter': 0.03134, 'mae': 0.28048, 'r2': 0.76723, 'spearmanr': 0.97025, 'mse': 0.91684, 'rmse': 0.95752, 'loss_recon': 0.0, 'loss_recon_node': 0.0, 'loss_recon_edge': 0.0, 'loss_recon_tuple': 0.0, 'loss_recon_nodepe': 0.0, 'loss_recon_edgepe': 0.0}
test: {'epoch': 288, 'time_epoch': 0.50175, 'loss': 0.29578398, 'lr': 0, 'params': 553882, 'time_iter': 0.03136, 'mae': 0.29578, 'r2': 0.82953, 'spearmanr': 0.95935, 'mse': 0.69353, 'rmse': 0.83279, 'loss_recon': 0.0, 'loss_recon_node': 0.0, 'loss_recon_edge': 0.0, 'loss_recon_tuple': 0.0, 'loss_recon_nodepe': 0.0, 'loss_recon_edgepe': 0.0}
> Epoch 288: took 14.2s (avg 14.3s) | Best so far: epoch 288	train_loss: 0.1910 train_mae: 0.1910	val_loss: 0.2805 val_mae: 0.2805	test_loss: 0.2958 test_mae: 0.2958
train: {'epoch': 289, 'time_epoch': 13.18973, 'eta': 1462.44329, 'eta_hours': 0.40623, 'loss': 0.19106711, 'lr': 0.00018691, 'params': 553882, 'time_iter': 0.08401, 'mae': 0.19107, 'r2': 0.88339, 'spearmanr': 0.98311, 'mse': 0.47151, 'rmse': 0.68667}
val: {'epoch': 289, 'time_epoch': 0.50096, 'loss': 0.28397333, 'lr': 0, 'params': 553882, 'time_iter': 0.03131, 'mae': 0.28397, 'r2': 0.76866, 'spearmanr': 0.97, 'mse': 0.91121, 'rmse': 0.95457, 'loss_recon': 0.0, 'loss_recon_node': 0.0, 'loss_recon_edge': 0.0, 'loss_recon_tuple': 0.0, 'loss_recon_nodepe': 0.0, 'loss_recon_edgepe': 0.0}
test: {'epoch': 289, 'time_epoch': 0.50227, 'loss': 0.29923322, 'lr': 0, 'params': 553882, 'time_iter': 0.03139, 'mae': 0.29923, 'r2': 0.83087, 'spearmanr': 0.95925, 'mse': 0.68807, 'rmse': 0.8295, 'loss_recon': 0.0, 'loss_recon_node': 0.0, 'loss_recon_edge': 0.0, 'loss_recon_tuple': 0.0, 'loss_recon_nodepe': 0.0, 'loss_recon_edgepe': 0.0}
> Epoch 289: took 14.2s (avg 14.3s) | Best so far: epoch 288	train_loss: 0.1910 train_mae: 0.1910	val_loss: 0.2805 val_mae: 0.2805	test_loss: 0.2958 test_mae: 0.2958
train: {'epoch': 290, 'time_epoch': 13.18605, 'eta': 1449.10757, 'eta_hours': 0.40253, 'loss': 0.18663999, 'lr': 0.00018378, 'params': 553882, 'time_iter': 0.08399, 'mae': 0.18664, 'r2': 0.91196, 'spearmanr': 0.98189, 'mse': 0.35599, 'rmse': 0.59665}
val: {'epoch': 290, 'time_epoch': 0.50144, 'loss': 0.3376284, 'lr': 0, 'params': 553882, 'time_iter': 0.03134, 'mae': 0.33763, 'r2': 0.76272, 'spearmanr': 0.97013, 'mse': 0.93461, 'rmse': 0.96675, 'loss_recon': 0.0, 'loss_recon_node': 0.0, 'loss_recon_edge': 0.0, 'loss_recon_tuple': 0.0, 'loss_recon_nodepe': 0.0, 'loss_recon_edgepe': 0.0}
test: {'epoch': 290, 'time_epoch': 0.50233, 'loss': 0.36080917, 'lr': 0, 'params': 553882, 'time_iter': 0.0314, 'mae': 0.36081, 'r2': 0.82451, 'spearmanr': 0.95934, 'mse': 0.71393, 'rmse': 0.84494, 'loss_recon': 0.0, 'loss_recon_node': 0.0, 'loss_recon_edge': 0.0, 'loss_recon_tuple': 0.0, 'loss_recon_nodepe': 0.0, 'loss_recon_edgepe': 0.0}
> Epoch 290: took 14.2s (avg 14.3s) | Best so far: epoch 288	train_loss: 0.1910 train_mae: 0.1910	val_loss: 0.2805 val_mae: 0.2805	test_loss: 0.2958 test_mae: 0.2958
train: {'epoch': 291, 'time_epoch': 13.18499, 'eta': 1435.77247, 'eta_hours': 0.39883, 'loss': 0.17852535, 'lr': 0.00018067, 'params': 553882, 'time_iter': 0.08398, 'mae': 0.17853, 'r2': 0.86984, 'spearmanr': 0.98404, 'mse': 0.52628, 'rmse': 0.72545}
val: {'epoch': 291, 'time_epoch': 0.5015, 'loss': 0.28445391, 'lr': 0, 'params': 553882, 'time_iter': 0.03134, 'mae': 0.28445, 'r2': 0.76873, 'spearmanr': 0.97079, 'mse': 0.91092, 'rmse': 0.95442, 'loss_recon': 0.0, 'loss_recon_node': 0.0, 'loss_recon_edge': 0.0, 'loss_recon_tuple': 0.0, 'loss_recon_nodepe': 0.0, 'loss_recon_edgepe': 0.0}
test: {'epoch': 291, 'time_epoch': 0.5019, 'loss': 0.29715716, 'lr': 0, 'params': 553882, 'time_iter': 0.03137, 'mae': 0.29716, 'r2': 0.83259, 'spearmanr': 0.9602, 'mse': 0.68106, 'rmse': 0.82527, 'loss_recon': 0.0, 'loss_recon_node': 0.0, 'loss_recon_edge': 0.0, 'loss_recon_tuple': 0.0, 'loss_recon_nodepe': 0.0, 'loss_recon_edgepe': 0.0}
> Epoch 291: took 14.2s (avg 14.3s) | Best so far: epoch 288	train_loss: 0.1910 train_mae: 0.1910	val_loss: 0.2805 val_mae: 0.2805	test_loss: 0.2958 test_mae: 0.2958
train: {'epoch': 292, 'time_epoch': 13.19083, 'eta': 1422.44054, 'eta_hours': 0.39512, 'loss': 0.18952963, 'lr': 0.00017758, 'params': 553882, 'time_iter': 0.08402, 'mae': 0.18953, 'r2': 0.87254, 'spearmanr': 0.98359, 'mse': 0.51537, 'rmse': 0.71789}
val: {'epoch': 292, 'time_epoch': 0.50212, 'loss': 0.30154364, 'lr': 0, 'params': 553882, 'time_iter': 0.03138, 'mae': 0.30154, 'r2': 0.76184, 'spearmanr': 0.96997, 'mse': 0.93805, 'rmse': 0.96853, 'loss_recon': 0.0, 'loss_recon_node': 0.0, 'loss_recon_edge': 0.0, 'loss_recon_tuple': 0.0, 'loss_recon_nodepe': 0.0, 'loss_recon_edgepe': 0.0}
test: {'epoch': 292, 'time_epoch': 0.50238, 'loss': 0.32182339, 'lr': 0, 'params': 553882, 'time_iter': 0.0314, 'mae': 0.32182, 'r2': 0.81961, 'spearmanr': 0.95777, 'mse': 0.73389, 'rmse': 0.85667, 'loss_recon': 0.0, 'loss_recon_node': 0.0, 'loss_recon_edge': 0.0, 'loss_recon_tuple': 0.0, 'loss_recon_nodepe': 0.0, 'loss_recon_edgepe': 0.0}
> Epoch 292: took 14.2s (avg 14.3s) | Best so far: epoch 288	train_loss: 0.1910 train_mae: 0.1910	val_loss: 0.2805 val_mae: 0.2805	test_loss: 0.2958 test_mae: 0.2958
train: {'epoch': 293, 'time_epoch': 13.19003, 'eta': 1409.10927, 'eta_hours': 0.39142, 'loss': 0.17811176, 'lr': 0.00017451, 'params': 553882, 'time_iter': 0.08401, 'mae': 0.17811, 'r2': 0.86391, 'spearmanr': 0.98403, 'mse': 0.55025, 'rmse': 0.74179}
val: {'epoch': 293, 'time_epoch': 0.50268, 'loss': 0.30108755, 'lr': 0, 'params': 553882, 'time_iter': 0.03142, 'mae': 0.30109, 'r2': 0.77285, 'spearmanr': 0.97026, 'mse': 0.89468, 'rmse': 0.94588, 'loss_recon': 0.0, 'loss_recon_node': 0.0, 'loss_recon_edge': 0.0, 'loss_recon_tuple': 0.0, 'loss_recon_nodepe': 0.0, 'loss_recon_edgepe': 0.0}
test: {'epoch': 293, 'time_epoch': 0.50259, 'loss': 0.33226129, 'lr': 0, 'params': 553882, 'time_iter': 0.03141, 'mae': 0.33226, 'r2': 0.83348, 'spearmanr': 0.95844, 'mse': 0.67746, 'rmse': 0.82308, 'loss_recon': 0.0, 'loss_recon_node': 0.0, 'loss_recon_edge': 0.0, 'loss_recon_tuple': 0.0, 'loss_recon_nodepe': 0.0, 'loss_recon_edgepe': 0.0}
> Epoch 293: took 14.2s (avg 14.3s) | Best so far: epoch 288	train_loss: 0.1910 train_mae: 0.1910	val_loss: 0.2805 val_mae: 0.2805	test_loss: 0.2958 test_mae: 0.2958
train: {'epoch': 294, 'time_epoch': 13.19345, 'eta': 1395.78019, 'eta_hours': 0.38772, 'loss': 0.18534289, 'lr': 0.00017146, 'params': 553882, 'time_iter': 0.08403, 'mae': 0.18534, 'r2': 0.90744, 'spearmanr': 0.98376, 'mse': 0.37427, 'rmse': 0.61178}
val: {'epoch': 294, 'time_epoch': 0.50186, 'loss': 0.27453193, 'lr': 0, 'params': 553882, 'time_iter': 0.03137, 'mae': 0.27453, 'r2': 0.77208, 'spearmanr': 0.97099, 'mse': 0.89774, 'rmse': 0.94749, 'loss_recon': 0.0, 'loss_recon_node': 0.0, 'loss_recon_edge': 0.0, 'loss_recon_tuple': 0.0, 'loss_recon_nodepe': 0.0, 'loss_recon_edgepe': 0.0}
test: {'epoch': 294, 'time_epoch': 0.5008, 'loss': 0.29611267, 'lr': 0, 'params': 553882, 'time_iter': 0.0313, 'mae': 0.29611, 'r2': 0.83613, 'spearmanr': 0.96006, 'mse': 0.66668, 'rmse': 0.8165, 'loss_recon': 0.0, 'loss_recon_node': 0.0, 'loss_recon_edge': 0.0, 'loss_recon_tuple': 0.0, 'loss_recon_nodepe': 0.0, 'loss_recon_edgepe': 0.0}
> Epoch 294: took 14.2s (avg 14.3s) | Best so far: epoch 294	train_loss: 0.1853 train_mae: 0.1853	val_loss: 0.2745 val_mae: 0.2745	test_loss: 0.2961 test_mae: 0.2961
train: {'epoch': 295, 'time_epoch': 13.18548, 'eta': 1382.44921, 'eta_hours': 0.38401, 'loss': 0.17346859, 'lr': 0.00016844, 'params': 553882, 'time_iter': 0.08398, 'mae': 0.17347, 'r2': 0.87684, 'spearmanr': 0.98459, 'mse': 0.49798, 'rmse': 0.70568}
val: {'epoch': 295, 'time_epoch': 0.50148, 'loss': 0.30854097, 'lr': 0, 'params': 553882, 'time_iter': 0.03134, 'mae': 0.30854, 'r2': 0.77387, 'spearmanr': 0.97089, 'mse': 0.89067, 'rmse': 0.94375, 'loss_recon': 0.0, 'loss_recon_node': 0.0, 'loss_recon_edge': 0.0, 'loss_recon_tuple': 0.0, 'loss_recon_nodepe': 0.0, 'loss_recon_edgepe': 0.0}
test: {'epoch': 295, 'time_epoch': 0.50153, 'loss': 0.33592124, 'lr': 0, 'params': 553882, 'time_iter': 0.03135, 'mae': 0.33592, 'r2': 0.83712, 'spearmanr': 0.95862, 'mse': 0.66265, 'rmse': 0.81403, 'loss_recon': 0.0, 'loss_recon_node': 0.0, 'loss_recon_edge': 0.0, 'loss_recon_tuple': 0.0, 'loss_recon_nodepe': 0.0, 'loss_recon_edgepe': 0.0}
> Epoch 295: took 14.2s (avg 14.3s) | Best so far: epoch 294	train_loss: 0.1853 train_mae: 0.1853	val_loss: 0.2745 val_mae: 0.2745	test_loss: 0.2961 test_mae: 0.2961
train: {'epoch': 296, 'time_epoch': 13.18735, 'eta': 1369.11987, 'eta_hours': 0.38031, 'loss': 0.18191861, 'lr': 0.00016543, 'params': 553882, 'time_iter': 0.084, 'mae': 0.18192, 'r2': 0.9092, 'spearmanr': 0.98272, 'mse': 0.36714, 'rmse': 0.60592}
val: {'epoch': 296, 'time_epoch': 0.50106, 'loss': 0.27692922, 'lr': 0, 'params': 553882, 'time_iter': 0.03132, 'mae': 0.27693, 'r2': 0.77082, 'spearmanr': 0.97195, 'mse': 0.90267, 'rmse': 0.95009, 'loss_recon': 0.0, 'loss_recon_node': 0.0, 'loss_recon_edge': 0.0, 'loss_recon_tuple': 0.0, 'loss_recon_nodepe': 0.0, 'loss_recon_edgepe': 0.0}
test: {'epoch': 296, 'time_epoch': 0.50292, 'loss': 0.29476496, 'lr': 0, 'params': 553882, 'time_iter': 0.03143, 'mae': 0.29476, 'r2': 0.83395, 'spearmanr': 0.96046, 'mse': 0.67554, 'rmse': 0.82191, 'loss_recon': 0.0, 'loss_recon_node': 0.0, 'loss_recon_edge': 0.0, 'loss_recon_tuple': 0.0, 'loss_recon_nodepe': 0.0, 'loss_recon_edgepe': 0.0}
> Epoch 296: took 14.2s (avg 14.3s) | Best so far: epoch 294	train_loss: 0.1853 train_mae: 0.1853	val_loss: 0.2745 val_mae: 0.2745	test_loss: 0.2961 test_mae: 0.2961
tensor([ 1,  5,  2,  5,  1,  6,  1,  1,  1,  1,  1,  1, 12,  1,  1,  1,  1,  1,
        22,  2], device='cuda:0')
tensor([[-0.4145,  0.3040,  0.0849, -0.2436],
        [-0.7897,  0.5482,  0.0680, -0.3833],
        [-0.7541,  0.5249,  0.0694, -0.3702],
        [-0.5992,  0.4243,  0.0766, -0.3123],
        [-0.9928,  0.6803,  0.0587, -0.4591],
        [-0.9937,  0.6811,  0.0588, -0.4593],
        [-1.4411,  0.9724,  0.0386, -0.6260],
        [-1.4433,  0.9739,  0.0385, -0.6267],
        [-1.4684,  0.9903,  0.0375, -0.6360],
        [-1.4751,  0.9947,  0.0372, -0.6384],
        [-1.4334,  0.9673,  0.0389, -0.6231],
        [-0.1637,  0.1921,  0.1349, -0.1090],
        [-0.1637,  0.1921,  0.1349, -0.1090],
        [-1.0684,  0.7297,  0.0554, -0.4872],
        [-0.3177,  0.2564,  0.1008, -0.1952],
        [-0.3697,  0.2780,  0.0894, -0.2243],
        [-0.6786,  0.4758,  0.0729, -0.3420],
        [-1.4519,  0.9796,  0.0382, -0.6299],
        [-1.9003, 15.2397, 11.3889, -9.7066],
        [-1.4759,  0.9952,  0.0371, -0.6388]], device='cuda:0',
       grad_fn=<SliceBackward0>)
tensor([8, 1, 0, 0, 0, 0, 0, 0, 0, 0, 0, 0, 0, 0, 0, 0, 0, 0, 5, 1],
       device='cuda:0')
tensor([[-0.4552, -0.1745, -0.2427, -0.0189],
        [ 0.2247, -0.0313, -0.0291,  0.0720],
        [ 0.2271, -0.0283, -0.0352,  0.0775],
        [ 0.0807,  0.0882, -0.0994,  0.0119],
        [ 0.2271, -0.0283, -0.0352,  0.0775],
        [ 0.2271, -0.0283, -0.0352,  0.0775],
        [ 0.2214, -0.0331, -0.0364,  0.0778],
        [ 0.2271, -0.0283, -0.0352,  0.0775],
        [ 0.2271, -0.0283, -0.0352,  0.0775],
        [ 0.2271, -0.0283, -0.0352,  0.0775],
        [ 0.2271, -0.0283, -0.0352,  0.0775],
        [ 0.2271, -0.0283, -0.0352,  0.0775],
        [ 0.1719, -0.0359, -0.0529,  0.0681],
        [ 0.2203, -0.0367, -0.0182,  0.0623],
        [ 0.2271, -0.0283, -0.0352,  0.0775],
        [ 0.2271, -0.0283, -0.0352,  0.0775],
        [ 0.2271, -0.0283, -0.0352,  0.0775],
        [ 0.2271, -0.0283, -0.0352,  0.0775],
        [-1.8109, -0.3083, -0.7005, -0.2834],
        [ 0.2271, -0.0283, -0.0352,  0.0775]], device='cuda:0',
       grad_fn=<SliceBackward0>)
train: {'epoch': 297, 'time_epoch': 13.20082, 'eta': 1355.79609, 'eta_hours': 0.37661, 'loss': 0.17691703, 'lr': 0.00016245, 'params': 553882, 'time_iter': 0.08408, 'mae': 0.17692, 'r2': 0.91851, 'spearmanr': 0.98303, 'mse': 0.3295, 'rmse': 0.57402}
val: {'epoch': 297, 'time_epoch': 0.50281, 'loss': 0.27578403, 'lr': 0, 'params': 553882, 'time_iter': 0.03143, 'mae': 0.27578, 'r2': 0.77333, 'spearmanr': 0.9716, 'mse': 0.89278, 'rmse': 0.94487, 'loss_recon': 0.0, 'loss_recon_node': 0.0, 'loss_recon_edge': 0.0, 'loss_recon_tuple': 0.0, 'loss_recon_nodepe': 0.0, 'loss_recon_edgepe': 0.0}
test: {'epoch': 297, 'time_epoch': 0.50142, 'loss': 0.29234464, 'lr': 0, 'params': 553882, 'time_iter': 0.03134, 'mae': 0.29234, 'r2': 0.83703, 'spearmanr': 0.96032, 'mse': 0.663, 'rmse': 0.81425, 'loss_recon': 0.0, 'loss_recon_node': 0.0, 'loss_recon_edge': 0.0, 'loss_recon_tuple': 0.0, 'loss_recon_nodepe': 0.0, 'loss_recon_edgepe': 0.0}
> Epoch 297: took 14.2s (avg 14.3s) | Best so far: epoch 294	train_loss: 0.1853 train_mae: 0.1853	val_loss: 0.2745 val_mae: 0.2745	test_loss: 0.2961 test_mae: 0.2961
train: {'epoch': 298, 'time_epoch': 13.18346, 'eta': 1342.46726, 'eta_hours': 0.37291, 'loss': 0.18527652, 'lr': 0.00015949, 'params': 553882, 'time_iter': 0.08397, 'mae': 0.18528, 'r2': 0.90965, 'spearmanr': 0.98386, 'mse': 0.3653, 'rmse': 0.6044}
val: {'epoch': 298, 'time_epoch': 0.50109, 'loss': 0.2785547, 'lr': 0, 'params': 553882, 'time_iter': 0.03132, 'mae': 0.27855, 'r2': 0.77486, 'spearmanr': 0.97135, 'mse': 0.88678, 'rmse': 0.94169, 'loss_recon': 0.0, 'loss_recon_node': 0.0, 'loss_recon_edge': 0.0, 'loss_recon_tuple': 0.0, 'loss_recon_nodepe': 0.0, 'loss_recon_edgepe': 0.0}
test: {'epoch': 298, 'time_epoch': 0.501, 'loss': 0.29557207, 'lr': 0, 'params': 553882, 'time_iter': 0.03131, 'mae': 0.29557, 'r2': 0.83965, 'spearmanr': 0.96077, 'mse': 0.65236, 'rmse': 0.80769, 'loss_recon': 0.0, 'loss_recon_node': 0.0, 'loss_recon_edge': 0.0, 'loss_recon_tuple': 0.0, 'loss_recon_nodepe': 0.0, 'loss_recon_edgepe': 0.0}
> Epoch 298: took 14.2s (avg 14.3s) | Best so far: epoch 294	train_loss: 0.1853 train_mae: 0.1853	val_loss: 0.2745 val_mae: 0.2745	test_loss: 0.2961 test_mae: 0.2961
train: {'epoch': 299, 'time_epoch': 13.18293, 'eta': 1329.13923, 'eta_hours': 0.36921, 'loss': 0.18028948, 'lr': 0.00015655, 'params': 553882, 'time_iter': 0.08397, 'mae': 0.18029, 'r2': 0.90577, 'spearmanr': 0.98263, 'mse': 0.38102, 'rmse': 0.61727}
val: {'epoch': 299, 'time_epoch': 0.50074, 'loss': 0.27698378, 'lr': 0, 'params': 553882, 'time_iter': 0.0313, 'mae': 0.27698, 'r2': 0.77298, 'spearmanr': 0.97176, 'mse': 0.89418, 'rmse': 0.94561, 'loss_recon': 0.0, 'loss_recon_node': 0.0, 'loss_recon_edge': 0.0, 'loss_recon_tuple': 0.0, 'loss_recon_nodepe': 0.0, 'loss_recon_edgepe': 0.0}
test: {'epoch': 299, 'time_epoch': 0.50181, 'loss': 0.29624126, 'lr': 0, 'params': 553882, 'time_iter': 0.03136, 'mae': 0.29624, 'r2': 0.83904, 'spearmanr': 0.96148, 'mse': 0.65485, 'rmse': 0.80923, 'loss_recon': 0.0, 'loss_recon_node': 0.0, 'loss_recon_edge': 0.0, 'loss_recon_tuple': 0.0, 'loss_recon_nodepe': 0.0, 'loss_recon_edgepe': 0.0}
> Epoch 299: took 14.2s (avg 14.3s) | Best so far: epoch 294	train_loss: 0.1853 train_mae: 0.1853	val_loss: 0.2745 val_mae: 0.2745	test_loss: 0.2961 test_mae: 0.2961
train: {'epoch': 300, 'time_epoch': 13.18256, 'eta': 1315.81205, 'eta_hours': 0.3655, 'loss': 0.17810168, 'lr': 0.00015364, 'params': 553882, 'time_iter': 0.08397, 'mae': 0.1781, 'r2': 0.8731, 'spearmanr': 0.98469, 'mse': 0.51312, 'rmse': 0.71632}
val: {'epoch': 300, 'time_epoch': 0.50189, 'loss': 0.27321407, 'lr': 0, 'params': 553882, 'time_iter': 0.03137, 'mae': 0.27321, 'r2': 0.77683, 'spearmanr': 0.97279, 'mse': 0.87902, 'rmse': 0.93756, 'loss_recon': 0.0, 'loss_recon_node': 0.0, 'loss_recon_edge': 0.0, 'loss_recon_tuple': 0.0, 'loss_recon_nodepe': 0.0, 'loss_recon_edgepe': 0.0}
test: {'epoch': 300, 'time_epoch': 0.50109, 'loss': 0.28700195, 'lr': 0, 'params': 553882, 'time_iter': 0.03132, 'mae': 0.287, 'r2': 0.84555, 'spearmanr': 0.96197, 'mse': 0.62833, 'rmse': 0.79267, 'loss_recon': 0.0, 'loss_recon_node': 0.0, 'loss_recon_edge': 0.0, 'loss_recon_tuple': 0.0, 'loss_recon_nodepe': 0.0, 'loss_recon_edgepe': 0.0}
> Epoch 300: took 14.2s (avg 14.3s) | Best so far: epoch 300	train_loss: 0.1781 train_mae: 0.1781	val_loss: 0.2732 val_mae: 0.2732	test_loss: 0.2870 test_mae: 0.2870
train: {'epoch': 301, 'time_epoch': 13.18729, 'eta': 1302.48735, 'eta_hours': 0.3618, 'loss': 0.17771904, 'lr': 0.00015074, 'params': 553882, 'time_iter': 0.084, 'mae': 0.17772, 'r2': 0.87573, 'spearmanr': 0.98431, 'mse': 0.50247, 'rmse': 0.70885}
val: {'epoch': 301, 'time_epoch': 0.50154, 'loss': 0.28598125, 'lr': 0, 'params': 553882, 'time_iter': 0.03135, 'mae': 0.28598, 'r2': 0.76611, 'spearmanr': 0.9704, 'mse': 0.92124, 'rmse': 0.95981, 'loss_recon': 0.0, 'loss_recon_node': 0.0, 'loss_recon_edge': 0.0, 'loss_recon_tuple': 0.0, 'loss_recon_nodepe': 0.0, 'loss_recon_edgepe': 0.0}
test: {'epoch': 301, 'time_epoch': 0.50307, 'loss': 0.30338352, 'lr': 0, 'params': 553882, 'time_iter': 0.03144, 'mae': 0.30338, 'r2': 0.82934, 'spearmanr': 0.95902, 'mse': 0.69429, 'rmse': 0.83324, 'loss_recon': 0.0, 'loss_recon_node': 0.0, 'loss_recon_edge': 0.0, 'loss_recon_tuple': 0.0, 'loss_recon_nodepe': 0.0, 'loss_recon_edgepe': 0.0}
> Epoch 301: took 14.2s (avg 14.3s) | Best so far: epoch 300	train_loss: 0.1781 train_mae: 0.1781	val_loss: 0.2732 val_mae: 0.2732	test_loss: 0.2870 test_mae: 0.2870
train: {'epoch': 302, 'time_epoch': 13.19484, 'eta': 1289.16598, 'eta_hours': 0.3581, 'loss': 0.18186854, 'lr': 0.00014787, 'params': 553882, 'time_iter': 0.08404, 'mae': 0.18187, 'r2': 0.8828, 'spearmanr': 0.98399, 'mse': 0.47391, 'rmse': 0.68841}
val: {'epoch': 302, 'time_epoch': 0.5026, 'loss': 0.27757579, 'lr': 0, 'params': 553882, 'time_iter': 0.03141, 'mae': 0.27758, 'r2': 0.77972, 'spearmanr': 0.97296, 'mse': 0.86761, 'rmse': 0.93146, 'loss_recon': 0.0, 'loss_recon_node': 0.0, 'loss_recon_edge': 0.0, 'loss_recon_tuple': 0.0, 'loss_recon_nodepe': 0.0, 'loss_recon_edgepe': 0.0}
test: {'epoch': 302, 'time_epoch': 0.50203, 'loss': 0.29156616, 'lr': 0, 'params': 553882, 'time_iter': 0.03138, 'mae': 0.29157, 'r2': 0.84966, 'spearmanr': 0.96216, 'mse': 0.61162, 'rmse': 0.78206, 'loss_recon': 0.0, 'loss_recon_node': 0.0, 'loss_recon_edge': 0.0, 'loss_recon_tuple': 0.0, 'loss_recon_nodepe': 0.0, 'loss_recon_edgepe': 0.0}
> Epoch 302: took 14.2s (avg 14.3s) | Best so far: epoch 300	train_loss: 0.1781 train_mae: 0.1781	val_loss: 0.2732 val_mae: 0.2732	test_loss: 0.2870 test_mae: 0.2870
train: {'epoch': 303, 'time_epoch': 13.18383, 'eta': 1275.84197, 'eta_hours': 0.3544, 'loss': 0.17969974, 'lr': 0.00014503, 'params': 553882, 'time_iter': 0.08397, 'mae': 0.1797, 'r2': 0.87178, 'spearmanr': 0.98422, 'mse': 0.51845, 'rmse': 0.72004}
val: {'epoch': 303, 'time_epoch': 0.50074, 'loss': 0.27537534, 'lr': 0, 'params': 553882, 'time_iter': 0.0313, 'mae': 0.27538, 'r2': 0.77356, 'spearmanr': 0.97246, 'mse': 0.89191, 'rmse': 0.94441, 'loss_recon': 0.0, 'loss_recon_node': 0.0, 'loss_recon_edge': 0.0, 'loss_recon_tuple': 0.0, 'loss_recon_nodepe': 0.0, 'loss_recon_edgepe': 0.0}
test: {'epoch': 303, 'time_epoch': 0.5021, 'loss': 0.29133284, 'lr': 0, 'params': 553882, 'time_iter': 0.03138, 'mae': 0.29133, 'r2': 0.84082, 'spearmanr': 0.9617, 'mse': 0.6476, 'rmse': 0.80474, 'loss_recon': 0.0, 'loss_recon_node': 0.0, 'loss_recon_edge': 0.0, 'loss_recon_tuple': 0.0, 'loss_recon_nodepe': 0.0, 'loss_recon_edgepe': 0.0}
> Epoch 303: took 14.2s (avg 14.3s) | Best so far: epoch 300	train_loss: 0.1781 train_mae: 0.1781	val_loss: 0.2732 val_mae: 0.2732	test_loss: 0.2870 test_mae: 0.2870
train: {'epoch': 304, 'time_epoch': 13.18756, 'eta': 1262.52003, 'eta_hours': 0.3507, 'loss': 0.18032206, 'lr': 0.0001422, 'params': 553882, 'time_iter': 0.084, 'mae': 0.18032, 'r2': 0.88165, 'spearmanr': 0.98398, 'mse': 0.47853, 'rmse': 0.69176}
val: {'epoch': 304, 'time_epoch': 0.50149, 'loss': 0.27293844, 'lr': 0, 'params': 553882, 'time_iter': 0.03134, 'mae': 0.27294, 'r2': 0.77849, 'spearmanr': 0.97336, 'mse': 0.87248, 'rmse': 0.93406, 'loss_recon': 0.0, 'loss_recon_node': 0.0, 'loss_recon_edge': 0.0, 'loss_recon_tuple': 0.0, 'loss_recon_nodepe': 0.0, 'loss_recon_edgepe': 0.0}
test: {'epoch': 304, 'time_epoch': 0.50054, 'loss': 0.28608731, 'lr': 0, 'params': 553882, 'time_iter': 0.03128, 'mae': 0.28609, 'r2': 0.85217, 'spearmanr': 0.96356, 'mse': 0.60143, 'rmse': 0.77552, 'loss_recon': 0.0, 'loss_recon_node': 0.0, 'loss_recon_edge': 0.0, 'loss_recon_tuple': 0.0, 'loss_recon_nodepe': 0.0, 'loss_recon_edgepe': 0.0}
> Epoch 304: took 14.2s (avg 14.3s) | Best so far: epoch 304	train_loss: 0.1803 train_mae: 0.1803	val_loss: 0.2729 val_mae: 0.2729	test_loss: 0.2861 test_mae: 0.2861
train: {'epoch': 305, 'time_epoch': 13.19553, 'eta': 1249.20142, 'eta_hours': 0.347, 'loss': 0.17738988, 'lr': 0.0001394, 'params': 553882, 'time_iter': 0.08405, 'mae': 0.17739, 'r2': 0.87733, 'spearmanr': 0.98474, 'mse': 0.496, 'rmse': 0.70427}
val: {'epoch': 305, 'time_epoch': 0.50259, 'loss': 0.27856246, 'lr': 0, 'params': 553882, 'time_iter': 0.03141, 'mae': 0.27856, 'r2': 0.77831, 'spearmanr': 0.97353, 'mse': 0.8732, 'rmse': 0.93445, 'loss_recon': 0.0, 'loss_recon_node': 0.0, 'loss_recon_edge': 0.0, 'loss_recon_tuple': 0.0, 'loss_recon_nodepe': 0.0, 'loss_recon_edgepe': 0.0}
test: {'epoch': 305, 'time_epoch': 0.50261, 'loss': 0.29568532, 'lr': 0, 'params': 553882, 'time_iter': 0.03141, 'mae': 0.29569, 'r2': 0.84827, 'spearmanr': 0.96318, 'mse': 0.6173, 'rmse': 0.78568, 'loss_recon': 0.0, 'loss_recon_node': 0.0, 'loss_recon_edge': 0.0, 'loss_recon_tuple': 0.0, 'loss_recon_nodepe': 0.0, 'loss_recon_edgepe': 0.0}
> Epoch 305: took 14.2s (avg 14.3s) | Best so far: epoch 304	train_loss: 0.1803 train_mae: 0.1803	val_loss: 0.2729 val_mae: 0.2729	test_loss: 0.2861 test_mae: 0.2861
tensor([ 2,  1,  8,  1,  3,  1,  1,  1,  1,  1,  1,  1,  2,  1,  1, 22,  1,  2,
         1,  1], device='cuda:0')
tensor([[-1.6355,  1.0957,  0.0284, -0.7028],
        [-0.1636,  0.1922,  0.1352, -0.1093],
        [-0.1636,  0.1922,  0.1352, -0.1093],
        [-0.1636,  0.1922,  0.1352, -0.1093],
        [-0.3639,  0.2759,  0.0911, -0.2216],
        [-1.5789,  1.0586,  0.0308, -0.6819],
        [-1.5805,  1.0597,  0.0307, -0.6825],
        [-1.6047,  1.0756,  0.0297, -0.6914],
        [-1.5880,  1.0646,  0.0304, -0.6852],
        [-1.6256,  1.0893,  0.0289, -0.6991],
        [-1.6138,  1.0815,  0.0293, -0.6948],
        [-1.5324,  1.0281,  0.0327, -0.6647],
        [-0.7936,  0.5481,  0.0663, -0.3881],
        [-1.6195,  1.0852,  0.0291, -0.6969],
        [-1.6183,  1.0845,  0.0292, -0.6965],
        [-1.5656, 12.7597,  9.5463, -8.1417],
        [-1.0493,  0.7141,  0.0546, -0.4839],
        [-0.3659,  0.2767,  0.0907, -0.2227],
        [-1.5925,  1.0676,  0.0302, -0.6869],
        [-1.6097,  1.0789,  0.0296, -0.6932]], device='cuda:0',
       grad_fn=<SliceBackward0>)
tensor([8, 2, 0, 0, 0, 0, 0, 0, 0, 0, 0, 0, 0, 0, 0, 5, 2, 8, 1, 1],
       device='cuda:0')
tensor([[ 0.2269, -0.0284, -0.0351,  0.0774],
        [ 0.2269, -0.0284, -0.0351,  0.0774],
        [ 0.1129,  0.0473, -0.0885,  0.0257],
        [ 0.2269, -0.0284, -0.0351,  0.0774],
        [ 0.2083, -0.0512,  0.0114,  0.0360],
        [ 0.2269, -0.0284, -0.0351,  0.0774],
        [ 0.2269, -0.0284, -0.0351,  0.0774],
        [ 0.2257, -0.0274, -0.0356,  0.0769],
        [ 0.2269, -0.0284, -0.0351,  0.0774],
        [ 0.2269, -0.0284, -0.0351,  0.0774],
        [ 0.2269, -0.0284, -0.0351,  0.0774],
        [ 0.2269, -0.0284, -0.0351,  0.0774],
        [ 0.2269, -0.0284, -0.0351,  0.0774],
        [ 0.2269, -0.0284, -0.0351,  0.0774],
        [ 0.2172, -0.0271, -0.0385,  0.0751],
        [-0.0086, -0.3196,  0.5507, -0.4463],
        [ 0.2269, -0.0284, -0.0351,  0.0774],
        [ 0.1165, -0.1209, -0.0587,  0.0839],
        [ 0.2193, -0.0370, -0.0207,  0.0644],
        [ 0.2269, -0.0284, -0.0351,  0.0774]], device='cuda:0',
       grad_fn=<SliceBackward0>)
train: {'epoch': 306, 'time_epoch': 13.19549, 'eta': 1235.8836, 'eta_hours': 0.3433, 'loss': 0.17609839, 'lr': 0.00013662, 'params': 553882, 'time_iter': 0.08405, 'mae': 0.1761, 'r2': 0.86803, 'spearmanr': 0.98522, 'mse': 0.53359, 'rmse': 0.73047}
val: {'epoch': 306, 'time_epoch': 0.50133, 'loss': 0.28572786, 'lr': 0, 'params': 553882, 'time_iter': 0.03133, 'mae': 0.28573, 'r2': 0.76793, 'spearmanr': 0.97352, 'mse': 0.91405, 'rmse': 0.95606, 'loss_recon': 0.0, 'loss_recon_node': 0.0, 'loss_recon_edge': 0.0, 'loss_recon_tuple': 0.0, 'loss_recon_nodepe': 0.0, 'loss_recon_edgepe': 0.0}
test: {'epoch': 306, 'time_epoch': 0.50218, 'loss': 0.29836362, 'lr': 0, 'params': 553882, 'time_iter': 0.03139, 'mae': 0.29836, 'r2': 0.83689, 'spearmanr': 0.96289, 'mse': 0.66358, 'rmse': 0.8146, 'loss_recon': 0.0, 'loss_recon_node': 0.0, 'loss_recon_edge': 0.0, 'loss_recon_tuple': 0.0, 'loss_recon_nodepe': 0.0, 'loss_recon_edgepe': 0.0}
> Epoch 306: took 14.2s (avg 14.3s) | Best so far: epoch 304	train_loss: 0.1803 train_mae: 0.1803	val_loss: 0.2729 val_mae: 0.2729	test_loss: 0.2861 test_mae: 0.2861
train: {'epoch': 307, 'time_epoch': 13.19159, 'eta': 1222.56541, 'eta_hours': 0.3396, 'loss': 0.17526097, 'lr': 0.00013387, 'params': 553882, 'time_iter': 0.08402, 'mae': 0.17526, 'r2': 0.88204, 'spearmanr': 0.98425, 'mse': 0.47696, 'rmse': 0.69062}
val: {'epoch': 307, 'time_epoch': 0.50193, 'loss': 0.26986015, 'lr': 0, 'params': 553882, 'time_iter': 0.03137, 'mae': 0.26986, 'r2': 0.7808, 'spearmanr': 0.97398, 'mse': 0.86336, 'rmse': 0.92917, 'loss_recon': 0.0, 'loss_recon_node': 0.0, 'loss_recon_edge': 0.0, 'loss_recon_tuple': 0.0, 'loss_recon_nodepe': 0.0, 'loss_recon_edgepe': 0.0}
test: {'epoch': 307, 'time_epoch': 0.50446, 'loss': 0.27971874, 'lr': 0, 'params': 553882, 'time_iter': 0.03153, 'mae': 0.27972, 'r2': 0.85499, 'spearmanr': 0.96433, 'mse': 0.58995, 'rmse': 0.76808, 'loss_recon': 0.0, 'loss_recon_node': 0.0, 'loss_recon_edge': 0.0, 'loss_recon_tuple': 0.0, 'loss_recon_nodepe': 0.0, 'loss_recon_edgepe': 0.0}
> Epoch 307: took 14.2s (avg 14.3s) | Best so far: epoch 307	train_loss: 0.1753 train_mae: 0.1753	val_loss: 0.2699 val_mae: 0.2699	test_loss: 0.2797 test_mae: 0.2797
train: {'epoch': 308, 'time_epoch': 13.18908, 'eta': 1209.24731, 'eta_hours': 0.3359, 'loss': 0.17123456, 'lr': 0.00013113, 'params': 553882, 'time_iter': 0.08401, 'mae': 0.17123, 'r2': 0.88367, 'spearmanr': 0.98726, 'mse': 0.47039, 'rmse': 0.68585}
val: {'epoch': 308, 'time_epoch': 0.50131, 'loss': 0.29033, 'lr': 0, 'params': 553882, 'time_iter': 0.03133, 'mae': 0.29033, 'r2': 0.78195, 'spearmanr': 0.97403, 'mse': 0.85884, 'rmse': 0.92674, 'loss_recon': 0.0, 'loss_recon_node': 0.0, 'loss_recon_edge': 0.0, 'loss_recon_tuple': 0.0, 'loss_recon_nodepe': 0.0, 'loss_recon_edgepe': 0.0}
test: {'epoch': 308, 'time_epoch': 0.50172, 'loss': 0.30853757, 'lr': 0, 'params': 553882, 'time_iter': 0.03136, 'mae': 0.30854, 'r2': 0.85403, 'spearmanr': 0.96334, 'mse': 0.59386, 'rmse': 0.77062, 'loss_recon': 0.0, 'loss_recon_node': 0.0, 'loss_recon_edge': 0.0, 'loss_recon_tuple': 0.0, 'loss_recon_nodepe': 0.0, 'loss_recon_edgepe': 0.0}
> Epoch 308: took 14.2s (avg 14.3s) | Best so far: epoch 307	train_loss: 0.1753 train_mae: 0.1753	val_loss: 0.2699 val_mae: 0.2699	test_loss: 0.2797 test_mae: 0.2797
train: {'epoch': 309, 'time_epoch': 13.18222, 'eta': 1195.92804, 'eta_hours': 0.3322, 'loss': 0.17785425, 'lr': 0.00012843, 'params': 553882, 'time_iter': 0.08396, 'mae': 0.17785, 'r2': 0.86724, 'spearmanr': 0.9849, 'mse': 0.53682, 'rmse': 0.73268}
val: {'epoch': 309, 'time_epoch': 0.50078, 'loss': 0.28098094, 'lr': 0, 'params': 553882, 'time_iter': 0.0313, 'mae': 0.28098, 'r2': 0.78325, 'spearmanr': 0.97466, 'mse': 0.85374, 'rmse': 0.92398, 'loss_recon': 0.0, 'loss_recon_node': 0.0, 'loss_recon_edge': 0.0, 'loss_recon_tuple': 0.0, 'loss_recon_nodepe': 0.0, 'loss_recon_edgepe': 0.0}
test: {'epoch': 309, 'time_epoch': 0.50149, 'loss': 0.29449233, 'lr': 0, 'params': 553882, 'time_iter': 0.03134, 'mae': 0.29449, 'r2': 0.85666, 'spearmanr': 0.96447, 'mse': 0.58315, 'rmse': 0.76364, 'loss_recon': 0.0, 'loss_recon_node': 0.0, 'loss_recon_edge': 0.0, 'loss_recon_tuple': 0.0, 'loss_recon_nodepe': 0.0, 'loss_recon_edgepe': 0.0}
> Epoch 309: took 14.2s (avg 14.3s) | Best so far: epoch 307	train_loss: 0.1753 train_mae: 0.1753	val_loss: 0.2699 val_mae: 0.2699	test_loss: 0.2797 test_mae: 0.2797
train: {'epoch': 310, 'time_epoch': 13.19083, 'eta': 1182.61212, 'eta_hours': 0.3285, 'loss': 0.16276027, 'lr': 0.00012574, 'params': 553882, 'time_iter': 0.08402, 'mae': 0.16276, 'r2': 0.90661, 'spearmanr': 0.98725, 'mse': 0.37762, 'rmse': 0.61451}
val: {'epoch': 310, 'time_epoch': 0.50169, 'loss': 0.27655576, 'lr': 0, 'params': 553882, 'time_iter': 0.03136, 'mae': 0.27656, 'r2': 0.78176, 'spearmanr': 0.97496, 'mse': 0.85961, 'rmse': 0.92715, 'loss_recon': 0.0, 'loss_recon_node': 0.0, 'loss_recon_edge': 0.0, 'loss_recon_tuple': 0.0, 'loss_recon_nodepe': 0.0, 'loss_recon_edgepe': 0.0}
test: {'epoch': 310, 'time_epoch': 0.50155, 'loss': 0.29530205, 'lr': 0, 'params': 553882, 'time_iter': 0.03135, 'mae': 0.2953, 'r2': 0.85269, 'spearmanr': 0.96396, 'mse': 0.59929, 'rmse': 0.77414, 'loss_recon': 0.0, 'loss_recon_node': 0.0, 'loss_recon_edge': 0.0, 'loss_recon_tuple': 0.0, 'loss_recon_nodepe': 0.0, 'loss_recon_edgepe': 0.0}
> Epoch 310: took 14.2s (avg 14.3s) | Best so far: epoch 307	train_loss: 0.1753 train_mae: 0.1753	val_loss: 0.2699 val_mae: 0.2699	test_loss: 0.2797 test_mae: 0.2797
train: {'epoch': 311, 'time_epoch': 13.1855, 'eta': 1169.29549, 'eta_hours': 0.3248, 'loss': 0.16889787, 'lr': 0.00012309, 'params': 553882, 'time_iter': 0.08398, 'mae': 0.1689, 'r2': 0.93166, 'spearmanr': 0.98638, 'mse': 0.27635, 'rmse': 0.52569}
val: {'epoch': 311, 'time_epoch': 0.50199, 'loss': 0.27063372, 'lr': 0, 'params': 553882, 'time_iter': 0.03137, 'mae': 0.27063, 'r2': 0.78283, 'spearmanr': 0.97537, 'mse': 0.85537, 'rmse': 0.92486, 'loss_recon': 0.0, 'loss_recon_node': 0.0, 'loss_recon_edge': 0.0, 'loss_recon_tuple': 0.0, 'loss_recon_nodepe': 0.0, 'loss_recon_edgepe': 0.0}
test: {'epoch': 311, 'time_epoch': 0.50147, 'loss': 0.28951418, 'lr': 0, 'params': 553882, 'time_iter': 0.03134, 'mae': 0.28951, 'r2': 0.85525, 'spearmanr': 0.96467, 'mse': 0.58891, 'rmse': 0.7674, 'loss_recon': 0.0, 'loss_recon_node': 0.0, 'loss_recon_edge': 0.0, 'loss_recon_tuple': 0.0, 'loss_recon_nodepe': 0.0, 'loss_recon_edgepe': 0.0}
> Epoch 311: took 14.2s (avg 14.3s) | Best so far: epoch 307	train_loss: 0.1753 train_mae: 0.1753	val_loss: 0.2699 val_mae: 0.2699	test_loss: 0.2797 test_mae: 0.2797
train: {'epoch': 312, 'time_epoch': 13.18789, 'eta': 1155.98037, 'eta_hours': 0.32111, 'loss': 0.1731549, 'lr': 0.00012045, 'params': 553882, 'time_iter': 0.084, 'mae': 0.17315, 'r2': 0.87418, 'spearmanr': 0.98518, 'mse': 0.50873, 'rmse': 0.71325}
val: {'epoch': 312, 'time_epoch': 0.50213, 'loss': 0.27032898, 'lr': 0, 'params': 553882, 'time_iter': 0.03138, 'mae': 0.27033, 'r2': 0.7826, 'spearmanr': 0.97474, 'mse': 0.85628, 'rmse': 0.92535, 'loss_recon': 0.0, 'loss_recon_node': 0.0, 'loss_recon_edge': 0.0, 'loss_recon_tuple': 0.0, 'loss_recon_nodepe': 0.0, 'loss_recon_edgepe': 0.0}
test: {'epoch': 312, 'time_epoch': 0.50264, 'loss': 0.29036113, 'lr': 0, 'params': 553882, 'time_iter': 0.03141, 'mae': 0.29036, 'r2': 0.85358, 'spearmanr': 0.96325, 'mse': 0.59569, 'rmse': 0.77181, 'loss_recon': 0.0, 'loss_recon_node': 0.0, 'loss_recon_edge': 0.0, 'loss_recon_tuple': 0.0, 'loss_recon_nodepe': 0.0, 'loss_recon_edgepe': 0.0}
> Epoch 312: took 14.2s (avg 14.3s) | Best so far: epoch 307	train_loss: 0.1753 train_mae: 0.1753	val_loss: 0.2699 val_mae: 0.2699	test_loss: 0.2797 test_mae: 0.2797
train: {'epoch': 313, 'time_epoch': 13.18538, 'eta': 1142.66537, 'eta_hours': 0.31741, 'loss': 0.16520579, 'lr': 0.00011784, 'params': 553882, 'time_iter': 0.08398, 'mae': 0.16521, 'r2': 0.87683, 'spearmanr': 0.98634, 'mse': 0.49802, 'rmse': 0.7057}
val: {'epoch': 313, 'time_epoch': 0.50255, 'loss': 0.2635184, 'lr': 0, 'params': 553882, 'time_iter': 0.03141, 'mae': 0.26352, 'r2': 0.7823, 'spearmanr': 0.97499, 'mse': 0.85747, 'rmse': 0.926, 'loss_recon': 0.0, 'loss_recon_node': 0.0, 'loss_recon_edge': 0.0, 'loss_recon_tuple': 0.0, 'loss_recon_nodepe': 0.0, 'loss_recon_edgepe': 0.0}
test: {'epoch': 313, 'time_epoch': 0.502, 'loss': 0.28051248, 'lr': 0, 'params': 553882, 'time_iter': 0.03138, 'mae': 0.28051, 'r2': 0.85605, 'spearmanr': 0.96445, 'mse': 0.58565, 'rmse': 0.76527, 'loss_recon': 0.0, 'loss_recon_node': 0.0, 'loss_recon_edge': 0.0, 'loss_recon_tuple': 0.0, 'loss_recon_nodepe': 0.0, 'loss_recon_edgepe': 0.0}
> Epoch 313: took 14.2s (avg 14.3s) | Best so far: epoch 313	train_loss: 0.1652 train_mae: 0.1652	val_loss: 0.2635 val_mae: 0.2635	test_loss: 0.2805 test_mae: 0.2805
train: {'epoch': 314, 'time_epoch': 13.1851, 'eta': 1129.35112, 'eta_hours': 0.31371, 'loss': 0.1653613, 'lr': 0.00011526, 'params': 553882, 'time_iter': 0.08398, 'mae': 0.16536, 'r2': 0.92518, 'spearmanr': 0.9869, 'mse': 0.30254, 'rmse': 0.55004}
val: {'epoch': 314, 'time_epoch': 0.50252, 'loss': 0.29078433, 'lr': 0, 'params': 553882, 'time_iter': 0.03141, 'mae': 0.29078, 'r2': 0.7683, 'spearmanr': 0.97182, 'mse': 0.91262, 'rmse': 0.95531, 'loss_recon': 0.0, 'loss_recon_node': 0.0, 'loss_recon_edge': 0.0, 'loss_recon_tuple': 0.0, 'loss_recon_nodepe': 0.0, 'loss_recon_edgepe': 0.0}
test: {'epoch': 314, 'time_epoch': 0.50172, 'loss': 0.3056574, 'lr': 0, 'params': 553882, 'time_iter': 0.03136, 'mae': 0.30566, 'r2': 0.83893, 'spearmanr': 0.96138, 'mse': 0.65527, 'rmse': 0.80949, 'loss_recon': 0.0, 'loss_recon_node': 0.0, 'loss_recon_edge': 0.0, 'loss_recon_tuple': 0.0, 'loss_recon_nodepe': 0.0, 'loss_recon_edgepe': 0.0}
> Epoch 314: took 14.2s (avg 14.3s) | Best so far: epoch 313	train_loss: 0.1652 train_mae: 0.1652	val_loss: 0.2635 val_mae: 0.2635	test_loss: 0.2805 test_mae: 0.2805
tensor([1, 1, 1, 3, 1, 2, 1, 1, 1, 1, 1, 3, 1, 2, 1, 2, 1, 1, 1, 1],
       device='cuda:0')
tensor([[-1.0210,  0.6968,  0.0574, -0.4719],
        [-0.7235,  0.5042,  0.0712, -0.3604],
        [-0.8863,  0.6096,  0.0637, -0.4214],
        [-0.9884,  0.6757,  0.0590, -0.4597],
        [-1.2844,  0.8675,  0.0453, -0.5707],
        [-1.5525,  1.0415,  0.0331, -0.6709],
        [-0.8962,  0.6160,  0.0632, -0.4251],
        [-1.5123,  1.0152,  0.0348, -0.6561],
        [-1.5617,  1.0477,  0.0328, -0.6743],
        [-1.5462,  1.0374,  0.0334, -0.6686],
        [-1.5511,  1.0407,  0.0332, -0.6704],
        [-1.3152,  0.8875,  0.0438, -0.5823],
        [-0.8415,  0.5805,  0.0658, -0.4046],
        [-1.5516,  1.0409,  0.0332, -0.6706],
        [-0.6717,  0.4705,  0.0736, -0.3410],
        [-0.7126,  0.4970,  0.0717, -0.3563],
        [-1.5511,  1.0407,  0.0332, -0.6704],
        [-1.5536,  1.0423,  0.0331, -0.6713],
        [-1.5457,  1.0371,  0.0334, -0.6684],
        [-1.5352,  1.0302,  0.0338, -0.6646]], device='cuda:0',
       grad_fn=<SliceBackward0>)
tensor([8, 1, 0, 0, 0, 0, 0, 0, 0, 0, 0, 0, 0, 0, 0, 0, 0, 0, 0, 0],
       device='cuda:0')
tensor([[-0.4784, -0.2375, -0.2394,  0.0017],
        [ 0.2266, -0.0286, -0.0352,  0.0776],
        [-0.0276,  0.1297, -0.1566, -0.0375],
        [ 0.2201, -0.0341, -0.0366,  0.0779],
        [ 0.2188, -0.0352, -0.0369,  0.0780],
        [ 0.2266, -0.0286, -0.0352,  0.0776],
        [ 0.2266, -0.0286, -0.0352,  0.0776],
        [ 0.2266, -0.0286, -0.0352,  0.0776],
        [ 0.2264, -0.0289, -0.0346,  0.0770],
        [ 0.2266, -0.0286, -0.0352,  0.0776],
        [ 0.2243, -0.0315, -0.0293,  0.0723],
        [ 0.2266, -0.0286, -0.0352,  0.0776],
        [ 0.2266, -0.0286, -0.0352,  0.0776],
        [ 0.2266, -0.0286, -0.0352,  0.0776],
        [ 0.2266, -0.0286, -0.0352,  0.0776],
        [ 0.2266, -0.0286, -0.0352,  0.0776],
        [ 0.2266, -0.0286, -0.0352,  0.0776],
        [ 0.2266, -0.0286, -0.0352,  0.0776],
        [ 0.2266, -0.0286, -0.0352,  0.0776],
        [ 0.2266, -0.0286, -0.0352,  0.0776]], device='cuda:0',
       grad_fn=<SliceBackward0>)
train: {'epoch': 315, 'time_epoch': 13.19732, 'eta': 1116.04094, 'eta_hours': 0.31001, 'loss': 0.1702357, 'lr': 0.0001127, 'params': 553882, 'time_iter': 0.08406, 'mae': 0.17024, 'r2': 0.92428, 'spearmanr': 0.98594, 'mse': 0.30616, 'rmse': 0.55332}
val: {'epoch': 315, 'time_epoch': 0.50022, 'loss': 0.26390597, 'lr': 0, 'params': 553882, 'time_iter': 0.03126, 'mae': 0.26391, 'r2': 0.78078, 'spearmanr': 0.97487, 'mse': 0.86344, 'rmse': 0.92922, 'loss_recon': 0.0, 'loss_recon_node': 0.0, 'loss_recon_edge': 0.0, 'loss_recon_tuple': 0.0, 'loss_recon_nodepe': 0.0, 'loss_recon_edgepe': 0.0}
test: {'epoch': 315, 'time_epoch': 0.50022, 'loss': 0.27578243, 'lr': 0, 'params': 553882, 'time_iter': 0.03126, 'mae': 0.27578, 'r2': 0.85654, 'spearmanr': 0.96502, 'mse': 0.58363, 'rmse': 0.76396, 'loss_recon': 0.0, 'loss_recon_node': 0.0, 'loss_recon_edge': 0.0, 'loss_recon_tuple': 0.0, 'loss_recon_nodepe': 0.0, 'loss_recon_edgepe': 0.0}
> Epoch 315: took 14.2s (avg 14.3s) | Best so far: epoch 313	train_loss: 0.1652 train_mae: 0.1652	val_loss: 0.2635 val_mae: 0.2635	test_loss: 0.2805 test_mae: 0.2805
train: {'epoch': 316, 'time_epoch': 13.19374, 'eta': 1102.73053, 'eta_hours': 0.30631, 'loss': 0.16818559, 'lr': 0.00011016, 'params': 553882, 'time_iter': 0.08404, 'mae': 0.16819, 'r2': 0.92992, 'spearmanr': 0.98629, 'mse': 0.28338, 'rmse': 0.53233}
val: {'epoch': 316, 'time_epoch': 0.50039, 'loss': 0.29327681, 'lr': 0, 'params': 553882, 'time_iter': 0.03127, 'mae': 0.29328, 'r2': 0.78337, 'spearmanr': 0.97553, 'mse': 0.85324, 'rmse': 0.92371, 'loss_recon': 0.0, 'loss_recon_node': 0.0, 'loss_recon_edge': 0.0, 'loss_recon_tuple': 0.0, 'loss_recon_nodepe': 0.0, 'loss_recon_edgepe': 0.0}
test: {'epoch': 316, 'time_epoch': 0.50125, 'loss': 0.30885508, 'lr': 0, 'params': 553882, 'time_iter': 0.03133, 'mae': 0.30886, 'r2': 0.85776, 'spearmanr': 0.96529, 'mse': 0.57866, 'rmse': 0.7607, 'loss_recon': 0.0, 'loss_recon_node': 0.0, 'loss_recon_edge': 0.0, 'loss_recon_tuple': 0.0, 'loss_recon_nodepe': 0.0, 'loss_recon_edgepe': 0.0}
> Epoch 316: took 14.2s (avg 14.3s) | Best so far: epoch 313	train_loss: 0.1652 train_mae: 0.1652	val_loss: 0.2635 val_mae: 0.2635	test_loss: 0.2805 test_mae: 0.2805
train: {'epoch': 317, 'time_epoch': 13.18294, 'eta': 1089.41806, 'eta_hours': 0.30262, 'loss': 0.17352796, 'lr': 0.00010765, 'params': 553882, 'time_iter': 0.08397, 'mae': 0.17353, 'r2': 0.88552, 'spearmanr': 0.98558, 'mse': 0.46288, 'rmse': 0.68035}
val: {'epoch': 317, 'time_epoch': 0.50066, 'loss': 0.29249871, 'lr': 0, 'params': 553882, 'time_iter': 0.03129, 'mae': 0.2925, 'r2': 0.78589, 'spearmanr': 0.97586, 'mse': 0.84332, 'rmse': 0.91832, 'loss_recon': 0.0, 'loss_recon_node': 0.0, 'loss_recon_edge': 0.0, 'loss_recon_tuple': 0.0, 'loss_recon_nodepe': 0.0, 'loss_recon_edgepe': 0.0}
test: {'epoch': 317, 'time_epoch': 0.50149, 'loss': 0.30446492, 'lr': 0, 'params': 553882, 'time_iter': 0.03134, 'mae': 0.30446, 'r2': 0.86301, 'spearmanr': 0.96594, 'mse': 0.55733, 'rmse': 0.74654, 'loss_recon': 0.0, 'loss_recon_node': 0.0, 'loss_recon_edge': 0.0, 'loss_recon_tuple': 0.0, 'loss_recon_nodepe': 0.0, 'loss_recon_edgepe': 0.0}
> Epoch 317: took 14.2s (avg 14.3s) | Best so far: epoch 313	train_loss: 0.1652 train_mae: 0.1652	val_loss: 0.2635 val_mae: 0.2635	test_loss: 0.2805 test_mae: 0.2805
train: {'epoch': 318, 'time_epoch': 13.19229, 'eta': 1076.10879, 'eta_hours': 0.29892, 'loss': 0.16667137, 'lr': 0.00010517, 'params': 553882, 'time_iter': 0.08403, 'mae': 0.16667, 'r2': 0.88616, 'spearmanr': 0.98484, 'mse': 0.46031, 'rmse': 0.67846}
val: {'epoch': 318, 'time_epoch': 0.50219, 'loss': 0.26567742, 'lr': 0, 'params': 553882, 'time_iter': 0.03139, 'mae': 0.26568, 'r2': 0.78031, 'spearmanr': 0.97529, 'mse': 0.8653, 'rmse': 0.93022, 'loss_recon': 0.0, 'loss_recon_node': 0.0, 'loss_recon_edge': 0.0, 'loss_recon_tuple': 0.0, 'loss_recon_nodepe': 0.0, 'loss_recon_edgepe': 0.0}
test: {'epoch': 318, 'time_epoch': 0.5027, 'loss': 0.28002151, 'lr': 0, 'params': 553882, 'time_iter': 0.03142, 'mae': 0.28002, 'r2': 0.85254, 'spearmanr': 0.96512, 'mse': 0.5999, 'rmse': 0.77453, 'loss_recon': 0.0, 'loss_recon_node': 0.0, 'loss_recon_edge': 0.0, 'loss_recon_tuple': 0.0, 'loss_recon_nodepe': 0.0, 'loss_recon_edgepe': 0.0}
> Epoch 318: took 14.2s (avg 14.3s) | Best so far: epoch 313	train_loss: 0.1652 train_mae: 0.1652	val_loss: 0.2635 val_mae: 0.2635	test_loss: 0.2805 test_mae: 0.2805
train: {'epoch': 319, 'time_epoch': 13.192, 'eta': 1062.80017, 'eta_hours': 0.29522, 'loss': 0.1632852, 'lr': 0.00010271, 'params': 553882, 'time_iter': 0.08403, 'mae': 0.16329, 'r2': 0.88539, 'spearmanr': 0.98549, 'mse': 0.4634, 'rmse': 0.68073}
val: {'epoch': 319, 'time_epoch': 0.50267, 'loss': 0.25936598, 'lr': 0, 'params': 553882, 'time_iter': 0.03142, 'mae': 0.25937, 'r2': 0.78465, 'spearmanr': 0.97626, 'mse': 0.84822, 'rmse': 0.92099, 'loss_recon': 0.0, 'loss_recon_node': 0.0, 'loss_recon_edge': 0.0, 'loss_recon_tuple': 0.0, 'loss_recon_nodepe': 0.0, 'loss_recon_edgepe': 0.0}
test: {'epoch': 319, 'time_epoch': 0.50145, 'loss': 0.27452383, 'lr': 0, 'params': 553882, 'time_iter': 0.03134, 'mae': 0.27452, 'r2': 0.86053, 'spearmanr': 0.96599, 'mse': 0.56742, 'rmse': 0.75327, 'loss_recon': 0.0, 'loss_recon_node': 0.0, 'loss_recon_edge': 0.0, 'loss_recon_tuple': 0.0, 'loss_recon_nodepe': 0.0, 'loss_recon_edgepe': 0.0}
> Epoch 319: took 14.2s (avg 14.3s) | Best so far: epoch 319	train_loss: 0.1633 train_mae: 0.1633	val_loss: 0.2594 val_mae: 0.2594	test_loss: 0.2745 test_mae: 0.2745
train: {'epoch': 320, 'time_epoch': 13.19316, 'eta': 1049.49257, 'eta_hours': 0.29153, 'loss': 0.1637606, 'lr': 0.00010028, 'params': 553882, 'time_iter': 0.08403, 'mae': 0.16376, 'r2': 0.92661, 'spearmanr': 0.98585, 'mse': 0.29673, 'rmse': 0.54473}
val: {'epoch': 320, 'time_epoch': 0.50151, 'loss': 0.29399926, 'lr': 0, 'params': 553882, 'time_iter': 0.03134, 'mae': 0.294, 'r2': 0.77579, 'spearmanr': 0.97624, 'mse': 0.88309, 'rmse': 0.93973, 'loss_recon': 0.0, 'loss_recon_node': 0.0, 'loss_recon_edge': 0.0, 'loss_recon_tuple': 0.0, 'loss_recon_nodepe': 0.0, 'loss_recon_edgepe': 0.0}
test: {'epoch': 320, 'time_epoch': 0.50251, 'loss': 0.30186651, 'lr': 0, 'params': 553882, 'time_iter': 0.03141, 'mae': 0.30187, 'r2': 0.85088, 'spearmanr': 0.96642, 'mse': 0.60667, 'rmse': 0.77889, 'loss_recon': 0.0, 'loss_recon_node': 0.0, 'loss_recon_edge': 0.0, 'loss_recon_tuple': 0.0, 'loss_recon_nodepe': 0.0, 'loss_recon_edgepe': 0.0}
> Epoch 320: took 14.2s (avg 14.3s) | Best so far: epoch 319	train_loss: 0.1633 train_mae: 0.1633	val_loss: 0.2594 val_mae: 0.2594	test_loss: 0.2745 test_mae: 0.2745
train: {'epoch': 321, 'time_epoch': 13.1884, 'eta': 1036.18452, 'eta_hours': 0.28783, 'loss': 0.16937959, 'lr': 9.787e-05, 'params': 553882, 'time_iter': 0.084, 'mae': 0.16938, 'r2': 0.87395, 'spearmanr': 0.98636, 'mse': 0.50968, 'rmse': 0.71392}
val: {'epoch': 321, 'time_epoch': 0.5018, 'loss': 0.27733905, 'lr': 0, 'params': 553882, 'time_iter': 0.03136, 'mae': 0.27734, 'r2': 0.7756, 'spearmanr': 0.97631, 'mse': 0.88385, 'rmse': 0.94013, 'loss_recon': 0.0, 'loss_recon_node': 0.0, 'loss_recon_edge': 0.0, 'loss_recon_tuple': 0.0, 'loss_recon_nodepe': 0.0, 'loss_recon_edgepe': 0.0}
test: {'epoch': 321, 'time_epoch': 0.5022, 'loss': 0.29045884, 'lr': 0, 'params': 553882, 'time_iter': 0.03139, 'mae': 0.29046, 'r2': 0.84885, 'spearmanr': 0.96583, 'mse': 0.61491, 'rmse': 0.78416, 'loss_recon': 0.0, 'loss_recon_node': 0.0, 'loss_recon_edge': 0.0, 'loss_recon_tuple': 0.0, 'loss_recon_nodepe': 0.0, 'loss_recon_edgepe': 0.0}
> Epoch 321: took 14.2s (avg 14.3s) | Best so far: epoch 319	train_loss: 0.1633 train_mae: 0.1633	val_loss: 0.2594 val_mae: 0.2594	test_loss: 0.2745 test_mae: 0.2745
train: {'epoch': 322, 'time_epoch': 13.18713, 'eta': 1022.87691, 'eta_hours': 0.28413, 'loss': 0.16521302, 'lr': 9.549e-05, 'params': 553882, 'time_iter': 0.08399, 'mae': 0.16521, 'r2': 0.88289, 'spearmanr': 0.98643, 'mse': 0.47352, 'rmse': 0.68813}
val: {'epoch': 322, 'time_epoch': 0.50184, 'loss': 0.25115743, 'lr': 0, 'params': 553882, 'time_iter': 0.03136, 'mae': 0.25116, 'r2': 0.78833, 'spearmanr': 0.97726, 'mse': 0.8337, 'rmse': 0.91307, 'loss_recon': 0.0, 'loss_recon_node': 0.0, 'loss_recon_edge': 0.0, 'loss_recon_tuple': 0.0, 'loss_recon_nodepe': 0.0, 'loss_recon_edgepe': 0.0}
test: {'epoch': 322, 'time_epoch': 0.50221, 'loss': 0.26566555, 'lr': 0, 'params': 553882, 'time_iter': 0.03139, 'mae': 0.26567, 'r2': 0.86533, 'spearmanr': 0.96703, 'mse': 0.54787, 'rmse': 0.74018, 'loss_recon': 0.0, 'loss_recon_node': 0.0, 'loss_recon_edge': 0.0, 'loss_recon_tuple': 0.0, 'loss_recon_nodepe': 0.0, 'loss_recon_edgepe': 0.0}
> Epoch 322: took 14.2s (avg 14.3s) | Best so far: epoch 322	train_loss: 0.1652 train_mae: 0.1652	val_loss: 0.2512 val_mae: 0.2512	test_loss: 0.2657 test_mae: 0.2657
train: {'epoch': 323, 'time_epoch': 13.18754, 'eta': 1009.57014, 'eta_hours': 0.28044, 'loss': 0.16121881, 'lr': 9.314e-05, 'params': 553882, 'time_iter': 0.084, 'mae': 0.16122, 'r2': 0.92643, 'spearmanr': 0.98721, 'mse': 0.29746, 'rmse': 0.5454}
val: {'epoch': 323, 'time_epoch': 0.50057, 'loss': 0.25909949, 'lr': 0, 'params': 553882, 'time_iter': 0.03129, 'mae': 0.2591, 'r2': 0.78953, 'spearmanr': 0.97749, 'mse': 0.829, 'rmse': 0.9105, 'loss_recon': 0.0, 'loss_recon_node': 0.0, 'loss_recon_edge': 0.0, 'loss_recon_tuple': 0.0, 'loss_recon_nodepe': 0.0, 'loss_recon_edgepe': 0.0}
test: {'epoch': 323, 'time_epoch': 0.50138, 'loss': 0.27298679, 'lr': 0, 'params': 553882, 'time_iter': 0.03134, 'mae': 0.27299, 'r2': 0.86789, 'spearmanr': 0.96726, 'mse': 0.53745, 'rmse': 0.73311, 'loss_recon': 0.0, 'loss_recon_node': 0.0, 'loss_recon_edge': 0.0, 'loss_recon_tuple': 0.0, 'loss_recon_nodepe': 0.0, 'loss_recon_edgepe': 0.0}
> Epoch 323: took 14.2s (avg 14.3s) | Best so far: epoch 322	train_loss: 0.1652 train_mae: 0.1652	val_loss: 0.2512 val_mae: 0.2512	test_loss: 0.2657 test_mae: 0.2657
tensor([1, 3, 1, 1, 1, 1, 1, 7, 1, 7, 1, 1, 1, 1, 1, 2, 3, 1, 1, 1],
       device='cuda:0')
tensor([[-0.9220,  0.6304,  0.0611, -0.4329],
        [-0.9846,  0.6707,  0.0581, -0.4563],
        [-1.3684,  0.9184,  0.0399, -0.5999],
        [-1.5364,  1.0271,  0.0321, -0.6624],
        [-1.5360,  1.0269,  0.0321, -0.6623],
        [-1.5407,  1.0299,  0.0319, -0.6640],
        [-1.5542,  1.0388,  0.0314, -0.6690],
        [-1.0931,  0.7408,  0.0529, -0.4969],
        [-1.5583,  1.0415,  0.0312, -0.6705],
        [-1.0711,  0.7266,  0.0540, -0.4887],
        [-1.5403,  1.0296,  0.0319, -0.6639],
        [-0.9311,  0.6363,  0.0606, -0.4364],
        [-1.5356,  1.0266,  0.0321, -0.6622],
        [-1.5426,  1.0312,  0.0319, -0.6647],
        [-1.2721,  0.8563,  0.0444, -0.5638],
        [-1.5484,  1.0350,  0.0316, -0.6669],
        [-0.1640,  0.1918,  0.1351, -0.1091],
        [-1.5369,  1.0274,  0.0321, -0.6626],
        [-1.5364,  1.0271,  0.0321, -0.6624],
        [-1.5348,  1.0261,  0.0322, -0.6619]], device='cuda:0',
       grad_fn=<SliceBackward0>)
tensor([8, 1, 0, 0, 0, 0, 0, 0, 0, 0, 0, 0, 0, 0, 0, 0, 0, 0, 0, 0],
       device='cuda:0')
tensor([[-0.1187, -0.0612, -0.1508,  0.0126],
        [ 0.2266, -0.0286, -0.0351,  0.0774],
        [ 0.0325,  0.0899, -0.1282, -0.0109],
        [ 0.2229, -0.0349, -0.0286,  0.0702],
        [ 0.2266, -0.0286, -0.0351,  0.0774],
        [ 0.2266, -0.0286, -0.0351,  0.0774],
        [ 0.2265, -0.0287, -0.0348,  0.0772],
        [ 0.2213, -0.0330, -0.0362,  0.0778],
        [ 0.2266, -0.0286, -0.0351,  0.0774],
        [ 0.2187, -0.0352, -0.0368,  0.0779],
        [ 0.2266, -0.0286, -0.0351,  0.0774],
        [ 0.0137,  0.1021, -0.1370, -0.0194],
        [ 0.2266, -0.0286, -0.0351,  0.0774],
        [ 0.2266, -0.0286, -0.0351,  0.0774],
        [ 0.2266, -0.0286, -0.0351,  0.0774],
        [ 0.2266, -0.0286, -0.0351,  0.0774],
        [ 0.2266, -0.0286, -0.0351,  0.0774],
        [ 0.2266, -0.0286, -0.0351,  0.0774],
        [ 0.2266, -0.0286, -0.0351,  0.0774],
        [ 0.2266, -0.0286, -0.0351,  0.0774]], device='cuda:0',
       grad_fn=<SliceBackward0>)
train: {'epoch': 324, 'time_epoch': 13.19076, 'eta': 996.26485, 'eta_hours': 0.27674, 'loss': 0.1607564, 'lr': 9.081e-05, 'params': 553882, 'time_iter': 0.08402, 'mae': 0.16076, 'r2': 0.8845, 'spearmanr': 0.98805, 'mse': 0.46703, 'rmse': 0.68339}
val: {'epoch': 324, 'time_epoch': 0.50188, 'loss': 0.26467392, 'lr': 0, 'params': 553882, 'time_iter': 0.03137, 'mae': 0.26467, 'r2': 0.78827, 'spearmanr': 0.9772, 'mse': 0.83394, 'rmse': 0.9132, 'loss_recon': 0.0, 'loss_recon_node': 0.0, 'loss_recon_edge': 0.0, 'loss_recon_tuple': 0.0, 'loss_recon_nodepe': 0.0, 'loss_recon_edgepe': 0.0}
test: {'epoch': 324, 'time_epoch': 0.50254, 'loss': 0.27614384, 'lr': 0, 'params': 553882, 'time_iter': 0.03141, 'mae': 0.27614, 'r2': 0.87094, 'spearmanr': 0.9674, 'mse': 0.52506, 'rmse': 0.72461, 'loss_recon': 0.0, 'loss_recon_node': 0.0, 'loss_recon_edge': 0.0, 'loss_recon_tuple': 0.0, 'loss_recon_nodepe': 0.0, 'loss_recon_edgepe': 0.0}
> Epoch 324: took 14.2s (avg 14.3s) | Best so far: epoch 322	train_loss: 0.1652 train_mae: 0.1652	val_loss: 0.2512 val_mae: 0.2512	test_loss: 0.2657 test_mae: 0.2657
train: {'epoch': 325, 'time_epoch': 13.1834, 'eta': 982.95859, 'eta_hours': 0.27304, 'loss': 0.16060305, 'lr': 8.851e-05, 'params': 553882, 'time_iter': 0.08397, 'mae': 0.1606, 'r2': 0.92501, 'spearmanr': 0.98599, 'mse': 0.30322, 'rmse': 0.55065}
val: {'epoch': 325, 'time_epoch': 0.50104, 'loss': 0.29118223, 'lr': 0, 'params': 553882, 'time_iter': 0.03131, 'mae': 0.29118, 'r2': 0.78534, 'spearmanr': 0.97751, 'mse': 0.8455, 'rmse': 0.91951, 'loss_recon': 0.0, 'loss_recon_node': 0.0, 'loss_recon_edge': 0.0, 'loss_recon_tuple': 0.0, 'loss_recon_nodepe': 0.0, 'loss_recon_edgepe': 0.0}
test: {'epoch': 325, 'time_epoch': 0.50233, 'loss': 0.30497993, 'lr': 0, 'params': 553882, 'time_iter': 0.0314, 'mae': 0.30498, 'r2': 0.86938, 'spearmanr': 0.9681, 'mse': 0.53141, 'rmse': 0.72898, 'loss_recon': 0.0, 'loss_recon_node': 0.0, 'loss_recon_edge': 0.0, 'loss_recon_tuple': 0.0, 'loss_recon_nodepe': 0.0, 'loss_recon_edgepe': 0.0}
> Epoch 325: took 14.2s (avg 14.3s) | Best so far: epoch 322	train_loss: 0.1652 train_mae: 0.1652	val_loss: 0.2512 val_mae: 0.2512	test_loss: 0.2657 test_mae: 0.2657
train: {'epoch': 326, 'time_epoch': 13.19141, 'eta': 969.65487, 'eta_hours': 0.26935, 'loss': 0.15778878, 'lr': 8.623e-05, 'params': 553882, 'time_iter': 0.08402, 'mae': 0.15779, 'r2': 0.93204, 'spearmanr': 0.98671, 'mse': 0.27479, 'rmse': 0.52421}
val: {'epoch': 326, 'time_epoch': 0.50144, 'loss': 0.24907688, 'lr': 0, 'params': 553882, 'time_iter': 0.03134, 'mae': 0.24908, 'r2': 0.78823, 'spearmanr': 0.97759, 'mse': 0.83413, 'rmse': 0.91331, 'loss_recon': 0.0, 'loss_recon_node': 0.0, 'loss_recon_edge': 0.0, 'loss_recon_tuple': 0.0, 'loss_recon_nodepe': 0.0, 'loss_recon_edgepe': 0.0}
test: {'epoch': 326, 'time_epoch': 0.50176, 'loss': 0.25998089, 'lr': 0, 'params': 553882, 'time_iter': 0.03136, 'mae': 0.25998, 'r2': 0.86971, 'spearmanr': 0.96781, 'mse': 0.53006, 'rmse': 0.72805, 'loss_recon': 0.0, 'loss_recon_node': 0.0, 'loss_recon_edge': 0.0, 'loss_recon_tuple': 0.0, 'loss_recon_nodepe': 0.0, 'loss_recon_edgepe': 0.0}
> Epoch 326: took 14.2s (avg 14.3s) | Best so far: epoch 326	train_loss: 0.1578 train_mae: 0.1578	val_loss: 0.2491 val_mae: 0.2491	test_loss: 0.2600 test_mae: 0.2600
train: {'epoch': 327, 'time_epoch': 13.18931, 'eta': 956.35137, 'eta_hours': 0.26565, 'loss': 0.15730151, 'lr': 8.399e-05, 'params': 553882, 'time_iter': 0.08401, 'mae': 0.1573, 'r2': 0.8938, 'spearmanr': 0.98728, 'mse': 0.42943, 'rmse': 0.65531}
val: {'epoch': 327, 'time_epoch': 0.50047, 'loss': 0.24943556, 'lr': 0, 'params': 553882, 'time_iter': 0.03128, 'mae': 0.24944, 'r2': 0.7885, 'spearmanr': 0.97789, 'mse': 0.83305, 'rmse': 0.91272, 'loss_recon': 0.0, 'loss_recon_node': 0.0, 'loss_recon_edge': 0.0, 'loss_recon_tuple': 0.0, 'loss_recon_nodepe': 0.0, 'loss_recon_edgepe': 0.0}
test: {'epoch': 327, 'time_epoch': 0.50213, 'loss': 0.25863716, 'lr': 0, 'params': 553882, 'time_iter': 0.03138, 'mae': 0.25864, 'r2': 0.86994, 'spearmanr': 0.96781, 'mse': 0.52914, 'rmse': 0.72742, 'loss_recon': 0.0, 'loss_recon_node': 0.0, 'loss_recon_edge': 0.0, 'loss_recon_tuple': 0.0, 'loss_recon_nodepe': 0.0, 'loss_recon_edgepe': 0.0}
> Epoch 327: took 14.2s (avg 14.3s) | Best so far: epoch 326	train_loss: 0.1578 train_mae: 0.1578	val_loss: 0.2491 val_mae: 0.2491	test_loss: 0.2600 test_mae: 0.2600
train: {'epoch': 328, 'time_epoch': 13.18823, 'eta': 943.04833, 'eta_hours': 0.26196, 'loss': 0.15238369, 'lr': 8.176e-05, 'params': 553882, 'time_iter': 0.084, 'mae': 0.15238, 'r2': 0.93852, 'spearmanr': 0.98589, 'mse': 0.24859, 'rmse': 0.49859}
val: {'epoch': 328, 'time_epoch': 0.50251, 'loss': 0.24775307, 'lr': 0, 'params': 553882, 'time_iter': 0.03141, 'mae': 0.24775, 'r2': 0.78952, 'spearmanr': 0.97811, 'mse': 0.82903, 'rmse': 0.91051, 'loss_recon': 0.0, 'loss_recon_node': 0.0, 'loss_recon_edge': 0.0, 'loss_recon_tuple': 0.0, 'loss_recon_nodepe': 0.0, 'loss_recon_edgepe': 0.0}
test: {'epoch': 328, 'time_epoch': 0.50177, 'loss': 0.26090227, 'lr': 0, 'params': 553882, 'time_iter': 0.03136, 'mae': 0.2609, 'r2': 0.87071, 'spearmanr': 0.96798, 'mse': 0.52599, 'rmse': 0.72525, 'loss_recon': 0.0, 'loss_recon_node': 0.0, 'loss_recon_edge': 0.0, 'loss_recon_tuple': 0.0, 'loss_recon_nodepe': 0.0, 'loss_recon_edgepe': 0.0}
> Epoch 328: took 14.2s (avg 14.3s) | Best so far: epoch 328	train_loss: 0.1524 train_mae: 0.1524	val_loss: 0.2478 val_mae: 0.2477	test_loss: 0.2609 test_mae: 0.2609
train: {'epoch': 329, 'time_epoch': 13.19211, 'eta': 929.74682, 'eta_hours': 0.25826, 'loss': 0.15929704, 'lr': 7.957e-05, 'params': 553882, 'time_iter': 0.08403, 'mae': 0.1593, 'r2': 0.87009, 'spearmanr': 0.98842, 'mse': 0.52526, 'rmse': 0.72475}
val: {'epoch': 329, 'time_epoch': 0.50255, 'loss': 0.24443766, 'lr': 0, 'params': 553882, 'time_iter': 0.03141, 'mae': 0.24444, 'r2': 0.79095, 'spearmanr': 0.97879, 'mse': 0.8234, 'rmse': 0.90742, 'loss_recon': 0.0, 'loss_recon_node': 0.0, 'loss_recon_edge': 0.0, 'loss_recon_tuple': 0.0, 'loss_recon_nodepe': 0.0, 'loss_recon_edgepe': 0.0}
test: {'epoch': 329, 'time_epoch': 0.50301, 'loss': 0.25534176, 'lr': 0, 'params': 553882, 'time_iter': 0.03144, 'mae': 0.25534, 'r2': 0.87371, 'spearmanr': 0.96889, 'mse': 0.51378, 'rmse': 0.71679, 'loss_recon': 0.0, 'loss_recon_node': 0.0, 'loss_recon_edge': 0.0, 'loss_recon_tuple': 0.0, 'loss_recon_nodepe': 0.0, 'loss_recon_edgepe': 0.0}
> Epoch 329: took 14.2s (avg 14.3s) | Best so far: epoch 329	train_loss: 0.1593 train_mae: 0.1593	val_loss: 0.2444 val_mae: 0.2444	test_loss: 0.2553 test_mae: 0.2553
train: {'epoch': 330, 'time_epoch': 13.18908, 'eta': 916.44533, 'eta_hours': 0.25457, 'loss': 0.15581192, 'lr': 7.74e-05, 'params': 553882, 'time_iter': 0.08401, 'mae': 0.15581, 'r2': 0.90276, 'spearmanr': 0.98677, 'mse': 0.39316, 'rmse': 0.62703}
val: {'epoch': 330, 'time_epoch': 0.50203, 'loss': 0.24660826, 'lr': 0, 'params': 553882, 'time_iter': 0.03138, 'mae': 0.24661, 'r2': 0.79011, 'spearmanr': 0.97873, 'mse': 0.82671, 'rmse': 0.90924, 'loss_recon': 0.0, 'loss_recon_node': 0.0, 'loss_recon_edge': 0.0, 'loss_recon_tuple': 0.0, 'loss_recon_nodepe': 0.0, 'loss_recon_edgepe': 0.0}
test: {'epoch': 330, 'time_epoch': 0.50302, 'loss': 0.2581516, 'lr': 0, 'params': 553882, 'time_iter': 0.03144, 'mae': 0.25815, 'r2': 0.87146, 'spearmanr': 0.9691, 'mse': 0.52295, 'rmse': 0.72315, 'loss_recon': 0.0, 'loss_recon_node': 0.0, 'loss_recon_edge': 0.0, 'loss_recon_tuple': 0.0, 'loss_recon_nodepe': 0.0, 'loss_recon_edgepe': 0.0}
> Epoch 330: took 14.2s (avg 14.3s) | Best so far: epoch 329	train_loss: 0.1593 train_mae: 0.1593	val_loss: 0.2444 val_mae: 0.2444	test_loss: 0.2553 test_mae: 0.2553
train: {'epoch': 331, 'time_epoch': 13.19266, 'eta': 903.14525, 'eta_hours': 0.25087, 'loss': 0.15337855, 'lr': 7.527e-05, 'params': 553882, 'time_iter': 0.08403, 'mae': 0.15338, 'r2': 0.92448, 'spearmanr': 0.98736, 'mse': 0.30536, 'rmse': 0.55259}
val: {'epoch': 331, 'time_epoch': 0.50123, 'loss': 0.24633815, 'lr': 0, 'params': 553882, 'time_iter': 0.03133, 'mae': 0.24634, 'r2': 0.79107, 'spearmanr': 0.97876, 'mse': 0.82294, 'rmse': 0.90716, 'loss_recon': 0.0, 'loss_recon_node': 0.0, 'loss_recon_edge': 0.0, 'loss_recon_tuple': 0.0, 'loss_recon_nodepe': 0.0, 'loss_recon_edgepe': 0.0}
test: {'epoch': 331, 'time_epoch': 0.50211, 'loss': 0.26037316, 'lr': 0, 'params': 553882, 'time_iter': 0.03138, 'mae': 0.26037, 'r2': 0.87007, 'spearmanr': 0.96825, 'mse': 0.52861, 'rmse': 0.72706, 'loss_recon': 0.0, 'loss_recon_node': 0.0, 'loss_recon_edge': 0.0, 'loss_recon_tuple': 0.0, 'loss_recon_nodepe': 0.0, 'loss_recon_edgepe': 0.0}
> Epoch 331: took 14.2s (avg 14.3s) | Best so far: epoch 329	train_loss: 0.1593 train_mae: 0.1593	val_loss: 0.2444 val_mae: 0.2444	test_loss: 0.2553 test_mae: 0.2553
train: {'epoch': 332, 'time_epoch': 13.19041, 'eta': 889.84537, 'eta_hours': 0.24718, 'loss': 0.16057821, 'lr': 7.315e-05, 'params': 553882, 'time_iter': 0.08402, 'mae': 0.16058, 'r2': 0.88846, 'spearmanr': 0.98712, 'mse': 0.45098, 'rmse': 0.67155}
val: {'epoch': 332, 'time_epoch': 0.50237, 'loss': 0.24511032, 'lr': 0, 'params': 553882, 'time_iter': 0.0314, 'mae': 0.24511, 'r2': 0.79005, 'spearmanr': 0.97835, 'mse': 0.82693, 'rmse': 0.90936, 'loss_recon': 0.0, 'loss_recon_node': 0.0, 'loss_recon_edge': 0.0, 'loss_recon_tuple': 0.0, 'loss_recon_nodepe': 0.0, 'loss_recon_edgepe': 0.0}
test: {'epoch': 332, 'time_epoch': 0.50273, 'loss': 0.25462885, 'lr': 0, 'params': 553882, 'time_iter': 0.03142, 'mae': 0.25463, 'r2': 0.86973, 'spearmanr': 0.96854, 'mse': 0.52999, 'rmse': 0.72801, 'loss_recon': 0.0, 'loss_recon_node': 0.0, 'loss_recon_edge': 0.0, 'loss_recon_tuple': 0.0, 'loss_recon_nodepe': 0.0, 'loss_recon_edgepe': 0.0}
> Epoch 332: took 14.2s (avg 14.3s) | Best so far: epoch 329	train_loss: 0.1593 train_mae: 0.1593	val_loss: 0.2444 val_mae: 0.2444	test_loss: 0.2553 test_mae: 0.2553
tensor([ 1,  5,  7,  2,  1,  2,  6,  1,  1,  1,  1,  1,  1, 22,  1,  1,  1,  1,
         1,  1], device='cuda:0')
tensor([[-1.1444,  0.7734,  0.0504, -0.5166],
        [-1.4534,  0.9731,  0.0360, -0.6322],
        [-1.0197,  0.6928,  0.0562, -0.4700],
        [-1.2222,  0.8237,  0.0468, -0.5458],
        [-1.5144,  1.0127,  0.0333, -0.6549],
        [-1.5426,  1.0312,  0.0322, -0.6652],
        [-1.4997,  1.0031,  0.0339, -0.6495],
        [-1.5522,  1.0374,  0.0318, -0.6688],
        [-1.5309,  1.0235,  0.0326, -0.6610],
        [-1.5344,  1.0258,  0.0325, -0.6622],
        [-1.5275,  1.0213,  0.0327, -0.6598],
        [-1.5272,  1.0211,  0.0328, -0.6596],
        [-1.5364,  1.0271,  0.0324, -0.6630],
        [-0.4246,  0.6489,  0.3598, -0.3796],
        [-1.1905,  0.8032,  0.0483, -0.5339],
        [-1.5359,  1.0267,  0.0324, -0.6628],
        [-1.5401,  1.0295,  0.0322, -0.6643],
        [-1.5228,  1.0182,  0.0329, -0.6580],
        [-1.5248,  1.0195,  0.0328, -0.6588],
        [-1.5467,  1.0338,  0.0320, -0.6667]], device='cuda:0',
       grad_fn=<SliceBackward0>)
tensor([8, 1, 0, 0, 0, 0, 0, 0, 0, 0, 0, 0, 0, 5, 1, 8, 1, 1, 0, 0],
       device='cuda:0')
tensor([[-0.4210, -0.1848, -0.2306, -0.0064],
        [ 0.2266, -0.0286, -0.0350,  0.0774],
        [ 0.0022,  0.1113, -0.1420, -0.0245],
        [-0.0207,  0.1070, -0.1511, -0.0299],
        [ 0.1054,  0.0071, -0.0871,  0.0350],
        [ 0.2217, -0.0327, -0.0361,  0.0777],
        [ 0.2266, -0.0286, -0.0350,  0.0774],
        [ 0.2209, -0.0372, -0.0233,  0.0655],
        [ 0.2266, -0.0286, -0.0350,  0.0774],
        [ 0.2266, -0.0286, -0.0350,  0.0774],
        [ 0.2266, -0.0286, -0.0350,  0.0774],
        [ 0.2266, -0.0286, -0.0350,  0.0774],
        [ 0.2266, -0.0286, -0.0350,  0.0774],
        [-0.0856, -0.1228, -0.1266,  0.0429],
        [ 0.2266, -0.0286, -0.0350,  0.0774],
        [ 0.0981,  0.0500, -0.0966,  0.0190],
        [ 0.2266, -0.0286, -0.0350,  0.0774],
        [ 0.2244, -0.0304, -0.0355,  0.0775],
        [ 0.0290,  0.1037, -0.1272, -0.0118],
        [ 0.2266, -0.0286, -0.0350,  0.0774]], device='cuda:0',
       grad_fn=<SliceBackward0>)
train: {'epoch': 333, 'time_epoch': 13.19426, 'eta': 876.5469, 'eta_hours': 0.24349, 'loss': 0.15122187, 'lr': 7.107e-05, 'params': 553882, 'time_iter': 0.08404, 'mae': 0.15122, 'r2': 0.92899, 'spearmanr': 0.9879, 'mse': 0.28712, 'rmse': 0.53583}
val: {'epoch': 333, 'time_epoch': 0.50101, 'loss': 0.24783122, 'lr': 0, 'params': 553882, 'time_iter': 0.03131, 'mae': 0.24783, 'r2': 0.79181, 'spearmanr': 0.97847, 'mse': 0.82, 'rmse': 0.90554, 'loss_recon': 0.0, 'loss_recon_node': 0.0, 'loss_recon_edge': 0.0, 'loss_recon_tuple': 0.0, 'loss_recon_nodepe': 0.0, 'loss_recon_edgepe': 0.0}
test: {'epoch': 333, 'time_epoch': 0.50109, 'loss': 0.25580106, 'lr': 0, 'params': 553882, 'time_iter': 0.03132, 'mae': 0.2558, 'r2': 0.87491, 'spearmanr': 0.96896, 'mse': 0.5089, 'rmse': 0.71337, 'loss_recon': 0.0, 'loss_recon_node': 0.0, 'loss_recon_edge': 0.0, 'loss_recon_tuple': 0.0, 'loss_recon_nodepe': 0.0, 'loss_recon_edgepe': 0.0}
> Epoch 333: took 14.2s (avg 14.3s) | Best so far: epoch 329	train_loss: 0.1593 train_mae: 0.1593	val_loss: 0.2444 val_mae: 0.2444	test_loss: 0.2553 test_mae: 0.2553
train: {'epoch': 334, 'time_epoch': 13.18943, 'eta': 863.24811, 'eta_hours': 0.23979, 'loss': 0.14836898, 'lr': 6.902e-05, 'params': 553882, 'time_iter': 0.08401, 'mae': 0.14837, 'r2': 0.9385, 'spearmanr': 0.98861, 'mse': 0.24867, 'rmse': 0.49867}
val: {'epoch': 334, 'time_epoch': 0.50325, 'loss': 0.27560861, 'lr': 0, 'params': 553882, 'time_iter': 0.03145, 'mae': 0.27561, 'r2': 0.78331, 'spearmanr': 0.97854, 'mse': 0.85347, 'rmse': 0.92384, 'loss_recon': 0.0, 'loss_recon_node': 0.0, 'loss_recon_edge': 0.0, 'loss_recon_tuple': 0.0, 'loss_recon_nodepe': 0.0, 'loss_recon_edgepe': 0.0}
test: {'epoch': 334, 'time_epoch': 0.50251, 'loss': 0.287675, 'lr': 0, 'params': 553882, 'time_iter': 0.03141, 'mae': 0.28767, 'r2': 0.86065, 'spearmanr': 0.96853, 'mse': 0.5669, 'rmse': 0.75293, 'loss_recon': 0.0, 'loss_recon_node': 0.0, 'loss_recon_edge': 0.0, 'loss_recon_tuple': 0.0, 'loss_recon_nodepe': 0.0, 'loss_recon_edgepe': 0.0}
> Epoch 334: took 14.2s (avg 14.3s) | Best so far: epoch 329	train_loss: 0.1593 train_mae: 0.1593	val_loss: 0.2444 val_mae: 0.2444	test_loss: 0.2553 test_mae: 0.2553
train: {'epoch': 335, 'time_epoch': 13.18965, 'eta': 849.95002, 'eta_hours': 0.2361, 'loss': 0.15335677, 'lr': 6.699e-05, 'params': 553882, 'time_iter': 0.08401, 'mae': 0.15336, 'r2': 0.89001, 'spearmanr': 0.98747, 'mse': 0.44473, 'rmse': 0.66688}
val: {'epoch': 335, 'time_epoch': 0.50117, 'loss': 0.25522146, 'lr': 0, 'params': 553882, 'time_iter': 0.03132, 'mae': 0.25522, 'r2': 0.79272, 'spearmanr': 0.97899, 'mse': 0.81642, 'rmse': 0.90356, 'loss_recon': 0.0, 'loss_recon_node': 0.0, 'loss_recon_edge': 0.0, 'loss_recon_tuple': 0.0, 'loss_recon_nodepe': 0.0, 'loss_recon_edgepe': 0.0}
test: {'epoch': 335, 'time_epoch': 0.50047, 'loss': 0.26775327, 'lr': 0, 'params': 553882, 'time_iter': 0.03128, 'mae': 0.26775, 'r2': 0.87304, 'spearmanr': 0.9689, 'mse': 0.51651, 'rmse': 0.71868, 'loss_recon': 0.0, 'loss_recon_node': 0.0, 'loss_recon_edge': 0.0, 'loss_recon_tuple': 0.0, 'loss_recon_nodepe': 0.0, 'loss_recon_edgepe': 0.0}
> Epoch 335: took 14.2s (avg 14.3s) | Best so far: epoch 329	train_loss: 0.1593 train_mae: 0.1593	val_loss: 0.2444 val_mae: 0.2444	test_loss: 0.2553 test_mae: 0.2553
train: {'epoch': 336, 'time_epoch': 13.19133, 'eta': 836.65289, 'eta_hours': 0.2324, 'loss': 0.15507736, 'lr': 6.499e-05, 'params': 553882, 'time_iter': 0.08402, 'mae': 0.15508, 'r2': 0.89067, 'spearmanr': 0.98752, 'mse': 0.44206, 'rmse': 0.66488}
val: {'epoch': 336, 'time_epoch': 0.5026, 'loss': 0.24936044, 'lr': 0, 'params': 553882, 'time_iter': 0.03141, 'mae': 0.24936, 'r2': 0.78758, 'spearmanr': 0.97906, 'mse': 0.83668, 'rmse': 0.9147, 'loss_recon': 0.0, 'loss_recon_node': 0.0, 'loss_recon_edge': 0.0, 'loss_recon_tuple': 0.0, 'loss_recon_nodepe': 0.0, 'loss_recon_edgepe': 0.0}
test: {'epoch': 336, 'time_epoch': 0.50245, 'loss': 0.25603857, 'lr': 0, 'params': 553882, 'time_iter': 0.0314, 'mae': 0.25604, 'r2': 0.87011, 'spearmanr': 0.96963, 'mse': 0.52842, 'rmse': 0.72692, 'loss_recon': 0.0, 'loss_recon_node': 0.0, 'loss_recon_edge': 0.0, 'loss_recon_tuple': 0.0, 'loss_recon_nodepe': 0.0, 'loss_recon_edgepe': 0.0}
> Epoch 336: took 14.2s (avg 14.3s) | Best so far: epoch 329	train_loss: 0.1593 train_mae: 0.1593	val_loss: 0.2444 val_mae: 0.2444	test_loss: 0.2553 test_mae: 0.2553
train: {'epoch': 337, 'time_epoch': 13.19035, 'eta': 823.3562, 'eta_hours': 0.22871, 'loss': 0.15202238, 'lr': 6.302e-05, 'params': 553882, 'time_iter': 0.08401, 'mae': 0.15202, 'r2': 0.923, 'spearmanr': 0.98845, 'mse': 0.31136, 'rmse': 0.55799}
val: {'epoch': 337, 'time_epoch': 0.50209, 'loss': 0.24694165, 'lr': 0, 'params': 553882, 'time_iter': 0.03138, 'mae': 0.24694, 'r2': 0.79336, 'spearmanr': 0.97903, 'mse': 0.81391, 'rmse': 0.90217, 'loss_recon': 0.0, 'loss_recon_node': 0.0, 'loss_recon_edge': 0.0, 'loss_recon_tuple': 0.0, 'loss_recon_nodepe': 0.0, 'loss_recon_edgepe': 0.0}
test: {'epoch': 337, 'time_epoch': 0.50214, 'loss': 0.25388565, 'lr': 0, 'params': 553882, 'time_iter': 0.03138, 'mae': 0.25389, 'r2': 0.87708, 'spearmanr': 0.96974, 'mse': 0.50006, 'rmse': 0.70715, 'loss_recon': 0.0, 'loss_recon_node': 0.0, 'loss_recon_edge': 0.0, 'loss_recon_tuple': 0.0, 'loss_recon_nodepe': 0.0, 'loss_recon_edgepe': 0.0}
> Epoch 337: took 14.2s (avg 14.3s) | Best so far: epoch 329	train_loss: 0.1593 train_mae: 0.1593	val_loss: 0.2444 val_mae: 0.2444	test_loss: 0.2553 test_mae: 0.2553
train: {'epoch': 338, 'time_epoch': 13.18653, 'eta': 810.05945, 'eta_hours': 0.22502, 'loss': 0.15190567, 'lr': 6.107e-05, 'params': 553882, 'time_iter': 0.08399, 'mae': 0.15191, 'r2': 0.93831, 'spearmanr': 0.98786, 'mse': 0.24943, 'rmse': 0.49943}
val: {'epoch': 338, 'time_epoch': 0.50268, 'loss': 0.27210168, 'lr': 0, 'params': 553882, 'time_iter': 0.03142, 'mae': 0.2721, 'r2': 0.79287, 'spearmanr': 0.97883, 'mse': 0.81583, 'rmse': 0.90324, 'loss_recon': 0.0, 'loss_recon_node': 0.0, 'loss_recon_edge': 0.0, 'loss_recon_tuple': 0.0, 'loss_recon_nodepe': 0.0, 'loss_recon_edgepe': 0.0}
test: {'epoch': 338, 'time_epoch': 0.50246, 'loss': 0.27993755, 'lr': 0, 'params': 553882, 'time_iter': 0.0314, 'mae': 0.27994, 'r2': 0.87855, 'spearmanr': 0.96962, 'mse': 0.49409, 'rmse': 0.70292, 'loss_recon': 0.0, 'loss_recon_node': 0.0, 'loss_recon_edge': 0.0, 'loss_recon_tuple': 0.0, 'loss_recon_nodepe': 0.0, 'loss_recon_edgepe': 0.0}
> Epoch 338: took 14.2s (avg 14.3s) | Best so far: epoch 329	train_loss: 0.1593 train_mae: 0.1593	val_loss: 0.2444 val_mae: 0.2444	test_loss: 0.2553 test_mae: 0.2553
train: {'epoch': 339, 'time_epoch': 13.19377, 'eta': 796.76463, 'eta_hours': 0.22132, 'loss': 0.14688235, 'lr': 5.916e-05, 'params': 553882, 'time_iter': 0.08404, 'mae': 0.14688, 'r2': 0.93421, 'spearmanr': 0.989, 'mse': 0.26603, 'rmse': 0.51578}
val: {'epoch': 339, 'time_epoch': 0.50137, 'loss': 0.24349408, 'lr': 0, 'params': 553882, 'time_iter': 0.03134, 'mae': 0.24349, 'r2': 0.79106, 'spearmanr': 0.97932, 'mse': 0.82297, 'rmse': 0.90718, 'loss_recon': 0.0, 'loss_recon_node': 0.0, 'loss_recon_edge': 0.0, 'loss_recon_tuple': 0.0, 'loss_recon_nodepe': 0.0, 'loss_recon_edgepe': 0.0}
test: {'epoch': 339, 'time_epoch': 0.50258, 'loss': 0.25113097, 'lr': 0, 'params': 553882, 'time_iter': 0.03141, 'mae': 0.25113, 'r2': 0.87358, 'spearmanr': 0.96984, 'mse': 0.51433, 'rmse': 0.71716, 'loss_recon': 0.0, 'loss_recon_node': 0.0, 'loss_recon_edge': 0.0, 'loss_recon_tuple': 0.0, 'loss_recon_nodepe': 0.0, 'loss_recon_edgepe': 0.0}
> Epoch 339: took 14.2s (avg 14.3s) | Best so far: epoch 339	train_loss: 0.1469 train_mae: 0.1469	val_loss: 0.2435 val_mae: 0.2435	test_loss: 0.2511 test_mae: 0.2511
train: {'epoch': 340, 'time_epoch': 13.18731, 'eta': 783.46929, 'eta_hours': 0.21763, 'loss': 0.14642502, 'lr': 5.727e-05, 'params': 553882, 'time_iter': 0.084, 'mae': 0.14643, 'r2': 0.89249, 'spearmanr': 0.98879, 'mse': 0.43471, 'rmse': 0.65933}
val: {'epoch': 340, 'time_epoch': 0.5013, 'loss': 0.24636907, 'lr': 0, 'params': 553882, 'time_iter': 0.03133, 'mae': 0.24637, 'r2': 0.78931, 'spearmanr': 0.97889, 'mse': 0.82987, 'rmse': 0.91097, 'loss_recon': 0.0, 'loss_recon_node': 0.0, 'loss_recon_edge': 0.0, 'loss_recon_tuple': 0.0, 'loss_recon_nodepe': 0.0, 'loss_recon_edgepe': 0.0}
test: {'epoch': 340, 'time_epoch': 0.50118, 'loss': 0.25074551, 'lr': 0, 'params': 553882, 'time_iter': 0.03132, 'mae': 0.25075, 'r2': 0.87354, 'spearmanr': 0.96955, 'mse': 0.51446, 'rmse': 0.71726, 'loss_recon': 0.0, 'loss_recon_node': 0.0, 'loss_recon_edge': 0.0, 'loss_recon_tuple': 0.0, 'loss_recon_nodepe': 0.0, 'loss_recon_edgepe': 0.0}
> Epoch 340: took 14.2s (avg 14.3s) | Best so far: epoch 339	train_loss: 0.1469 train_mae: 0.1469	val_loss: 0.2435 val_mae: 0.2435	test_loss: 0.2511 test_mae: 0.2511
train: {'epoch': 341, 'time_epoch': 13.1777, 'eta': 770.17295, 'eta_hours': 0.21394, 'loss': 0.1534342, 'lr': 5.541e-05, 'params': 553882, 'time_iter': 0.08393, 'mae': 0.15343, 'r2': 0.87868, 'spearmanr': 0.9886, 'mse': 0.49056, 'rmse': 0.7004}
val: {'epoch': 341, 'time_epoch': 0.50211, 'loss': 0.24428374, 'lr': 0, 'params': 553882, 'time_iter': 0.03138, 'mae': 0.24428, 'r2': 0.79444, 'spearmanr': 0.97931, 'mse': 0.80965, 'rmse': 0.89981, 'loss_recon': 0.0, 'loss_recon_node': 0.0, 'loss_recon_edge': 0.0, 'loss_recon_tuple': 0.0, 'loss_recon_nodepe': 0.0, 'loss_recon_edgepe': 0.0}
test: {'epoch': 341, 'time_epoch': 0.50209, 'loss': 0.24593582, 'lr': 0, 'params': 553882, 'time_iter': 0.03138, 'mae': 0.24594, 'r2': 0.88362, 'spearmanr': 0.97057, 'mse': 0.47346, 'rmse': 0.68809, 'loss_recon': 0.0, 'loss_recon_node': 0.0, 'loss_recon_edge': 0.0, 'loss_recon_tuple': 0.0, 'loss_recon_nodepe': 0.0, 'loss_recon_edgepe': 0.0}
> Epoch 341: took 14.2s (avg 14.3s) | Best so far: epoch 339	train_loss: 0.1469 train_mae: 0.1469	val_loss: 0.2435 val_mae: 0.2435	test_loss: 0.2511 test_mae: 0.2511
tensor([ 1,  1,  3,  5,  1,  9,  1,  1,  1,  1,  2,  1,  1, 22,  2,  1,  1,  1,
         1, 13], device='cuda:0')
tensor([[-1.1214,  0.7570,  0.0506, -0.5078],
        [-0.6680,  0.4639,  0.0717, -0.3385],
        [-0.9721,  0.6605,  0.0576, -0.4520],
        [-0.5932,  0.4154,  0.0750, -0.3108],
        [-0.1646,  0.1911,  0.1346, -0.1086],
        [-0.2124,  0.2109,  0.1241, -0.1353],
        [-0.2729,  0.2361,  0.1107, -0.1691],
        [-0.1646,  0.1911,  0.1346, -0.1086],
        [-1.0834,  0.7327,  0.0526, -0.4934],
        [-1.5060,  1.0060,  0.0332, -0.6509],
        [-0.9464,  0.6437,  0.0587, -0.4426],
        [-1.4354,  0.9604,  0.0364, -0.6246],
        [-1.5595,  1.0409,  0.0308, -0.6708],
        [-1.7604, 15.4186, 11.5593, -9.8731],
        [-1.5917,  1.0617,  0.0294, -0.6827],
        [-0.8229,  0.5641,  0.0645, -0.3964],
        [-1.5102,  1.0087,  0.0329, -0.6525],
        [-1.5659,  1.0448,  0.0304, -0.6733],
        [-1.5643,  1.0438,  0.0305, -0.6726],
        [-1.5681,  1.0463,  0.0304, -0.6740]], device='cuda:0',
       grad_fn=<SliceBackward0>)
tensor([8, 1, 0, 0, 0, 0, 0, 0, 0, 0, 0, 0, 0, 5, 1, 8, 1, 0, 0, 0],
       device='cuda:0')
tensor([[-0.3849, -0.2035, -0.2132,  0.0095],
        [ 0.2265, -0.0286, -0.0350,  0.0774],
        [ 0.0735,  0.0671, -0.1079,  0.0079],
        [ 0.1856, -0.0407, -0.0479,  0.0720],
        [ 0.2265, -0.0286, -0.0350,  0.0774],
        [ 0.1915, -0.0180, -0.0488,  0.0663],
        [ 0.2265, -0.0286, -0.0350,  0.0774],
        [ 0.2265, -0.0286, -0.0350,  0.0774],
        [ 0.2265, -0.0286, -0.0350,  0.0774],
        [ 0.2265, -0.0286, -0.0350,  0.0774],
        [ 0.2265, -0.0286, -0.0350,  0.0774],
        [ 0.2265, -0.0286, -0.0350,  0.0774],
        [ 0.2265, -0.0286, -0.0350,  0.0774],
        [ 0.2265, -0.0286, -0.0350,  0.0774],
        [ 0.2265, -0.0286, -0.0350,  0.0774],
        [-0.3914, -0.1711, -0.2232, -0.0053],
        [ 0.2200, -0.0341, -0.0364,  0.0778],
        [ 0.2265, -0.0286, -0.0350,  0.0774],
        [ 0.2265, -0.0286, -0.0350,  0.0774],
        [ 0.2227, -0.0334, -0.0249,  0.0683]], device='cuda:0',
       grad_fn=<SliceBackward0>)
train: {'epoch': 342, 'time_epoch': 13.19422, 'eta': 756.88004, 'eta_hours': 0.21024, 'loss': 0.16039395, 'lr': 5.359e-05, 'params': 553882, 'time_iter': 0.08404, 'mae': 0.16039, 'r2': 0.87081, 'spearmanr': 0.98572, 'mse': 0.52237, 'rmse': 0.72275}
val: {'epoch': 342, 'time_epoch': 0.50028, 'loss': 0.24997082, 'lr': 0, 'params': 553882, 'time_iter': 0.03127, 'mae': 0.24997, 'r2': 0.78808, 'spearmanr': 0.97883, 'mse': 0.8347, 'rmse': 0.91362, 'loss_recon': 0.0, 'loss_recon_node': 0.0, 'loss_recon_edge': 0.0, 'loss_recon_tuple': 0.0, 'loss_recon_nodepe': 0.0, 'loss_recon_edgepe': 0.0}
test: {'epoch': 342, 'time_epoch': 0.50048, 'loss': 0.25764673, 'lr': 0, 'params': 553882, 'time_iter': 0.03128, 'mae': 0.25765, 'r2': 0.87107, 'spearmanr': 0.96922, 'mse': 0.52453, 'rmse': 0.72424, 'loss_recon': 0.0, 'loss_recon_node': 0.0, 'loss_recon_edge': 0.0, 'loss_recon_tuple': 0.0, 'loss_recon_nodepe': 0.0, 'loss_recon_edgepe': 0.0}
> Epoch 342: took 14.2s (avg 14.3s) | Best so far: epoch 339	train_loss: 0.1469 train_mae: 0.1469	val_loss: 0.2435 val_mae: 0.2435	test_loss: 0.2511 test_mae: 0.2511
train: {'epoch': 343, 'time_epoch': 13.19295, 'eta': 743.5875, 'eta_hours': 0.20655, 'loss': 0.14653979, 'lr': 5.179e-05, 'params': 553882, 'time_iter': 0.08403, 'mae': 0.14654, 'r2': 0.93443, 'spearmanr': 0.98786, 'mse': 0.26512, 'rmse': 0.5149}
val: {'epoch': 343, 'time_epoch': 0.50072, 'loss': 0.23932135, 'lr': 0, 'params': 553882, 'time_iter': 0.0313, 'mae': 0.23932, 'r2': 0.79317, 'spearmanr': 0.97957, 'mse': 0.81465, 'rmse': 0.90258, 'loss_recon': 0.0, 'loss_recon_node': 0.0, 'loss_recon_edge': 0.0, 'loss_recon_tuple': 0.0, 'loss_recon_nodepe': 0.0, 'loss_recon_edgepe': 0.0}
test: {'epoch': 343, 'time_epoch': 0.5015, 'loss': 0.24208969, 'lr': 0, 'params': 553882, 'time_iter': 0.03134, 'mae': 0.24209, 'r2': 0.88168, 'spearmanr': 0.97044, 'mse': 0.48135, 'rmse': 0.6938, 'loss_recon': 0.0, 'loss_recon_node': 0.0, 'loss_recon_edge': 0.0, 'loss_recon_tuple': 0.0, 'loss_recon_nodepe': 0.0, 'loss_recon_edgepe': 0.0}
> Epoch 343: took 14.2s (avg 14.3s) | Best so far: epoch 343	train_loss: 0.1465 train_mae: 0.1465	val_loss: 0.2393 val_mae: 0.2393	test_loss: 0.2421 test_mae: 0.2421
train: {'epoch': 344, 'time_epoch': 13.19021, 'eta': 730.2951, 'eta_hours': 0.20286, 'loss': 0.14541773, 'lr': 5.002e-05, 'params': 553882, 'time_iter': 0.08401, 'mae': 0.14542, 'r2': 0.89784, 'spearmanr': 0.98829, 'mse': 0.41308, 'rmse': 0.64272}
val: {'epoch': 344, 'time_epoch': 0.5007, 'loss': 0.26525415, 'lr': 0, 'params': 553882, 'time_iter': 0.03129, 'mae': 0.26525, 'r2': 0.7912, 'spearmanr': 0.97953, 'mse': 0.82241, 'rmse': 0.90687, 'loss_recon': 0.0, 'loss_recon_node': 0.0, 'loss_recon_edge': 0.0, 'loss_recon_tuple': 0.0, 'loss_recon_nodepe': 0.0, 'loss_recon_edgepe': 0.0}
test: {'epoch': 344, 'time_epoch': 0.5001, 'loss': 0.27538505, 'lr': 0, 'params': 553882, 'time_iter': 0.03126, 'mae': 0.27539, 'r2': 0.87536, 'spearmanr': 0.96967, 'mse': 0.50706, 'rmse': 0.71208, 'loss_recon': 0.0, 'loss_recon_node': 0.0, 'loss_recon_edge': 0.0, 'loss_recon_tuple': 0.0, 'loss_recon_nodepe': 0.0, 'loss_recon_edgepe': 0.0}
> Epoch 344: took 14.2s (avg 14.3s) | Best so far: epoch 343	train_loss: 0.1465 train_mae: 0.1465	val_loss: 0.2393 val_mae: 0.2393	test_loss: 0.2421 test_mae: 0.2421
train: {'epoch': 345, 'time_epoch': 13.18423, 'eta': 717.00236, 'eta_hours': 0.19917, 'loss': 0.1448101, 'lr': 4.827e-05, 'params': 553882, 'time_iter': 0.08398, 'mae': 0.14481, 'r2': 0.94962, 'spearmanr': 0.98861, 'mse': 0.20372, 'rmse': 0.45136}
val: {'epoch': 345, 'time_epoch': 0.50024, 'loss': 0.28887938, 'lr': 0, 'params': 553882, 'time_iter': 0.03127, 'mae': 0.28888, 'r2': 0.7938, 'spearmanr': 0.97939, 'mse': 0.81218, 'rmse': 0.90121, 'loss_recon': 0.0, 'loss_recon_node': 0.0, 'loss_recon_edge': 0.0, 'loss_recon_tuple': 0.0, 'loss_recon_nodepe': 0.0, 'loss_recon_edgepe': 0.0}
test: {'epoch': 345, 'time_epoch': 0.5015, 'loss': 0.29214, 'lr': 0, 'params': 553882, 'time_iter': 0.03134, 'mae': 0.29214, 'r2': 0.88457, 'spearmanr': 0.97082, 'mse': 0.4696, 'rmse': 0.68528, 'loss_recon': 0.0, 'loss_recon_node': 0.0, 'loss_recon_edge': 0.0, 'loss_recon_tuple': 0.0, 'loss_recon_nodepe': 0.0, 'loss_recon_edgepe': 0.0}
> Epoch 345: took 14.2s (avg 14.3s) | Best so far: epoch 343	train_loss: 0.1465 train_mae: 0.1465	val_loss: 0.2393 val_mae: 0.2393	test_loss: 0.2421 test_mae: 0.2421
train: {'epoch': 346, 'time_epoch': 13.18348, 'eta': 703.71013, 'eta_hours': 0.19548, 'loss': 0.14105232, 'lr': 4.656e-05, 'params': 553882, 'time_iter': 0.08397, 'mae': 0.14105, 'r2': 0.9003, 'spearmanr': 0.99019, 'mse': 0.40311, 'rmse': 0.63491}
val: {'epoch': 346, 'time_epoch': 0.50073, 'loss': 0.24393792, 'lr': 0, 'params': 553882, 'time_iter': 0.0313, 'mae': 0.24394, 'r2': 0.79536, 'spearmanr': 0.97977, 'mse': 0.80601, 'rmse': 0.89778, 'loss_recon': 0.0, 'loss_recon_node': 0.0, 'loss_recon_edge': 0.0, 'loss_recon_tuple': 0.0, 'loss_recon_nodepe': 0.0, 'loss_recon_edgepe': 0.0}
test: {'epoch': 346, 'time_epoch': 0.50034, 'loss': 0.25074667, 'lr': 0, 'params': 553882, 'time_iter': 0.03127, 'mae': 0.25075, 'r2': 0.88222, 'spearmanr': 0.97048, 'mse': 0.47918, 'rmse': 0.69223, 'loss_recon': 0.0, 'loss_recon_node': 0.0, 'loss_recon_edge': 0.0, 'loss_recon_tuple': 0.0, 'loss_recon_nodepe': 0.0, 'loss_recon_edgepe': 0.0}
> Epoch 346: took 14.2s (avg 14.3s) | Best so far: epoch 343	train_loss: 0.1465 train_mae: 0.1465	val_loss: 0.2393 val_mae: 0.2393	test_loss: 0.2421 test_mae: 0.2421
train: {'epoch': 347, 'time_epoch': 13.17902, 'eta': 690.41785, 'eta_hours': 0.19178, 'loss': 0.14710329, 'lr': 4.488e-05, 'params': 553882, 'time_iter': 0.08394, 'mae': 0.1471, 'r2': 0.93035, 'spearmanr': 0.988, 'mse': 0.28162, 'rmse': 0.53068}
val: {'epoch': 347, 'time_epoch': 0.49938, 'loss': 0.24325274, 'lr': 0, 'params': 553882, 'time_iter': 0.03121, 'mae': 0.24325, 'r2': 0.79551, 'spearmanr': 0.97987, 'mse': 0.80545, 'rmse': 0.89747, 'loss_recon': 0.0, 'loss_recon_node': 0.0, 'loss_recon_edge': 0.0, 'loss_recon_tuple': 0.0, 'loss_recon_nodepe': 0.0, 'loss_recon_edgepe': 0.0}
test: {'epoch': 347, 'time_epoch': 0.50074, 'loss': 0.24804761, 'lr': 0, 'params': 553882, 'time_iter': 0.0313, 'mae': 0.24805, 'r2': 0.88259, 'spearmanr': 0.9708, 'mse': 0.47766, 'rmse': 0.69113, 'loss_recon': 0.0, 'loss_recon_node': 0.0, 'loss_recon_edge': 0.0, 'loss_recon_tuple': 0.0, 'loss_recon_nodepe': 0.0, 'loss_recon_edgepe': 0.0}
> Epoch 347: took 14.2s (avg 14.3s) | Best so far: epoch 343	train_loss: 0.1465 train_mae: 0.1465	val_loss: 0.2393 val_mae: 0.2393	test_loss: 0.2421 test_mae: 0.2421
train: {'epoch': 348, 'time_epoch': 13.18262, 'eta': 677.12676, 'eta_hours': 0.18809, 'loss': 0.14955326, 'lr': 4.323e-05, 'params': 553882, 'time_iter': 0.08397, 'mae': 0.14955, 'r2': 0.93168, 'spearmanr': 0.98853, 'mse': 0.27626, 'rmse': 0.52561}
val: {'epoch': 348, 'time_epoch': 0.50163, 'loss': 0.28545417, 'lr': 0, 'params': 553882, 'time_iter': 0.03135, 'mae': 0.28545, 'r2': 0.79448, 'spearmanr': 0.97978, 'mse': 0.80951, 'rmse': 0.89973, 'loss_recon': 0.0, 'loss_recon_node': 0.0, 'loss_recon_edge': 0.0, 'loss_recon_tuple': 0.0, 'loss_recon_nodepe': 0.0, 'loss_recon_edgepe': 0.0}
test: {'epoch': 348, 'time_epoch': 0.50113, 'loss': 0.2939781, 'lr': 0, 'params': 553882, 'time_iter': 0.03132, 'mae': 0.29398, 'r2': 0.88268, 'spearmanr': 0.9708, 'mse': 0.47728, 'rmse': 0.69085, 'loss_recon': 0.0, 'loss_recon_node': 0.0, 'loss_recon_edge': 0.0, 'loss_recon_tuple': 0.0, 'loss_recon_nodepe': 0.0, 'loss_recon_edgepe': 0.0}
> Epoch 348: took 14.2s (avg 14.3s) | Best so far: epoch 343	train_loss: 0.1465 train_mae: 0.1465	val_loss: 0.2393 val_mae: 0.2393	test_loss: 0.2421 test_mae: 0.2421
train: {'epoch': 349, 'time_epoch': 13.18005, 'eta': 663.83591, 'eta_hours': 0.1844, 'loss': 0.14431878, 'lr': 4.16e-05, 'params': 553882, 'time_iter': 0.08395, 'mae': 0.14432, 'r2': 0.9532, 'spearmanr': 0.9874, 'mse': 0.18922, 'rmse': 0.435}
val: {'epoch': 349, 'time_epoch': 0.50106, 'loss': 0.23929242, 'lr': 0, 'params': 553882, 'time_iter': 0.03132, 'mae': 0.23929, 'r2': 0.79403, 'spearmanr': 0.97959, 'mse': 0.81125, 'rmse': 0.90069, 'loss_recon': 0.0, 'loss_recon_node': 0.0, 'loss_recon_edge': 0.0, 'loss_recon_tuple': 0.0, 'loss_recon_nodepe': 0.0, 'loss_recon_edgepe': 0.0}
test: {'epoch': 349, 'time_epoch': 0.50138, 'loss': 0.2411854, 'lr': 0, 'params': 553882, 'time_iter': 0.03134, 'mae': 0.24119, 'r2': 0.88097, 'spearmanr': 0.97076, 'mse': 0.48424, 'rmse': 0.69587, 'loss_recon': 0.0, 'loss_recon_node': 0.0, 'loss_recon_edge': 0.0, 'loss_recon_tuple': 0.0, 'loss_recon_nodepe': 0.0, 'loss_recon_edgepe': 0.0}
> Epoch 349: took 14.2s (avg 14.3s) | Best so far: epoch 349	train_loss: 0.1443 train_mae: 0.1443	val_loss: 0.2393 val_mae: 0.2393	test_loss: 0.2412 test_mae: 0.2412
train: {'epoch': 350, 'time_epoch': 13.18619, 'eta': 650.54656, 'eta_hours': 0.18071, 'loss': 0.13894296, 'lr': 4.001e-05, 'params': 553882, 'time_iter': 0.08399, 'mae': 0.13894, 'r2': 0.93863, 'spearmanr': 0.98937, 'mse': 0.24815, 'rmse': 0.49814}
val: {'epoch': 350, 'time_epoch': 0.50087, 'loss': 0.24036817, 'lr': 0, 'params': 553882, 'time_iter': 0.0313, 'mae': 0.24037, 'r2': 0.79413, 'spearmanr': 0.97979, 'mse': 0.81087, 'rmse': 0.90048, 'loss_recon': 0.0, 'loss_recon_node': 0.0, 'loss_recon_edge': 0.0, 'loss_recon_tuple': 0.0, 'loss_recon_nodepe': 0.0, 'loss_recon_edgepe': 0.0}
test: {'epoch': 350, 'time_epoch': 0.50067, 'loss': 0.24099777, 'lr': 0, 'params': 553882, 'time_iter': 0.03129, 'mae': 0.241, 'r2': 0.88122, 'spearmanr': 0.97103, 'mse': 0.48324, 'rmse': 0.69516, 'loss_recon': 0.0, 'loss_recon_node': 0.0, 'loss_recon_edge': 0.0, 'loss_recon_tuple': 0.0, 'loss_recon_nodepe': 0.0, 'loss_recon_edgepe': 0.0}
> Epoch 350: took 14.2s (avg 14.3s) | Best so far: epoch 349	train_loss: 0.1443 train_mae: 0.1443	val_loss: 0.2393 val_mae: 0.2393	test_loss: 0.2412 test_mae: 0.2412
tensor([2, 1, 2, 1, 1, 1, 1, 1, 1, 1, 5, 1, 1, 1, 3, 1, 1, 9, 1, 1],
       device='cuda:0')
tensor([[-1.5824,  1.0555,  0.0298, -0.6788],
        [-0.9367,  0.6366,  0.0587, -0.4387],
        [-0.2872,  0.2414,  0.1073, -0.1764],
        [-1.0946,  0.7390,  0.0516, -0.4974],
        [-1.5937,  1.0629,  0.0294, -0.6829],
        [-1.5930,  1.0625,  0.0294, -0.6827],
        [-1.5809,  1.0545,  0.0299, -0.6782],
        [-1.5721,  1.0488,  0.0303, -0.6750],
        [-1.5802,  1.0540,  0.0299, -0.6780],
        [-1.5744,  1.0502,  0.0301, -0.6758],
        [-0.5700,  0.3989,  0.0752, -0.3022],
        [-0.6568,  0.4553,  0.0713, -0.3344],
        [-0.7990,  0.5473,  0.0648, -0.3875],
        [-0.9667,  0.6560,  0.0573, -0.4499],
        [-0.2982,  0.2459,  0.1048, -0.1826],
        [-0.2062,  0.2078,  0.1251, -0.1312],
        [-0.1650,  0.1907,  0.1342, -0.1082],
        [-0.1650,  0.1907,  0.1342, -0.1082],
        [-0.3565,  0.2701,  0.0920, -0.2151],
        [-0.1650,  0.1907,  0.1342, -0.1082]], device='cuda:0',
       grad_fn=<SliceBackward0>)
tensor([8, 2, 0, 0, 0, 0, 0, 0, 0, 0, 0, 0, 0, 0, 0, 0, 0, 0, 0, 0],
       device='cuda:0')
tensor([[ 0.2266, -0.0286, -0.0350,  0.0773],
        [ 0.2266, -0.0286, -0.0350,  0.0773],
        [ 0.2266, -0.0286, -0.0350,  0.0773],
        [ 0.2266, -0.0286, -0.0350,  0.0773],
        [ 0.2266, -0.0286, -0.0350,  0.0773],
        [ 0.2266, -0.0286, -0.0350,  0.0773],
        [ 0.2266, -0.0286, -0.0350,  0.0773],
        [ 0.2266, -0.0286, -0.0350,  0.0773],
        [ 0.2266, -0.0286, -0.0350,  0.0773],
        [ 0.2266, -0.0286, -0.0350,  0.0773],
        [ 0.2266, -0.0286, -0.0350,  0.0773],
        [ 0.2266, -0.0286, -0.0350,  0.0773],
        [ 0.2266, -0.0286, -0.0350,  0.0773],
        [ 0.2266, -0.0286, -0.0350,  0.0773],
        [ 0.2128, -0.0456,  0.0011,  0.0452],
        [ 0.2266, -0.0286, -0.0350,  0.0773],
        [ 0.2266, -0.0286, -0.0350,  0.0773],
        [ 0.1390, -0.1018, -0.0539,  0.0827],
        [ 0.2266, -0.0286, -0.0350,  0.0773],
        [ 0.2264, -0.0292, -0.0352,  0.0772]], device='cuda:0',
       grad_fn=<SliceBackward0>)
train: {'epoch': 351, 'time_epoch': 13.20499, 'eta': 637.26035, 'eta_hours': 0.17702, 'loss': 0.14452917, 'lr': 3.845e-05, 'params': 553882, 'time_iter': 0.08411, 'mae': 0.14453, 'r2': 0.91989, 'spearmanr': 0.98792, 'mse': 0.32391, 'rmse': 0.56913}
val: {'epoch': 351, 'time_epoch': 0.50104, 'loss': 0.23700663, 'lr': 0, 'params': 553882, 'time_iter': 0.03132, 'mae': 0.23701, 'r2': 0.79429, 'spearmanr': 0.97985, 'mse': 0.81024, 'rmse': 0.90013, 'loss_recon': 0.0, 'loss_recon_node': 0.0, 'loss_recon_edge': 0.0, 'loss_recon_tuple': 0.0, 'loss_recon_nodepe': 0.0, 'loss_recon_edgepe': 0.0}
test: {'epoch': 351, 'time_epoch': 0.50118, 'loss': 0.23963035, 'lr': 0, 'params': 553882, 'time_iter': 0.03132, 'mae': 0.23963, 'r2': 0.88301, 'spearmanr': 0.97105, 'mse': 0.47594, 'rmse': 0.68988, 'loss_recon': 0.0, 'loss_recon_node': 0.0, 'loss_recon_edge': 0.0, 'loss_recon_tuple': 0.0, 'loss_recon_nodepe': 0.0, 'loss_recon_edgepe': 0.0}
> Epoch 351: took 14.2s (avg 14.3s) | Best so far: epoch 351	train_loss: 0.1445 train_mae: 0.1445	val_loss: 0.2370 val_mae: 0.2370	test_loss: 0.2396 test_mae: 0.2396
train: {'epoch': 352, 'time_epoch': 13.18451, 'eta': 623.97188, 'eta_hours': 0.17333, 'loss': 0.14819482, 'lr': 3.691e-05, 'params': 553882, 'time_iter': 0.08398, 'mae': 0.14819, 'r2': 0.88825, 'spearmanr': 0.98704, 'mse': 0.45186, 'rmse': 0.67221}
val: {'epoch': 352, 'time_epoch': 0.50166, 'loss': 0.2388122, 'lr': 0, 'params': 553882, 'time_iter': 0.03135, 'mae': 0.23881, 'r2': 0.79417, 'spearmanr': 0.97949, 'mse': 0.8107, 'rmse': 0.90039, 'loss_recon': 0.0, 'loss_recon_node': 0.0, 'loss_recon_edge': 0.0, 'loss_recon_tuple': 0.0, 'loss_recon_nodepe': 0.0, 'loss_recon_edgepe': 0.0}
test: {'epoch': 352, 'time_epoch': 0.50357, 'loss': 0.24136708, 'lr': 0, 'params': 553882, 'time_iter': 0.03147, 'mae': 0.24137, 'r2': 0.88101, 'spearmanr': 0.97057, 'mse': 0.48407, 'rmse': 0.69575, 'loss_recon': 0.0, 'loss_recon_node': 0.0, 'loss_recon_edge': 0.0, 'loss_recon_tuple': 0.0, 'loss_recon_nodepe': 0.0, 'loss_recon_edgepe': 0.0}
> Epoch 352: took 14.2s (avg 14.3s) | Best so far: epoch 351	train_loss: 0.1445 train_mae: 0.1445	val_loss: 0.2370 val_mae: 0.2370	test_loss: 0.2396 test_mae: 0.2396
train: {'epoch': 353, 'time_epoch': 13.18893, 'eta': 610.68457, 'eta_hours': 0.16963, 'loss': 0.14763339, 'lr': 3.541e-05, 'params': 553882, 'time_iter': 0.08401, 'mae': 0.14763, 'r2': 0.92403, 'spearmanr': 0.98809, 'mse': 0.30719, 'rmse': 0.55425}
val: {'epoch': 353, 'time_epoch': 0.50296, 'loss': 0.23835197, 'lr': 0, 'params': 553882, 'time_iter': 0.03144, 'mae': 0.23835, 'r2': 0.79412, 'spearmanr': 0.97961, 'mse': 0.81091, 'rmse': 0.9005, 'loss_recon': 0.0, 'loss_recon_node': 0.0, 'loss_recon_edge': 0.0, 'loss_recon_tuple': 0.0, 'loss_recon_nodepe': 0.0, 'loss_recon_edgepe': 0.0}
test: {'epoch': 353, 'time_epoch': 0.50183, 'loss': 0.24075853, 'lr': 0, 'params': 553882, 'time_iter': 0.03136, 'mae': 0.24076, 'r2': 0.88147, 'spearmanr': 0.97081, 'mse': 0.48221, 'rmse': 0.69441, 'loss_recon': 0.0, 'loss_recon_node': 0.0, 'loss_recon_edge': 0.0, 'loss_recon_tuple': 0.0, 'loss_recon_nodepe': 0.0, 'loss_recon_edgepe': 0.0}
> Epoch 353: took 14.2s (avg 14.3s) | Best so far: epoch 351	train_loss: 0.1445 train_mae: 0.1445	val_loss: 0.2370 val_mae: 0.2370	test_loss: 0.2396 test_mae: 0.2396
train: {'epoch': 354, 'time_epoch': 13.18627, 'eta': 597.39747, 'eta_hours': 0.16594, 'loss': 0.14640729, 'lr': 3.394e-05, 'params': 553882, 'time_iter': 0.08399, 'mae': 0.14641, 'r2': 0.89576, 'spearmanr': 0.98826, 'mse': 0.42147, 'rmse': 0.6492}
val: {'epoch': 354, 'time_epoch': 0.5015, 'loss': 0.25262388, 'lr': 0, 'params': 553882, 'time_iter': 0.03134, 'mae': 0.25262, 'r2': 0.79546, 'spearmanr': 0.97962, 'mse': 0.80565, 'rmse': 0.89758, 'loss_recon': 0.0, 'loss_recon_node': 0.0, 'loss_recon_edge': 0.0, 'loss_recon_tuple': 0.0, 'loss_recon_nodepe': 0.0, 'loss_recon_edgepe': 0.0}
test: {'epoch': 354, 'time_epoch': 0.49935, 'loss': 0.25684343, 'lr': 0, 'params': 553882, 'time_iter': 0.03121, 'mae': 0.25684, 'r2': 0.88474, 'spearmanr': 0.97089, 'mse': 0.46892, 'rmse': 0.68478, 'loss_recon': 0.0, 'loss_recon_node': 0.0, 'loss_recon_edge': 0.0, 'loss_recon_tuple': 0.0, 'loss_recon_nodepe': 0.0, 'loss_recon_edgepe': 0.0}
> Epoch 354: took 14.2s (avg 14.3s) | Best so far: epoch 351	train_loss: 0.1445 train_mae: 0.1445	val_loss: 0.2370 val_mae: 0.2370	test_loss: 0.2396 test_mae: 0.2396
train: {'epoch': 355, 'time_epoch': 13.18754, 'eta': 584.1111, 'eta_hours': 0.16225, 'loss': 0.14713222, 'lr': 3.249e-05, 'params': 553882, 'time_iter': 0.084, 'mae': 0.14713, 'r2': 0.87869, 'spearmanr': 0.98816, 'mse': 0.49052, 'rmse': 0.70037}
val: {'epoch': 355, 'time_epoch': 0.50205, 'loss': 0.23750189, 'lr': 0, 'params': 553882, 'time_iter': 0.03138, 'mae': 0.2375, 'r2': 0.79508, 'spearmanr': 0.97972, 'mse': 0.80712, 'rmse': 0.8984, 'loss_recon': 0.0, 'loss_recon_node': 0.0, 'loss_recon_edge': 0.0, 'loss_recon_tuple': 0.0, 'loss_recon_nodepe': 0.0, 'loss_recon_edgepe': 0.0}
test: {'epoch': 355, 'time_epoch': 0.50279, 'loss': 0.23903452, 'lr': 0, 'params': 553882, 'time_iter': 0.03142, 'mae': 0.23903, 'r2': 0.88374, 'spearmanr': 0.9709, 'mse': 0.47299, 'rmse': 0.68774, 'loss_recon': 0.0, 'loss_recon_node': 0.0, 'loss_recon_edge': 0.0, 'loss_recon_tuple': 0.0, 'loss_recon_nodepe': 0.0, 'loss_recon_edgepe': 0.0}
> Epoch 355: took 14.2s (avg 14.3s) | Best so far: epoch 351	train_loss: 0.1445 train_mae: 0.1445	val_loss: 0.2370 val_mae: 0.2370	test_loss: 0.2396 test_mae: 0.2396
train: {'epoch': 356, 'time_epoch': 13.18745, 'eta': 570.82527, 'eta_hours': 0.15856, 'loss': 0.14341811, 'lr': 3.108e-05, 'params': 553882, 'time_iter': 0.084, 'mae': 0.14342, 'r2': 0.8945, 'spearmanr': 0.98853, 'mse': 0.42657, 'rmse': 0.65312}
val: {'epoch': 356, 'time_epoch': 0.50325, 'loss': 0.24062743, 'lr': 0, 'params': 553882, 'time_iter': 0.03145, 'mae': 0.24063, 'r2': 0.79296, 'spearmanr': 0.97959, 'mse': 0.81549, 'rmse': 0.90304, 'loss_recon': 0.0, 'loss_recon_node': 0.0, 'loss_recon_edge': 0.0, 'loss_recon_tuple': 0.0, 'loss_recon_nodepe': 0.0, 'loss_recon_edgepe': 0.0}
test: {'epoch': 356, 'time_epoch': 0.50139, 'loss': 0.24389276, 'lr': 0, 'params': 553882, 'time_iter': 0.03134, 'mae': 0.24389, 'r2': 0.88202, 'spearmanr': 0.97069, 'mse': 0.47996, 'rmse': 0.69279, 'loss_recon': 0.0, 'loss_recon_node': 0.0, 'loss_recon_edge': 0.0, 'loss_recon_tuple': 0.0, 'loss_recon_nodepe': 0.0, 'loss_recon_edgepe': 0.0}
> Epoch 356: took 14.2s (avg 14.3s) | Best so far: epoch 351	train_loss: 0.1445 train_mae: 0.1445	val_loss: 0.2370 val_mae: 0.2370	test_loss: 0.2396 test_mae: 0.2396
train: {'epoch': 357, 'time_epoch': 13.18351, 'eta': 557.53953, 'eta_hours': 0.15487, 'loss': 0.14899732, 'lr': 2.97e-05, 'params': 553882, 'time_iter': 0.08397, 'mae': 0.149, 'r2': 0.89496, 'spearmanr': 0.98738, 'mse': 0.42472, 'rmse': 0.65171}
val: {'epoch': 357, 'time_epoch': 0.50057, 'loss': 0.24684399, 'lr': 0, 'params': 553882, 'time_iter': 0.03129, 'mae': 0.24684, 'r2': 0.79408, 'spearmanr': 0.9796, 'mse': 0.81107, 'rmse': 0.9006, 'loss_recon': 0.0, 'loss_recon_node': 0.0, 'loss_recon_edge': 0.0, 'loss_recon_tuple': 0.0, 'loss_recon_nodepe': 0.0, 'loss_recon_edgepe': 0.0}
test: {'epoch': 357, 'time_epoch': 0.50097, 'loss': 0.25143059, 'lr': 0, 'params': 553882, 'time_iter': 0.03131, 'mae': 0.25143, 'r2': 0.8828, 'spearmanr': 0.97066, 'mse': 0.47679, 'rmse': 0.6905, 'loss_recon': 0.0, 'loss_recon_node': 0.0, 'loss_recon_edge': 0.0, 'loss_recon_tuple': 0.0, 'loss_recon_nodepe': 0.0, 'loss_recon_edgepe': 0.0}
> Epoch 357: took 14.2s (avg 14.3s) | Best so far: epoch 351	train_loss: 0.1445 train_mae: 0.1445	val_loss: 0.2370 val_mae: 0.2370	test_loss: 0.2396 test_mae: 0.2396
train: {'epoch': 358, 'time_epoch': 13.18646, 'eta': 544.2547, 'eta_hours': 0.15118, 'loss': 0.14894278, 'lr': 2.834e-05, 'params': 553882, 'time_iter': 0.08399, 'mae': 0.14894, 'r2': 0.88247, 'spearmanr': 0.98899, 'mse': 0.47524, 'rmse': 0.68938}
val: {'epoch': 358, 'time_epoch': 0.50083, 'loss': 0.23596935, 'lr': 0, 'params': 553882, 'time_iter': 0.0313, 'mae': 0.23597, 'r2': 0.79342, 'spearmanr': 0.98008, 'mse': 0.81368, 'rmse': 0.90204, 'loss_recon': 0.0, 'loss_recon_node': 0.0, 'loss_recon_edge': 0.0, 'loss_recon_tuple': 0.0, 'loss_recon_nodepe': 0.0, 'loss_recon_edgepe': 0.0}
test: {'epoch': 358, 'time_epoch': 0.50448, 'loss': 0.23881378, 'lr': 0, 'params': 553882, 'time_iter': 0.03153, 'mae': 0.23881, 'r2': 0.88054, 'spearmanr': 0.97094, 'mse': 0.48602, 'rmse': 0.69715, 'loss_recon': 0.0, 'loss_recon_node': 0.0, 'loss_recon_edge': 0.0, 'loss_recon_tuple': 0.0, 'loss_recon_nodepe': 0.0, 'loss_recon_edgepe': 0.0}
> Epoch 358: took 14.2s (avg 14.3s) | Best so far: epoch 358	train_loss: 0.1489 train_mae: 0.1489	val_loss: 0.2360 val_mae: 0.2360	test_loss: 0.2388 test_mae: 0.2388
train: {'epoch': 359, 'time_epoch': 13.18788, 'eta': 530.97057, 'eta_hours': 0.14749, 'loss': 0.14729196, 'lr': 2.702e-05, 'params': 553882, 'time_iter': 0.084, 'mae': 0.14729, 'r2': 0.87546, 'spearmanr': 0.98784, 'mse': 0.50358, 'rmse': 0.70963}
val: {'epoch': 359, 'time_epoch': 0.5006, 'loss': 0.23521287, 'lr': 0, 'params': 553882, 'time_iter': 0.03129, 'mae': 0.23521, 'r2': 0.79579, 'spearmanr': 0.98013, 'mse': 0.80434, 'rmse': 0.89685, 'loss_recon': 0.0, 'loss_recon_node': 0.0, 'loss_recon_edge': 0.0, 'loss_recon_tuple': 0.0, 'loss_recon_nodepe': 0.0, 'loss_recon_edgepe': 0.0}
test: {'epoch': 359, 'time_epoch': 0.50058, 'loss': 0.23585472, 'lr': 0, 'params': 553882, 'time_iter': 0.03129, 'mae': 0.23585, 'r2': 0.886, 'spearmanr': 0.97131, 'mse': 0.4638, 'rmse': 0.68103, 'loss_recon': 0.0, 'loss_recon_node': 0.0, 'loss_recon_edge': 0.0, 'loss_recon_tuple': 0.0, 'loss_recon_nodepe': 0.0, 'loss_recon_edgepe': 0.0}
> Epoch 359: took 14.2s (avg 14.3s) | Best so far: epoch 359	train_loss: 0.1473 train_mae: 0.1473	val_loss: 0.2352 val_mae: 0.2352	test_loss: 0.2359 test_mae: 0.2359
tensor([1, 1, 1, 1, 1, 1, 1, 1, 6, 5, 3, 1, 3, 3, 1, 1, 1, 2, 3, 1],
       device='cuda:0')
tensor([[-1.2000,  0.8100,  0.0488, -0.5352],
        [-1.4446,  0.9686,  0.0379, -0.6264],
        [-1.4427,  0.9673,  0.0379, -0.6257],
        [-1.4329,  0.9610,  0.0383, -0.6221],
        [-1.4391,  0.9650,  0.0381, -0.6244],
        [-1.4384,  0.9645,  0.0381, -0.6241],
        [-1.4506,  0.9725,  0.0376, -0.6286],
        [-1.4149,  0.9492,  0.0390, -0.6155],
        [-0.6930,  0.4818,  0.0720, -0.3457],
        [-0.3426,  0.2643,  0.0950, -0.2073],
        [-1.2536,  0.8447,  0.0463, -0.5553],
        [-1.4321,  0.9604,  0.0383, -0.6218],
        [-1.4189,  0.9517,  0.0389, -0.6170],
        [-1.4205,  0.9528,  0.0388, -0.6175],
        [-1.4392,  0.9650,  0.0380, -0.6244],
        [-1.4348,  0.9622,  0.0382, -0.6228],
        [-1.4109,  0.9465,  0.0392, -0.6140],
        [-1.4393,  0.9651,  0.0380, -0.6245],
        [-0.5478,  0.3880,  0.0788, -0.2912],
        [-1.4425,  0.9673,  0.0379, -0.6256]], device='cuda:0',
       grad_fn=<SliceBackward0>)
tensor([8, 1, 0, 0, 0, 0, 0, 0, 0, 0, 0, 0, 0, 0, 0, 0, 0, 0, 0, 0],
       device='cuda:0')
tensor([[-4.6342e-01, -2.3475e-01, -2.3482e-01,  4.1489e-03],
        [ 2.2661e-01, -2.8488e-02, -3.4899e-02,  7.7274e-02],
        [ 2.2661e-01, -2.8488e-02, -3.4899e-02,  7.7274e-02],
        [ 2.2661e-01, -2.8488e-02, -3.4899e-02,  7.7274e-02],
        [ 2.2661e-01, -2.8488e-02, -3.4899e-02,  7.7274e-02],
        [ 2.2661e-01, -2.8488e-02, -3.4899e-02,  7.7274e-02],
        [ 1.8027e-01, -3.1740e-04, -5.7146e-02,  5.6206e-02],
        [ 2.2661e-01, -2.8488e-02, -3.4899e-02,  7.7274e-02],
        [ 2.2661e-01, -2.8488e-02, -3.4899e-02,  7.7274e-02],
        [ 2.2661e-01, -2.8488e-02, -3.4899e-02,  7.7274e-02],
        [ 2.2661e-01, -2.8488e-02, -3.4899e-02,  7.7274e-02],
        [ 2.2661e-01, -2.8488e-02, -3.4899e-02,  7.7274e-02],
        [ 2.2661e-01, -2.8488e-02, -3.4899e-02,  7.7274e-02],
        [ 2.2661e-01, -2.8488e-02, -3.4899e-02,  7.7274e-02],
        [ 2.2661e-01, -2.8488e-02, -3.4899e-02,  7.7274e-02],
        [ 2.2661e-01, -2.8488e-02, -3.4899e-02,  7.7274e-02],
        [ 2.2661e-01, -2.8488e-02, -3.4899e-02,  7.7274e-02],
        [ 2.2661e-01, -2.8488e-02, -3.4899e-02,  7.7274e-02],
        [ 2.2661e-01, -2.8488e-02, -3.4899e-02,  7.7274e-02],
        [ 2.2661e-01, -2.8488e-02, -3.4899e-02,  7.7274e-02]], device='cuda:0',
       grad_fn=<SliceBackward0>)
train: {'epoch': 360, 'time_epoch': 13.19548, 'eta': 517.68779, 'eta_hours': 0.1438, 'loss': 0.15034755, 'lr': 2.573e-05, 'params': 553882, 'time_iter': 0.08405, 'mae': 0.15035, 'r2': 0.88256, 'spearmanr': 0.9866, 'mse': 0.47487, 'rmse': 0.68911}
val: {'epoch': 360, 'time_epoch': 0.50179, 'loss': 0.23832444, 'lr': 0, 'params': 553882, 'time_iter': 0.03136, 'mae': 0.23832, 'r2': 0.79464, 'spearmanr': 0.97994, 'mse': 0.80887, 'rmse': 0.89937, 'loss_recon': 0.0, 'loss_recon_node': 0.0, 'loss_recon_edge': 0.0, 'loss_recon_tuple': 0.0, 'loss_recon_nodepe': 0.0, 'loss_recon_edgepe': 0.0}
test: {'epoch': 360, 'time_epoch': 0.50239, 'loss': 0.23720317, 'lr': 0, 'params': 553882, 'time_iter': 0.0314, 'mae': 0.2372, 'r2': 0.88539, 'spearmanr': 0.97118, 'mse': 0.46626, 'rmse': 0.68283, 'loss_recon': 0.0, 'loss_recon_node': 0.0, 'loss_recon_edge': 0.0, 'loss_recon_tuple': 0.0, 'loss_recon_nodepe': 0.0, 'loss_recon_edgepe': 0.0}
> Epoch 360: took 14.2s (avg 14.3s) | Best so far: epoch 359	train_loss: 0.1473 train_mae: 0.1473	val_loss: 0.2352 val_mae: 0.2352	test_loss: 0.2359 test_mae: 0.2359
train: {'epoch': 361, 'time_epoch': 13.19364, 'eta': 504.4053, 'eta_hours': 0.14011, 'loss': 0.14740334, 'lr': 2.447e-05, 'params': 553882, 'time_iter': 0.08404, 'mae': 0.1474, 'r2': 0.88762, 'spearmanr': 0.98866, 'mse': 0.4544, 'rmse': 0.67409}
val: {'epoch': 361, 'time_epoch': 0.50112, 'loss': 0.23565661, 'lr': 0, 'params': 553882, 'time_iter': 0.03132, 'mae': 0.23566, 'r2': 0.79538, 'spearmanr': 0.97993, 'mse': 0.80596, 'rmse': 0.89775, 'loss_recon': 0.0, 'loss_recon_node': 0.0, 'loss_recon_edge': 0.0, 'loss_recon_tuple': 0.0, 'loss_recon_nodepe': 0.0, 'loss_recon_edgepe': 0.0}
test: {'epoch': 361, 'time_epoch': 0.50088, 'loss': 0.23631821, 'lr': 0, 'params': 553882, 'time_iter': 0.0313, 'mae': 0.23632, 'r2': 0.88513, 'spearmanr': 0.97119, 'mse': 0.46732, 'rmse': 0.6836, 'loss_recon': 0.0, 'loss_recon_node': 0.0, 'loss_recon_edge': 0.0, 'loss_recon_tuple': 0.0, 'loss_recon_nodepe': 0.0, 'loss_recon_edgepe': 0.0}
> Epoch 361: took 14.2s (avg 14.3s) | Best so far: epoch 359	train_loss: 0.1473 train_mae: 0.1473	val_loss: 0.2352 val_mae: 0.2352	test_loss: 0.2359 test_mae: 0.2359
train: {'epoch': 362, 'time_epoch': 13.18736, 'eta': 491.12267, 'eta_hours': 0.13642, 'loss': 0.13670417, 'lr': 2.324e-05, 'params': 553882, 'time_iter': 0.084, 'mae': 0.1367, 'r2': 0.94671, 'spearmanr': 0.98961, 'mse': 0.21548, 'rmse': 0.4642}
val: {'epoch': 362, 'time_epoch': 0.50187, 'loss': 0.25143269, 'lr': 0, 'params': 553882, 'time_iter': 0.03137, 'mae': 0.25143, 'r2': 0.79443, 'spearmanr': 0.98024, 'mse': 0.80969, 'rmse': 0.89983, 'loss_recon': 0.0, 'loss_recon_node': 0.0, 'loss_recon_edge': 0.0, 'loss_recon_tuple': 0.0, 'loss_recon_nodepe': 0.0, 'loss_recon_edgepe': 0.0}
test: {'epoch': 362, 'time_epoch': 0.50173, 'loss': 0.25515824, 'lr': 0, 'params': 553882, 'time_iter': 0.03136, 'mae': 0.25516, 'r2': 0.88514, 'spearmanr': 0.97151, 'mse': 0.46728, 'rmse': 0.68358, 'loss_recon': 0.0, 'loss_recon_node': 0.0, 'loss_recon_edge': 0.0, 'loss_recon_tuple': 0.0, 'loss_recon_nodepe': 0.0, 'loss_recon_edgepe': 0.0}
> Epoch 362: took 14.2s (avg 14.3s) | Best so far: epoch 359	train_loss: 0.1473 train_mae: 0.1473	val_loss: 0.2352 val_mae: 0.2352	test_loss: 0.2359 test_mae: 0.2359
train: {'epoch': 363, 'time_epoch': 13.17594, 'eta': 477.83943, 'eta_hours': 0.13273, 'loss': 0.1462341, 'lr': 2.204e-05, 'params': 553882, 'time_iter': 0.08392, 'mae': 0.14623, 'r2': 0.88651, 'spearmanr': 0.9884, 'mse': 0.45888, 'rmse': 0.67741}
val: {'epoch': 363, 'time_epoch': 0.50042, 'loss': 0.23631853, 'lr': 0, 'params': 553882, 'time_iter': 0.03128, 'mae': 0.23632, 'r2': 0.79413, 'spearmanr': 0.98015, 'mse': 0.81087, 'rmse': 0.90048, 'loss_recon': 0.0, 'loss_recon_node': 0.0, 'loss_recon_edge': 0.0, 'loss_recon_tuple': 0.0, 'loss_recon_nodepe': 0.0, 'loss_recon_edgepe': 0.0}
test: {'epoch': 363, 'time_epoch': 0.50087, 'loss': 0.23704633, 'lr': 0, 'params': 553882, 'time_iter': 0.0313, 'mae': 0.23705, 'r2': 0.8843, 'spearmanr': 0.97132, 'mse': 0.4707, 'rmse': 0.68608, 'loss_recon': 0.0, 'loss_recon_node': 0.0, 'loss_recon_edge': 0.0, 'loss_recon_tuple': 0.0, 'loss_recon_nodepe': 0.0, 'loss_recon_edgepe': 0.0}
> Epoch 363: took 14.2s (avg 14.3s) | Best so far: epoch 359	train_loss: 0.1473 train_mae: 0.1473	val_loss: 0.2352 val_mae: 0.2352	test_loss: 0.2359 test_mae: 0.2359
train: {'epoch': 364, 'time_epoch': 13.18275, 'eta': 464.55742, 'eta_hours': 0.12904, 'loss': 0.13615424, 'lr': 2.088e-05, 'params': 553882, 'time_iter': 0.08397, 'mae': 0.13615, 'r2': 0.91084, 'spearmanr': 0.98894, 'mse': 0.3605, 'rmse': 0.60041}
val: {'epoch': 364, 'time_epoch': 0.50061, 'loss': 0.24732099, 'lr': 0, 'params': 553882, 'time_iter': 0.03129, 'mae': 0.24732, 'r2': 0.79334, 'spearmanr': 0.97989, 'mse': 0.81398, 'rmse': 0.90221, 'loss_recon': 0.0, 'loss_recon_node': 0.0, 'loss_recon_edge': 0.0, 'loss_recon_tuple': 0.0, 'loss_recon_nodepe': 0.0, 'loss_recon_edgepe': 0.0}
test: {'epoch': 364, 'time_epoch': 0.50187, 'loss': 0.25042397, 'lr': 0, 'params': 553882, 'time_iter': 0.03137, 'mae': 0.25042, 'r2': 0.88261, 'spearmanr': 0.97107, 'mse': 0.47757, 'rmse': 0.69106, 'loss_recon': 0.0, 'loss_recon_node': 0.0, 'loss_recon_edge': 0.0, 'loss_recon_tuple': 0.0, 'loss_recon_nodepe': 0.0, 'loss_recon_edgepe': 0.0}
> Epoch 364: took 14.2s (avg 14.3s) | Best so far: epoch 359	train_loss: 0.1473 train_mae: 0.1473	val_loss: 0.2352 val_mae: 0.2352	test_loss: 0.2359 test_mae: 0.2359
train: {'epoch': 365, 'time_epoch': 13.18783, 'eta': 451.27644, 'eta_hours': 0.12535, 'loss': 0.14539181, 'lr': 1.974e-05, 'params': 553882, 'time_iter': 0.084, 'mae': 0.14539, 'r2': 0.87682, 'spearmanr': 0.98823, 'mse': 0.49806, 'rmse': 0.70573}
val: {'epoch': 365, 'time_epoch': 0.50117, 'loss': 0.23743019, 'lr': 0, 'params': 553882, 'time_iter': 0.03132, 'mae': 0.23743, 'r2': 0.79262, 'spearmanr': 0.97968, 'mse': 0.81683, 'rmse': 0.90379, 'loss_recon': 0.0, 'loss_recon_node': 0.0, 'loss_recon_edge': 0.0, 'loss_recon_tuple': 0.0, 'loss_recon_nodepe': 0.0, 'loss_recon_edgepe': 0.0}
test: {'epoch': 365, 'time_epoch': 0.5008, 'loss': 0.23927833, 'lr': 0, 'params': 553882, 'time_iter': 0.0313, 'mae': 0.23928, 'r2': 0.88096, 'spearmanr': 0.97076, 'mse': 0.48429, 'rmse': 0.69591, 'loss_recon': 0.0, 'loss_recon_node': 0.0, 'loss_recon_edge': 0.0, 'loss_recon_tuple': 0.0, 'loss_recon_nodepe': 0.0, 'loss_recon_edgepe': 0.0}
> Epoch 365: took 14.2s (avg 14.3s) | Best so far: epoch 359	train_loss: 0.1473 train_mae: 0.1473	val_loss: 0.2352 val_mae: 0.2352	test_loss: 0.2359 test_mae: 0.2359
train: {'epoch': 366, 'time_epoch': 13.18758, 'eta': 437.99593, 'eta_hours': 0.12167, 'loss': 0.14004234, 'lr': 1.864e-05, 'params': 553882, 'time_iter': 0.084, 'mae': 0.14004, 'r2': 0.88856, 'spearmanr': 0.9876, 'mse': 0.4506, 'rmse': 0.67127}
val: {'epoch': 366, 'time_epoch': 0.50026, 'loss': 0.2414804, 'lr': 0, 'params': 553882, 'time_iter': 0.03127, 'mae': 0.24148, 'r2': 0.79665, 'spearmanr': 0.98008, 'mse': 0.80096, 'rmse': 0.89496, 'loss_recon': 0.0, 'loss_recon_node': 0.0, 'loss_recon_edge': 0.0, 'loss_recon_tuple': 0.0, 'loss_recon_nodepe': 0.0, 'loss_recon_edgepe': 0.0}
test: {'epoch': 366, 'time_epoch': 0.5009, 'loss': 0.23999313, 'lr': 0, 'params': 553882, 'time_iter': 0.03131, 'mae': 0.23999, 'r2': 0.88834, 'spearmanr': 0.9716, 'mse': 0.45425, 'rmse': 0.67398, 'loss_recon': 0.0, 'loss_recon_node': 0.0, 'loss_recon_edge': 0.0, 'loss_recon_tuple': 0.0, 'loss_recon_nodepe': 0.0, 'loss_recon_edgepe': 0.0}
> Epoch 366: took 14.2s (avg 14.3s) | Best so far: epoch 359	train_loss: 0.1473 train_mae: 0.1473	val_loss: 0.2352 val_mae: 0.2352	test_loss: 0.2359 test_mae: 0.2359
train: {'epoch': 367, 'time_epoch': 13.17959, 'eta': 424.71524, 'eta_hours': 0.11798, 'loss': 0.14063196, 'lr': 1.756e-05, 'params': 553882, 'time_iter': 0.08395, 'mae': 0.14063, 'r2': 0.93305, 'spearmanr': 0.98855, 'mse': 0.27071, 'rmse': 0.5203}
val: {'epoch': 367, 'time_epoch': 0.50101, 'loss': 0.23550352, 'lr': 0, 'params': 553882, 'time_iter': 0.03131, 'mae': 0.2355, 'r2': 0.79472, 'spearmanr': 0.98002, 'mse': 0.80856, 'rmse': 0.8992, 'loss_recon': 0.0, 'loss_recon_node': 0.0, 'loss_recon_edge': 0.0, 'loss_recon_tuple': 0.0, 'loss_recon_nodepe': 0.0, 'loss_recon_edgepe': 0.0}
test: {'epoch': 367, 'time_epoch': 0.50156, 'loss': 0.23617874, 'lr': 0, 'params': 553882, 'time_iter': 0.03135, 'mae': 0.23618, 'r2': 0.88452, 'spearmanr': 0.97125, 'mse': 0.4698, 'rmse': 0.68542, 'loss_recon': 0.0, 'loss_recon_node': 0.0, 'loss_recon_edge': 0.0, 'loss_recon_tuple': 0.0, 'loss_recon_nodepe': 0.0, 'loss_recon_edgepe': 0.0}
> Epoch 367: took 14.2s (avg 14.3s) | Best so far: epoch 359	train_loss: 0.1473 train_mae: 0.1473	val_loss: 0.2352 val_mae: 0.2352	test_loss: 0.2359 test_mae: 0.2359
train: {'epoch': 368, 'time_epoch': 13.18181, 'eta': 411.43528, 'eta_hours': 0.11429, 'loss': 0.14366485, 'lr': 1.652e-05, 'params': 553882, 'time_iter': 0.08396, 'mae': 0.14366, 'r2': 0.89354, 'spearmanr': 0.98768, 'mse': 0.43047, 'rmse': 0.6561}
val: {'epoch': 368, 'time_epoch': 0.50061, 'loss': 0.2669862, 'lr': 0, 'params': 553882, 'time_iter': 0.03129, 'mae': 0.26699, 'r2': 0.79504, 'spearmanr': 0.98007, 'mse': 0.8073, 'rmse': 0.8985, 'loss_recon': 0.0, 'loss_recon_node': 0.0, 'loss_recon_edge': 0.0, 'loss_recon_tuple': 0.0, 'loss_recon_nodepe': 0.0, 'loss_recon_edgepe': 0.0}
test: {'epoch': 368, 'time_epoch': 0.50125, 'loss': 0.27334839, 'lr': 0, 'params': 553882, 'time_iter': 0.03133, 'mae': 0.27335, 'r2': 0.88449, 'spearmanr': 0.97102, 'mse': 0.46994, 'rmse': 0.68552, 'loss_recon': 0.0, 'loss_recon_node': 0.0, 'loss_recon_edge': 0.0, 'loss_recon_tuple': 0.0, 'loss_recon_nodepe': 0.0, 'loss_recon_edgepe': 0.0}
> Epoch 368: took 14.2s (avg 14.3s) | Best so far: epoch 359	train_loss: 0.1473 train_mae: 0.1473	val_loss: 0.2352 val_mae: 0.2352	test_loss: 0.2359 test_mae: 0.2359
tensor([ 1,  1,  1,  1,  1, 13,  1,  1,  1,  3,  1,  2,  1,  1,  1,  1,  1,  1,
         1,  2], device='cuda:0')
tensor([[-1.0067,  0.6832,  0.0566, -0.4626],
        [-0.8573,  0.5866,  0.0635, -0.4069],
        [-0.9474,  0.6449,  0.0594, -0.4405],
        [-0.6163,  0.4306,  0.0745, -0.3171],
        [-0.2444,  0.2232,  0.1165, -0.1521],
        [-0.1653,  0.1904,  0.1339, -0.1079],
        [-0.1653,  0.1904,  0.1339, -0.1079],
        [-1.5004,  1.0031,  0.0343, -0.6464],
        [-1.5066,  1.0072,  0.0341, -0.6486],
        [-1.2574,  0.8455,  0.0452, -0.5560],
        [-1.4830,  0.9916,  0.0350, -0.6400],
        [-1.5089,  1.0086,  0.0339, -0.6495],
        [-1.5019,  1.0041,  0.0342, -0.6469],
        [-1.5041,  1.0054,  0.0341, -0.6477],
        [-1.4945,  0.9992,  0.0345, -0.6442],
        [-1.4972,  1.0009,  0.0344, -0.6451],
        [-1.5128,  1.0112,  0.0338, -0.6509],
        [-1.5086,  1.0084,  0.0339, -0.6494],
        [-0.8674,  0.5931,  0.0630, -0.4107],
        [-1.5149,  1.0125,  0.0337, -0.6517]], device='cuda:0',
       grad_fn=<SliceBackward0>)
tensor([8, 1, 0, 0, 0, 0, 0, 0, 0, 0, 0, 0, 0, 0, 0, 0, 0, 0, 0, 0],
       device='cuda:0')
tensor([[-0.4921, -0.2130, -0.2475, -0.0081],
        [ 0.2265, -0.0286, -0.0350,  0.0773],
        [-0.0614,  0.1601, -0.1702, -0.0526],
        [ 0.1618,  0.0141, -0.0653,  0.0482],
        [ 0.1414,  0.0340, -0.0735,  0.0393],
        [ 0.2265, -0.0286, -0.0350,  0.0773],
        [ 0.2265, -0.0286, -0.0350,  0.0773],
        [ 0.2265, -0.0286, -0.0350,  0.0773],
        [ 0.2262, -0.0290, -0.0340,  0.0764],
        [ 0.2265, -0.0286, -0.0350,  0.0773],
        [ 0.2265, -0.0286, -0.0350,  0.0773],
        [ 0.2265, -0.0286, -0.0350,  0.0773],
        [ 0.2265, -0.0286, -0.0350,  0.0773],
        [ 0.2265, -0.0286, -0.0350,  0.0773],
        [ 0.2265, -0.0286, -0.0350,  0.0773],
        [ 0.2265, -0.0286, -0.0350,  0.0773],
        [ 0.2265, -0.0286, -0.0350,  0.0773],
        [ 0.2265, -0.0286, -0.0349,  0.0772],
        [ 0.2164, -0.0206, -0.0394,  0.0729],
        [ 0.2265, -0.0286, -0.0350,  0.0773]], device='cuda:0',
       grad_fn=<SliceBackward0>)
train: {'epoch': 369, 'time_epoch': 13.18847, 'eta': 398.1564, 'eta_hours': 0.1106, 'loss': 0.13699353, 'lr': 1.551e-05, 'params': 553882, 'time_iter': 0.084, 'mae': 0.13699, 'r2': 0.90255, 'spearmanr': 0.98947, 'mse': 0.39402, 'rmse': 0.62771}
val: {'epoch': 369, 'time_epoch': 0.50042, 'loss': 0.23657687, 'lr': 0, 'params': 553882, 'time_iter': 0.03128, 'mae': 0.23658, 'r2': 0.79461, 'spearmanr': 0.98005, 'mse': 0.80898, 'rmse': 0.89943, 'loss_recon': 0.0, 'loss_recon_node': 0.0, 'loss_recon_edge': 0.0, 'loss_recon_tuple': 0.0, 'loss_recon_nodepe': 0.0, 'loss_recon_edgepe': 0.0}
test: {'epoch': 369, 'time_epoch': 0.49945, 'loss': 0.2380704, 'lr': 0, 'params': 553882, 'time_iter': 0.03122, 'mae': 0.23807, 'r2': 0.88441, 'spearmanr': 0.97111, 'mse': 0.47026, 'rmse': 0.68576, 'loss_recon': 0.0, 'loss_recon_node': 0.0, 'loss_recon_edge': 0.0, 'loss_recon_tuple': 0.0, 'loss_recon_nodepe': 0.0, 'loss_recon_edgepe': 0.0}
> Epoch 369: took 14.2s (avg 14.3s) | Best so far: epoch 359	train_loss: 0.1473 train_mae: 0.1473	val_loss: 0.2352 val_mae: 0.2352	test_loss: 0.2359 test_mae: 0.2359
train: {'epoch': 370, 'time_epoch': 13.18061, 'eta': 384.87738, 'eta_hours': 0.10691, 'loss': 0.14229508, 'lr': 1.453e-05, 'params': 553882, 'time_iter': 0.08395, 'mae': 0.1423, 'r2': 0.87535, 'spearmanr': 0.98939, 'mse': 0.50402, 'rmse': 0.70994}
val: {'epoch': 370, 'time_epoch': 0.50094, 'loss': 0.2503579, 'lr': 0, 'params': 553882, 'time_iter': 0.03131, 'mae': 0.25036, 'r2': 0.79724, 'spearmanr': 0.98035, 'mse': 0.79863, 'rmse': 0.89366, 'loss_recon': 0.0, 'loss_recon_node': 0.0, 'loss_recon_edge': 0.0, 'loss_recon_tuple': 0.0, 'loss_recon_nodepe': 0.0, 'loss_recon_edgepe': 0.0}
test: {'epoch': 370, 'time_epoch': 0.50199, 'loss': 0.25353759, 'lr': 0, 'params': 553882, 'time_iter': 0.03137, 'mae': 0.25354, 'r2': 0.88831, 'spearmanr': 0.97143, 'mse': 0.45439, 'rmse': 0.67409, 'loss_recon': 0.0, 'loss_recon_node': 0.0, 'loss_recon_edge': 0.0, 'loss_recon_tuple': 0.0, 'loss_recon_nodepe': 0.0, 'loss_recon_edgepe': 0.0}
> Epoch 370: took 14.2s (avg 14.3s) | Best so far: epoch 359	train_loss: 0.1473 train_mae: 0.1473	val_loss: 0.2352 val_mae: 0.2352	test_loss: 0.2359 test_mae: 0.2359
train: {'epoch': 371, 'time_epoch': 13.19305, 'eta': 371.59983, 'eta_hours': 0.10322, 'loss': 0.14482399, 'lr': 1.358e-05, 'params': 553882, 'time_iter': 0.08403, 'mae': 0.14482, 'r2': 0.92106, 'spearmanr': 0.98841, 'mse': 0.3192, 'rmse': 0.56498}
val: {'epoch': 371, 'time_epoch': 0.50145, 'loss': 0.23727056, 'lr': 0, 'params': 553882, 'time_iter': 0.03134, 'mae': 0.23727, 'r2': 0.79602, 'spearmanr': 0.98014, 'mse': 0.80342, 'rmse': 0.89634, 'loss_recon': 0.0, 'loss_recon_node': 0.0, 'loss_recon_edge': 0.0, 'loss_recon_tuple': 0.0, 'loss_recon_nodepe': 0.0, 'loss_recon_edgepe': 0.0}
test: {'epoch': 371, 'time_epoch': 0.50058, 'loss': 0.23770243, 'lr': 0, 'params': 553882, 'time_iter': 0.03129, 'mae': 0.2377, 'r2': 0.88669, 'spearmanr': 0.97123, 'mse': 0.46097, 'rmse': 0.67895, 'loss_recon': 0.0, 'loss_recon_node': 0.0, 'loss_recon_edge': 0.0, 'loss_recon_tuple': 0.0, 'loss_recon_nodepe': 0.0, 'loss_recon_edgepe': 0.0}
> Epoch 371: took 14.2s (avg 14.3s) | Best so far: epoch 359	train_loss: 0.1473 train_mae: 0.1473	val_loss: 0.2352 val_mae: 0.2352	test_loss: 0.2359 test_mae: 0.2359
train: {'epoch': 372, 'time_epoch': 13.18172, 'eta': 358.32192, 'eta_hours': 0.09953, 'loss': 0.14381706, 'lr': 1.266e-05, 'params': 553882, 'time_iter': 0.08396, 'mae': 0.14382, 'r2': 0.92466, 'spearmanr': 0.98886, 'mse': 0.30463, 'rmse': 0.55193}
val: {'epoch': 372, 'time_epoch': 0.50033, 'loss': 0.23693137, 'lr': 0, 'params': 553882, 'time_iter': 0.03127, 'mae': 0.23693, 'r2': 0.79378, 'spearmanr': 0.97966, 'mse': 0.81223, 'rmse': 0.90124, 'loss_recon': 0.0, 'loss_recon_node': 0.0, 'loss_recon_edge': 0.0, 'loss_recon_tuple': 0.0, 'loss_recon_nodepe': 0.0, 'loss_recon_edgepe': 0.0}
test: {'epoch': 372, 'time_epoch': 0.50065, 'loss': 0.23536432, 'lr': 0, 'params': 553882, 'time_iter': 0.03129, 'mae': 0.23536, 'r2': 0.8855, 'spearmanr': 0.97114, 'mse': 0.46581, 'rmse': 0.6825, 'loss_recon': 0.0, 'loss_recon_node': 0.0, 'loss_recon_edge': 0.0, 'loss_recon_tuple': 0.0, 'loss_recon_nodepe': 0.0, 'loss_recon_edgepe': 0.0}
> Epoch 372: took 14.2s (avg 14.3s) | Best so far: epoch 359	train_loss: 0.1473 train_mae: 0.1473	val_loss: 0.2352 val_mae: 0.2352	test_loss: 0.2359 test_mae: 0.2359
train: {'epoch': 373, 'time_epoch': 13.18081, 'eta': 345.04445, 'eta_hours': 0.09585, 'loss': 0.14134095, 'lr': 1.178e-05, 'params': 553882, 'time_iter': 0.08395, 'mae': 0.14134, 'r2': 0.87978, 'spearmanr': 0.98879, 'mse': 0.48608, 'rmse': 0.6972}
val: {'epoch': 373, 'time_epoch': 0.50067, 'loss': 0.23470613, 'lr': 0, 'params': 553882, 'time_iter': 0.03129, 'mae': 0.23471, 'r2': 0.79538, 'spearmanr': 0.98002, 'mse': 0.80595, 'rmse': 0.89775, 'loss_recon': 0.0, 'loss_recon_node': 0.0, 'loss_recon_edge': 0.0, 'loss_recon_tuple': 0.0, 'loss_recon_nodepe': 0.0, 'loss_recon_edgepe': 0.0}
test: {'epoch': 373, 'time_epoch': 0.50125, 'loss': 0.2350551, 'lr': 0, 'params': 553882, 'time_iter': 0.03133, 'mae': 0.23506, 'r2': 0.88542, 'spearmanr': 0.9711, 'mse': 0.46613, 'rmse': 0.68274, 'loss_recon': 0.0, 'loss_recon_node': 0.0, 'loss_recon_edge': 0.0, 'loss_recon_tuple': 0.0, 'loss_recon_nodepe': 0.0, 'loss_recon_edgepe': 0.0}
> Epoch 373: took 14.2s (avg 14.3s) | Best so far: epoch 373	train_loss: 0.1413 train_mae: 0.1413	val_loss: 0.2347 val_mae: 0.2347	test_loss: 0.2351 test_mae: 0.2351
train: {'epoch': 374, 'time_epoch': 13.17953, 'eta': 331.76742, 'eta_hours': 0.09216, 'loss': 0.14457851, 'lr': 1.093e-05, 'params': 553882, 'time_iter': 0.08395, 'mae': 0.14458, 'r2': 0.8849, 'spearmanr': 0.98747, 'mse': 0.4654, 'rmse': 0.6822}
val: {'epoch': 374, 'time_epoch': 0.50117, 'loss': 0.26089301, 'lr': 0, 'params': 553882, 'time_iter': 0.03132, 'mae': 0.26089, 'r2': 0.79478, 'spearmanr': 0.97975, 'mse': 0.80832, 'rmse': 0.89907, 'loss_recon': 0.0, 'loss_recon_node': 0.0, 'loss_recon_edge': 0.0, 'loss_recon_tuple': 0.0, 'loss_recon_nodepe': 0.0, 'loss_recon_edgepe': 0.0}
test: {'epoch': 374, 'time_epoch': 0.5017, 'loss': 0.26357369, 'lr': 0, 'params': 553882, 'time_iter': 0.03136, 'mae': 0.26357, 'r2': 0.88708, 'spearmanr': 0.97135, 'mse': 0.45939, 'rmse': 0.67779, 'loss_recon': 0.0, 'loss_recon_node': 0.0, 'loss_recon_edge': 0.0, 'loss_recon_tuple': 0.0, 'loss_recon_nodepe': 0.0, 'loss_recon_edgepe': 0.0}
> Epoch 374: took 14.2s (avg 14.3s) | Best so far: epoch 373	train_loss: 0.1413 train_mae: 0.1413	val_loss: 0.2347 val_mae: 0.2347	test_loss: 0.2351 test_mae: 0.2351
train: {'epoch': 375, 'time_epoch': 13.18471, 'eta': 318.49123, 'eta_hours': 0.08847, 'loss': 0.15014497, 'lr': 1.01e-05, 'params': 553882, 'time_iter': 0.08398, 'mae': 0.15014, 'r2': 0.87653, 'spearmanr': 0.98687, 'mse': 0.49923, 'rmse': 0.70656}
val: {'epoch': 375, 'time_epoch': 0.50171, 'loss': 0.2363475, 'lr': 0, 'params': 553882, 'time_iter': 0.03136, 'mae': 0.23635, 'r2': 0.79478, 'spearmanr': 0.98007, 'mse': 0.8083, 'rmse': 0.89905, 'loss_recon': 0.0, 'loss_recon_node': 0.0, 'loss_recon_edge': 0.0, 'loss_recon_tuple': 0.0, 'loss_recon_nodepe': 0.0, 'loss_recon_edgepe': 0.0}
test: {'epoch': 375, 'time_epoch': 0.50125, 'loss': 0.2332109, 'lr': 0, 'params': 553882, 'time_iter': 0.03133, 'mae': 0.23321, 'r2': 0.88686, 'spearmanr': 0.97143, 'mse': 0.46031, 'rmse': 0.67846, 'loss_recon': 0.0, 'loss_recon_node': 0.0, 'loss_recon_edge': 0.0, 'loss_recon_tuple': 0.0, 'loss_recon_nodepe': 0.0, 'loss_recon_edgepe': 0.0}
> Epoch 375: took 14.2s (avg 14.3s) | Best so far: epoch 373	train_loss: 0.1413 train_mae: 0.1413	val_loss: 0.2347 val_mae: 0.2347	test_loss: 0.2351 test_mae: 0.2351
train: {'epoch': 376, 'time_epoch': 13.1832, 'eta': 305.21544, 'eta_hours': 0.08478, 'loss': 0.13393616, 'lr': 9.31e-06, 'params': 553882, 'time_iter': 0.08397, 'mae': 0.13394, 'r2': 0.95464, 'spearmanr': 0.98944, 'mse': 0.18342, 'rmse': 0.42828}
val: {'epoch': 376, 'time_epoch': 0.501, 'loss': 0.24667036, 'lr': 0, 'params': 553882, 'time_iter': 0.03131, 'mae': 0.24667, 'r2': 0.79601, 'spearmanr': 0.98023, 'mse': 0.80348, 'rmse': 0.89637, 'loss_recon': 0.0, 'loss_recon_node': 0.0, 'loss_recon_edge': 0.0, 'loss_recon_tuple': 0.0, 'loss_recon_nodepe': 0.0, 'loss_recon_edgepe': 0.0}
test: {'epoch': 376, 'time_epoch': 0.50167, 'loss': 0.24824446, 'lr': 0, 'params': 553882, 'time_iter': 0.03135, 'mae': 0.24824, 'r2': 0.88674, 'spearmanr': 0.97139, 'mse': 0.46079, 'rmse': 0.67881, 'loss_recon': 0.0, 'loss_recon_node': 0.0, 'loss_recon_edge': 0.0, 'loss_recon_tuple': 0.0, 'loss_recon_nodepe': 0.0, 'loss_recon_edgepe': 0.0}
> Epoch 376: took 14.2s (avg 14.3s) | Best so far: epoch 373	train_loss: 0.1413 train_mae: 0.1413	val_loss: 0.2347 val_mae: 0.2347	test_loss: 0.2351 test_mae: 0.2351
train: {'epoch': 377, 'time_epoch': 13.18661, 'eta': 291.94034, 'eta_hours': 0.08109, 'loss': 0.13572827, 'lr': 8.56e-06, 'params': 553882, 'time_iter': 0.08399, 'mae': 0.13573, 'r2': 0.94545, 'spearmanr': 0.98926, 'mse': 0.22057, 'rmse': 0.46965}
val: {'epoch': 377, 'time_epoch': 0.50036, 'loss': 0.24421272, 'lr': 0, 'params': 553882, 'time_iter': 0.03127, 'mae': 0.24421, 'r2': 0.79543, 'spearmanr': 0.98004, 'mse': 0.80576, 'rmse': 0.89764, 'loss_recon': 0.0, 'loss_recon_node': 0.0, 'loss_recon_edge': 0.0, 'loss_recon_tuple': 0.0, 'loss_recon_nodepe': 0.0, 'loss_recon_edgepe': 0.0}
test: {'epoch': 377, 'time_epoch': 0.501, 'loss': 0.24516574, 'lr': 0, 'params': 553882, 'time_iter': 0.03131, 'mae': 0.24517, 'r2': 0.88694, 'spearmanr': 0.97142, 'mse': 0.45997, 'rmse': 0.67821, 'loss_recon': 0.0, 'loss_recon_node': 0.0, 'loss_recon_edge': 0.0, 'loss_recon_tuple': 0.0, 'loss_recon_nodepe': 0.0, 'loss_recon_edgepe': 0.0}
> Epoch 377: took 14.2s (avg 14.3s) | Best so far: epoch 373	train_loss: 0.1413 train_mae: 0.1413	val_loss: 0.2347 val_mae: 0.2347	test_loss: 0.2351 test_mae: 0.2351
tensor([1, 1, 1, 1, 2, 3, 3, 1, 2, 3, 5, 1, 1, 1, 1, 1, 1, 1, 4, 1],
       device='cuda:0')
tensor([[-0.6815,  0.4735,  0.0720, -0.3406],
        [-1.4746,  0.9870,  0.0360, -0.6360],
        [-1.4750,  0.9873,  0.0360, -0.6362],
        [-1.1353,  0.7672,  0.0513, -0.5098],
        [-1.4721,  0.9854,  0.0361, -0.6351],
        [-0.3529,  0.2680,  0.0925, -0.2124],
        [-0.3802,  0.2793,  0.0864, -0.2277],
        [-1.2862,  0.8648,  0.0444, -0.5660],
        [-1.4651,  0.9808,  0.0364, -0.6325],
        [-0.1654,  0.1903,  0.1338, -0.1078],
        [-0.7833,  0.5394,  0.0674, -0.3786],
        [-0.7121,  0.4933,  0.0707, -0.3520],
        [-0.4599,  0.3300,  0.0822, -0.2580],
        [-0.9362,  0.6383,  0.0604, -0.4355],
        [-1.4843,  0.9933,  0.0356, -0.6396],
        [-1.4786,  0.9896,  0.0358, -0.6375],
        [-1.4766,  0.9883,  0.0359, -0.6368],
        [-1.4778,  0.9892,  0.0359, -0.6372],
        [-1.1698,  0.7894,  0.0497, -0.5227],
        [-1.4717,  0.9852,  0.0361, -0.6350]], device='cuda:0',
       grad_fn=<SliceBackward0>)
tensor([8, 1, 0, 0, 0, 0, 0, 0, 0, 0, 0, 0, 0, 0, 0, 0, 0, 0, 0, 0],
       device='cuda:0')
tensor([[-0.4420, -0.1997, -0.2352, -0.0047],
        [ 0.2265, -0.0286, -0.0350,  0.0774],
        [ 0.2265, -0.0286, -0.0350,  0.0774],
        [ 0.2265, -0.0286, -0.0350,  0.0774],
        [ 0.2265, -0.0286, -0.0350,  0.0774],
        [ 0.2265, -0.0286, -0.0350,  0.0774],
        [ 0.2265, -0.0286, -0.0350,  0.0774],
        [ 0.2265, -0.0286, -0.0350,  0.0774],
        [ 0.2265, -0.0286, -0.0350,  0.0774],
        [ 0.2265, -0.0286, -0.0350,  0.0774],
        [ 0.2265, -0.0286, -0.0350,  0.0774],
        [ 0.2265, -0.0286, -0.0350,  0.0774],
        [ 0.2265, -0.0286, -0.0350,  0.0774],
        [ 0.2265, -0.0286, -0.0350,  0.0774],
        [ 0.2265, -0.0286, -0.0350,  0.0774],
        [ 0.2265, -0.0286, -0.0350,  0.0774],
        [ 0.2265, -0.0286, -0.0350,  0.0774],
        [ 0.2265, -0.0286, -0.0350,  0.0774],
        [ 0.2265, -0.0286, -0.0350,  0.0774],
        [ 0.2265, -0.0286, -0.0350,  0.0774]], device='cuda:0',
       grad_fn=<SliceBackward0>)
train: {'epoch': 378, 'time_epoch': 13.19449, 'eta': 278.66614, 'eta_hours': 0.07741, 'loss': 0.14020205, 'lr': 7.83e-06, 'params': 553882, 'time_iter': 0.08404, 'mae': 0.1402, 'r2': 0.93405, 'spearmanr': 0.98751, 'mse': 0.26668, 'rmse': 0.51641}
val: {'epoch': 378, 'time_epoch': 0.50126, 'loss': 0.24155601, 'lr': 0, 'params': 553882, 'time_iter': 0.03133, 'mae': 0.24156, 'r2': 0.79662, 'spearmanr': 0.98016, 'mse': 0.80107, 'rmse': 0.89503, 'loss_recon': 0.0, 'loss_recon_node': 0.0, 'loss_recon_edge': 0.0, 'loss_recon_tuple': 0.0, 'loss_recon_nodepe': 0.0, 'loss_recon_edgepe': 0.0}
test: {'epoch': 378, 'time_epoch': 0.50295, 'loss': 0.24207621, 'lr': 0, 'params': 553882, 'time_iter': 0.03143, 'mae': 0.24208, 'r2': 0.88822, 'spearmanr': 0.97157, 'mse': 0.45474, 'rmse': 0.67435, 'loss_recon': 0.0, 'loss_recon_node': 0.0, 'loss_recon_edge': 0.0, 'loss_recon_tuple': 0.0, 'loss_recon_nodepe': 0.0, 'loss_recon_edgepe': 0.0}
> Epoch 378: took 14.2s (avg 14.3s) | Best so far: epoch 373	train_loss: 0.1413 train_mae: 0.1413	val_loss: 0.2347 val_mae: 0.2347	test_loss: 0.2351 test_mae: 0.2351
train: {'epoch': 379, 'time_epoch': 13.18676, 'eta': 265.39195, 'eta_hours': 0.07372, 'loss': 0.13802607, 'lr': 7.14e-06, 'params': 553882, 'time_iter': 0.08399, 'mae': 0.13803, 'r2': 0.9058, 'spearmanr': 0.98899, 'mse': 0.38087, 'rmse': 0.61715}
val: {'epoch': 379, 'time_epoch': 0.50131, 'loss': 0.23578868, 'lr': 0, 'params': 553882, 'time_iter': 0.03133, 'mae': 0.23579, 'r2': 0.79523, 'spearmanr': 0.98014, 'mse': 0.80654, 'rmse': 0.89808, 'loss_recon': 0.0, 'loss_recon_node': 0.0, 'loss_recon_edge': 0.0, 'loss_recon_tuple': 0.0, 'loss_recon_nodepe': 0.0, 'loss_recon_edgepe': 0.0}
test: {'epoch': 379, 'time_epoch': 0.5029, 'loss': 0.23599418, 'lr': 0, 'params': 553882, 'time_iter': 0.03143, 'mae': 0.23599, 'r2': 0.8855, 'spearmanr': 0.97132, 'mse': 0.46582, 'rmse': 0.68251, 'loss_recon': 0.0, 'loss_recon_node': 0.0, 'loss_recon_edge': 0.0, 'loss_recon_tuple': 0.0, 'loss_recon_nodepe': 0.0, 'loss_recon_edgepe': 0.0}
> Epoch 379: took 14.2s (avg 14.3s) | Best so far: epoch 373	train_loss: 0.1413 train_mae: 0.1413	val_loss: 0.2347 val_mae: 0.2347	test_loss: 0.2351 test_mae: 0.2351
train: {'epoch': 380, 'time_epoch': 13.19157, 'eta': 252.11846, 'eta_hours': 0.07003, 'loss': 0.13254317, 'lr': 6.47e-06, 'params': 553882, 'time_iter': 0.08402, 'mae': 0.13254, 'r2': 0.95448, 'spearmanr': 0.98886, 'mse': 0.18406, 'rmse': 0.42903}
val: {'epoch': 380, 'time_epoch': 0.50164, 'loss': 0.2388148, 'lr': 0, 'params': 553882, 'time_iter': 0.03135, 'mae': 0.23881, 'r2': 0.79493, 'spearmanr': 0.98009, 'mse': 0.80772, 'rmse': 0.89873, 'loss_recon': 0.0, 'loss_recon_node': 0.0, 'loss_recon_edge': 0.0, 'loss_recon_tuple': 0.0, 'loss_recon_nodepe': 0.0, 'loss_recon_edgepe': 0.0}
test: {'epoch': 380, 'time_epoch': 0.50144, 'loss': 0.24101403, 'lr': 0, 'params': 553882, 'time_iter': 0.03134, 'mae': 0.24101, 'r2': 0.8845, 'spearmanr': 0.97117, 'mse': 0.4699, 'rmse': 0.6855, 'loss_recon': 0.0, 'loss_recon_node': 0.0, 'loss_recon_edge': 0.0, 'loss_recon_tuple': 0.0, 'loss_recon_nodepe': 0.0, 'loss_recon_edgepe': 0.0}
> Epoch 380: took 14.2s (avg 14.3s) | Best so far: epoch 373	train_loss: 0.1413 train_mae: 0.1413	val_loss: 0.2347 val_mae: 0.2347	test_loss: 0.2351 test_mae: 0.2351
train: {'epoch': 381, 'time_epoch': 13.18854, 'eta': 238.84526, 'eta_hours': 0.06635, 'loss': 0.14267924, 'lr': 5.84e-06, 'params': 553882, 'time_iter': 0.084, 'mae': 0.14268, 'r2': 0.8876, 'spearmanr': 0.9887, 'mse': 0.45446, 'rmse': 0.67413}
val: {'epoch': 381, 'time_epoch': 0.5012, 'loss': 0.23481512, 'lr': 0, 'params': 553882, 'time_iter': 0.03133, 'mae': 0.23482, 'r2': 0.79484, 'spearmanr': 0.98017, 'mse': 0.80809, 'rmse': 0.89894, 'loss_recon': 0.0, 'loss_recon_node': 0.0, 'loss_recon_edge': 0.0, 'loss_recon_tuple': 0.0, 'loss_recon_nodepe': 0.0, 'loss_recon_edgepe': 0.0}
test: {'epoch': 381, 'time_epoch': 0.49983, 'loss': 0.23484541, 'lr': 0, 'params': 553882, 'time_iter': 0.03124, 'mae': 0.23485, 'r2': 0.88467, 'spearmanr': 0.97127, 'mse': 0.46918, 'rmse': 0.68497, 'loss_recon': 0.0, 'loss_recon_node': 0.0, 'loss_recon_edge': 0.0, 'loss_recon_tuple': 0.0, 'loss_recon_nodepe': 0.0, 'loss_recon_edgepe': 0.0}
> Epoch 381: took 14.2s (avg 14.3s) | Best so far: epoch 373	train_loss: 0.1413 train_mae: 0.1413	val_loss: 0.2347 val_mae: 0.2347	test_loss: 0.2351 test_mae: 0.2351
train: {'epoch': 382, 'time_epoch': 13.18925, 'eta': 225.57253, 'eta_hours': 0.06266, 'loss': 0.13838249, 'lr': 5.25e-06, 'params': 553882, 'time_iter': 0.08401, 'mae': 0.13838, 'r2': 0.89917, 'spearmanr': 0.98812, 'mse': 0.40768, 'rmse': 0.6385}
val: {'epoch': 382, 'time_epoch': 0.50137, 'loss': 0.23372098, 'lr': 0, 'params': 553882, 'time_iter': 0.03134, 'mae': 0.23372, 'r2': 0.79497, 'spearmanr': 0.98024, 'mse': 0.80755, 'rmse': 0.89864, 'loss_recon': 0.0, 'loss_recon_node': 0.0, 'loss_recon_edge': 0.0, 'loss_recon_tuple': 0.0, 'loss_recon_nodepe': 0.0, 'loss_recon_edgepe': 0.0}
test: {'epoch': 382, 'time_epoch': 0.50171, 'loss': 0.23367188, 'lr': 0, 'params': 553882, 'time_iter': 0.03136, 'mae': 0.23367, 'r2': 0.88532, 'spearmanr': 0.97145, 'mse': 0.46654, 'rmse': 0.68304, 'loss_recon': 0.0, 'loss_recon_node': 0.0, 'loss_recon_edge': 0.0, 'loss_recon_tuple': 0.0, 'loss_recon_nodepe': 0.0, 'loss_recon_edgepe': 0.0}
> Epoch 382: took 14.2s (avg 14.3s) | Best so far: epoch 382	train_loss: 0.1384 train_mae: 0.1384	val_loss: 0.2337 val_mae: 0.2337	test_loss: 0.2337 test_mae: 0.2337
train: {'epoch': 383, 'time_epoch': 13.19119, 'eta': 212.30032, 'eta_hours': 0.05897, 'loss': 0.13993383, 'lr': 4.68e-06, 'params': 553882, 'time_iter': 0.08402, 'mae': 0.13993, 'r2': 0.90118, 'spearmanr': 0.98831, 'mse': 0.39956, 'rmse': 0.63211}
val: {'epoch': 383, 'time_epoch': 0.50099, 'loss': 0.23435378, 'lr': 0, 'params': 553882, 'time_iter': 0.03131, 'mae': 0.23435, 'r2': 0.79539, 'spearmanr': 0.98019, 'mse': 0.80589, 'rmse': 0.89771, 'loss_recon': 0.0, 'loss_recon_node': 0.0, 'loss_recon_edge': 0.0, 'loss_recon_tuple': 0.0, 'loss_recon_nodepe': 0.0, 'loss_recon_edgepe': 0.0}
test: {'epoch': 383, 'time_epoch': 0.50034, 'loss': 0.23548644, 'lr': 0, 'params': 553882, 'time_iter': 0.03127, 'mae': 0.23549, 'r2': 0.88523, 'spearmanr': 0.97131, 'mse': 0.46691, 'rmse': 0.68331, 'loss_recon': 0.0, 'loss_recon_node': 0.0, 'loss_recon_edge': 0.0, 'loss_recon_tuple': 0.0, 'loss_recon_nodepe': 0.0, 'loss_recon_edgepe': 0.0}
> Epoch 383: took 14.2s (avg 14.3s) | Best so far: epoch 382	train_loss: 0.1384 train_mae: 0.1384	val_loss: 0.2337 val_mae: 0.2337	test_loss: 0.2337 test_mae: 0.2337
train: {'epoch': 384, 'time_epoch': 13.18577, 'eta': 199.02831, 'eta_hours': 0.05529, 'loss': 0.13341186, 'lr': 4.15e-06, 'params': 553882, 'time_iter': 0.08399, 'mae': 0.13341, 'r2': 0.91295, 'spearmanr': 0.99036, 'mse': 0.35198, 'rmse': 0.59328}
val: {'epoch': 384, 'time_epoch': 0.50058, 'loss': 0.23428016, 'lr': 0, 'params': 553882, 'time_iter': 0.03129, 'mae': 0.23428, 'r2': 0.79499, 'spearmanr': 0.98018, 'mse': 0.80747, 'rmse': 0.8986, 'loss_recon': 0.0, 'loss_recon_node': 0.0, 'loss_recon_edge': 0.0, 'loss_recon_tuple': 0.0, 'loss_recon_nodepe': 0.0, 'loss_recon_edgepe': 0.0}
test: {'epoch': 384, 'time_epoch': 0.50068, 'loss': 0.23507748, 'lr': 0, 'params': 553882, 'time_iter': 0.03129, 'mae': 0.23508, 'r2': 0.88543, 'spearmanr': 0.97125, 'mse': 0.4661, 'rmse': 0.68271, 'loss_recon': 0.0, 'loss_recon_node': 0.0, 'loss_recon_edge': 0.0, 'loss_recon_tuple': 0.0, 'loss_recon_nodepe': 0.0, 'loss_recon_edgepe': 0.0}
> Epoch 384: took 14.2s (avg 14.3s) | Best so far: epoch 382	train_loss: 0.1384 train_mae: 0.1384	val_loss: 0.2337 val_mae: 0.2337	test_loss: 0.2337 test_mae: 0.2337
train: {'epoch': 385, 'time_epoch': 13.18799, 'eta': 185.75684, 'eta_hours': 0.0516, 'loss': 0.13601877, 'lr': 3.65e-06, 'params': 553882, 'time_iter': 0.084, 'mae': 0.13602, 'r2': 0.89432, 'spearmanr': 0.98949, 'mse': 0.42729, 'rmse': 0.65368}
val: {'epoch': 385, 'time_epoch': 0.50098, 'loss': 0.23612146, 'lr': 0, 'params': 553882, 'time_iter': 0.03131, 'mae': 0.23612, 'r2': 0.79415, 'spearmanr': 0.98018, 'mse': 0.81079, 'rmse': 0.90044, 'loss_recon': 0.0, 'loss_recon_node': 0.0, 'loss_recon_edge': 0.0, 'loss_recon_tuple': 0.0, 'loss_recon_nodepe': 0.0, 'loss_recon_edgepe': 0.0}
test: {'epoch': 385, 'time_epoch': 0.50294, 'loss': 0.23743967, 'lr': 0, 'params': 553882, 'time_iter': 0.03143, 'mae': 0.23744, 'r2': 0.88402, 'spearmanr': 0.97124, 'mse': 0.47185, 'rmse': 0.68691, 'loss_recon': 0.0, 'loss_recon_node': 0.0, 'loss_recon_edge': 0.0, 'loss_recon_tuple': 0.0, 'loss_recon_nodepe': 0.0, 'loss_recon_edgepe': 0.0}
> Epoch 385: took 14.2s (avg 14.3s) | Best so far: epoch 382	train_loss: 0.1384 train_mae: 0.1384	val_loss: 0.2337 val_mae: 0.2337	test_loss: 0.2337 test_mae: 0.2337
train: {'epoch': 386, 'time_epoch': 13.18972, 'eta': 172.48585, 'eta_hours': 0.04791, 'loss': 0.1311302, 'lr': 3.18e-06, 'params': 553882, 'time_iter': 0.08401, 'mae': 0.13113, 'r2': 0.94478, 'spearmanr': 0.9903, 'mse': 0.22327, 'rmse': 0.47252}
val: {'epoch': 386, 'time_epoch': 0.50019, 'loss': 0.23534093, 'lr': 0, 'params': 553882, 'time_iter': 0.03126, 'mae': 0.23534, 'r2': 0.79584, 'spearmanr': 0.98012, 'mse': 0.80414, 'rmse': 0.89674, 'loss_recon': 0.0, 'loss_recon_node': 0.0, 'loss_recon_edge': 0.0, 'loss_recon_tuple': 0.0, 'loss_recon_nodepe': 0.0, 'loss_recon_edgepe': 0.0}
test: {'epoch': 386, 'time_epoch': 0.50045, 'loss': 0.23785471, 'lr': 0, 'params': 553882, 'time_iter': 0.03128, 'mae': 0.23785, 'r2': 0.88496, 'spearmanr': 0.97126, 'mse': 0.468, 'rmse': 0.68411, 'loss_recon': 0.0, 'loss_recon_node': 0.0, 'loss_recon_edge': 0.0, 'loss_recon_tuple': 0.0, 'loss_recon_nodepe': 0.0, 'loss_recon_edgepe': 0.0}
> Epoch 386: took 14.2s (avg 14.3s) | Best so far: epoch 382	train_loss: 0.1384 train_mae: 0.1384	val_loss: 0.2337 val_mae: 0.2337	test_loss: 0.2337 test_mae: 0.2337
tensor([1, 2, 1, 1, 1, 5, 3, 1, 2, 3, 1, 1, 2, 3, 1, 1, 1, 1, 1, 1],
       device='cuda:0')
tensor([[-0.9271,  0.6294,  0.0585, -0.4346],
        [-0.5735,  0.4003,  0.0745, -0.3029],
        [-0.4059,  0.2919,  0.0822, -0.2404],
        [-0.5649,  0.3947,  0.0749, -0.2998],
        [-0.6964,  0.4799,  0.0689, -0.3487],
        [-0.9396,  0.6375,  0.0579, -0.4392],
        [-1.0836,  0.7307,  0.0514, -0.4928],
        [-1.5363,  1.0241,  0.0310, -0.6613],
        [-1.5625,  1.0412,  0.0300, -0.6709],
        [-1.1176,  0.7527,  0.0499, -0.5055],
        [-0.8555,  0.5830,  0.0617, -0.4080],
        [-1.3775,  0.9211,  0.0381, -0.6023],
        [-1.5656,  1.0433,  0.0299, -0.6720],
        [-0.7675,  0.5260,  0.0658, -0.3751],
        [-0.9633,  0.6528,  0.0568, -0.4481],
        [-1.4233,  0.9507,  0.0360, -0.6193],
        [-1.5688,  1.0454,  0.0297, -0.6732],
        [-1.5517,  1.0342,  0.0304, -0.6670],
        [-1.5554,  1.0366,  0.0303, -0.6683],
        [-1.5547,  1.0361,  0.0303, -0.6680]], device='cuda:0',
       grad_fn=<SliceBackward0>)
tensor([8, 1, 0, 0, 0, 0, 0, 0, 0, 0, 0, 0, 0, 0, 0, 0, 0, 0, 0, 0],
       device='cuda:0')
tensor([[-0.3740, -0.1758, -0.2143,  0.0031],
        [ 0.2265, -0.0285, -0.0350,  0.0773],
        [ 0.0362,  0.0869, -0.1264, -0.0092],
        [ 0.2265, -0.0285, -0.0350,  0.0773],
        [ 0.2265, -0.0285, -0.0350,  0.0773],
        [ 0.2265, -0.0285, -0.0350,  0.0773],
        [ 0.2265, -0.0285, -0.0350,  0.0773],
        [ 0.2265, -0.0285, -0.0350,  0.0773],
        [ 0.2265, -0.0285, -0.0350,  0.0773],
        [ 0.2265, -0.0285, -0.0350,  0.0773],
        [ 0.2265, -0.0285, -0.0350,  0.0773],
        [ 0.2265, -0.0285, -0.0350,  0.0773],
        [ 0.2265, -0.0285, -0.0350,  0.0773],
        [ 0.2265, -0.0285, -0.0350,  0.0773],
        [ 0.2265, -0.0285, -0.0350,  0.0773],
        [ 0.2265, -0.0285, -0.0350,  0.0773],
        [ 0.2265, -0.0285, -0.0350,  0.0773],
        [ 0.2265, -0.0285, -0.0350,  0.0773],
        [ 0.2265, -0.0285, -0.0350,  0.0773],
        [ 0.2265, -0.0285, -0.0350,  0.0773]], device='cuda:0',
       grad_fn=<SliceBackward0>)
train: {'epoch': 387, 'time_epoch': 13.19434, 'eta': 159.21543, 'eta_hours': 0.04423, 'loss': 0.14169408, 'lr': 2.74e-06, 'params': 553882, 'time_iter': 0.08404, 'mae': 0.14169, 'r2': 0.89255, 'spearmanr': 0.98903, 'mse': 0.43445, 'rmse': 0.65913}
val: {'epoch': 387, 'time_epoch': 0.50028, 'loss': 0.23295345, 'lr': 0, 'params': 553882, 'time_iter': 0.03127, 'mae': 0.23295, 'r2': 0.79531, 'spearmanr': 0.98027, 'mse': 0.80621, 'rmse': 0.89789, 'loss_recon': 0.0, 'loss_recon_node': 0.0, 'loss_recon_edge': 0.0, 'loss_recon_tuple': 0.0, 'loss_recon_nodepe': 0.0, 'loss_recon_edgepe': 0.0}
test: {'epoch': 387, 'time_epoch': 0.50072, 'loss': 0.23412047, 'lr': 0, 'params': 553882, 'time_iter': 0.0313, 'mae': 0.23412, 'r2': 0.8851, 'spearmanr': 0.9713, 'mse': 0.46745, 'rmse': 0.68371, 'loss_recon': 0.0, 'loss_recon_node': 0.0, 'loss_recon_edge': 0.0, 'loss_recon_tuple': 0.0, 'loss_recon_nodepe': 0.0, 'loss_recon_edgepe': 0.0}
> Epoch 387: took 14.2s (avg 14.3s) | Best so far: epoch 387	train_loss: 0.1417 train_mae: 0.1417	val_loss: 0.2330 val_mae: 0.2329	test_loss: 0.2341 test_mae: 0.2341
train: {'epoch': 388, 'time_epoch': 13.18645, 'eta': 145.94517, 'eta_hours': 0.04054, 'loss': 0.14565321, 'lr': 2.33e-06, 'params': 553882, 'time_iter': 0.08399, 'mae': 0.14565, 'r2': 0.87839, 'spearmanr': 0.98782, 'mse': 0.49173, 'rmse': 0.70123}
val: {'epoch': 388, 'time_epoch': 0.50057, 'loss': 0.23300475, 'lr': 0, 'params': 553882, 'time_iter': 0.03129, 'mae': 0.233, 'r2': 0.79569, 'spearmanr': 0.98041, 'mse': 0.80473, 'rmse': 0.89707, 'loss_recon': 0.0, 'loss_recon_node': 0.0, 'loss_recon_edge': 0.0, 'loss_recon_tuple': 0.0, 'loss_recon_nodepe': 0.0, 'loss_recon_edgepe': 0.0}
test: {'epoch': 388, 'time_epoch': 0.49999, 'loss': 0.23362806, 'lr': 0, 'params': 553882, 'time_iter': 0.03125, 'mae': 0.23363, 'r2': 0.88466, 'spearmanr': 0.97131, 'mse': 0.46925, 'rmse': 0.68502, 'loss_recon': 0.0, 'loss_recon_node': 0.0, 'loss_recon_edge': 0.0, 'loss_recon_tuple': 0.0, 'loss_recon_nodepe': 0.0, 'loss_recon_edgepe': 0.0}
> Epoch 388: took 14.2s (avg 14.3s) | Best so far: epoch 387	train_loss: 0.1417 train_mae: 0.1417	val_loss: 0.2330 val_mae: 0.2329	test_loss: 0.2341 test_mae: 0.2341
train: {'epoch': 389, 'time_epoch': 13.18858, 'eta': 132.6754, 'eta_hours': 0.03685, 'loss': 0.14405551, 'lr': 1.96e-06, 'params': 553882, 'time_iter': 0.084, 'mae': 0.14406, 'r2': 0.92516, 'spearmanr': 0.98858, 'mse': 0.30261, 'rmse': 0.5501}
val: {'epoch': 389, 'time_epoch': 0.50137, 'loss': 0.23638929, 'lr': 0, 'params': 553882, 'time_iter': 0.03134, 'mae': 0.23639, 'r2': 0.79516, 'spearmanr': 0.98028, 'mse': 0.8068, 'rmse': 0.89822, 'loss_recon': 0.0, 'loss_recon_node': 0.0, 'loss_recon_edge': 0.0, 'loss_recon_tuple': 0.0, 'loss_recon_nodepe': 0.0, 'loss_recon_edgepe': 0.0}
test: {'epoch': 389, 'time_epoch': 0.50164, 'loss': 0.23824637, 'lr': 0, 'params': 553882, 'time_iter': 0.03135, 'mae': 0.23825, 'r2': 0.8855, 'spearmanr': 0.97132, 'mse': 0.46581, 'rmse': 0.6825, 'loss_recon': 0.0, 'loss_recon_node': 0.0, 'loss_recon_edge': 0.0, 'loss_recon_tuple': 0.0, 'loss_recon_nodepe': 0.0, 'loss_recon_edgepe': 0.0}
> Epoch 389: took 14.2s (avg 14.3s) | Best so far: epoch 387	train_loss: 0.1417 train_mae: 0.1417	val_loss: 0.2330 val_mae: 0.2329	test_loss: 0.2341 test_mae: 0.2341
train: {'epoch': 390, 'time_epoch': 13.18419, 'eta': 119.40594, 'eta_hours': 0.03317, 'loss': 0.14585228, 'lr': 1.62e-06, 'params': 553882, 'time_iter': 0.08398, 'mae': 0.14585, 'r2': 0.87099, 'spearmanr': 0.98752, 'mse': 0.52163, 'rmse': 0.72224}
val: {'epoch': 390, 'time_epoch': 0.50016, 'loss': 0.23448674, 'lr': 0, 'params': 553882, 'time_iter': 0.03126, 'mae': 0.23449, 'r2': 0.794, 'spearmanr': 0.98022, 'mse': 0.8114, 'rmse': 0.90078, 'loss_recon': 0.0, 'loss_recon_node': 0.0, 'loss_recon_edge': 0.0, 'loss_recon_tuple': 0.0, 'loss_recon_nodepe': 0.0, 'loss_recon_edgepe': 0.0}
test: {'epoch': 390, 'time_epoch': 0.50081, 'loss': 0.23422373, 'lr': 0, 'params': 553882, 'time_iter': 0.0313, 'mae': 0.23422, 'r2': 0.88465, 'spearmanr': 0.97136, 'mse': 0.46927, 'rmse': 0.68503, 'loss_recon': 0.0, 'loss_recon_node': 0.0, 'loss_recon_edge': 0.0, 'loss_recon_tuple': 0.0, 'loss_recon_nodepe': 0.0, 'loss_recon_edgepe': 0.0}
> Epoch 390: took 14.2s (avg 14.3s) | Best so far: epoch 387	train_loss: 0.1417 train_mae: 0.1417	val_loss: 0.2330 val_mae: 0.2329	test_loss: 0.2341 test_mae: 0.2341
train: {'epoch': 391, 'time_epoch': 13.18833, 'eta': 106.137, 'eta_hours': 0.02948, 'loss': 0.14367242, 'lr': 1.31e-06, 'params': 553882, 'time_iter': 0.084, 'mae': 0.14367, 'r2': 0.88942, 'spearmanr': 0.98786, 'mse': 0.44712, 'rmse': 0.66867}
val: {'epoch': 391, 'time_epoch': 0.49984, 'loss': 0.23852642, 'lr': 0, 'params': 553882, 'time_iter': 0.03124, 'mae': 0.23853, 'r2': 0.79645, 'spearmanr': 0.98037, 'mse': 0.80172, 'rmse': 0.89539, 'loss_recon': 0.0, 'loss_recon_node': 0.0, 'loss_recon_edge': 0.0, 'loss_recon_tuple': 0.0, 'loss_recon_nodepe': 0.0, 'loss_recon_edgepe': 0.0}
test: {'epoch': 391, 'time_epoch': 0.50141, 'loss': 0.24108818, 'lr': 0, 'params': 553882, 'time_iter': 0.03134, 'mae': 0.24109, 'r2': 0.88695, 'spearmanr': 0.97147, 'mse': 0.45993, 'rmse': 0.67818, 'loss_recon': 0.0, 'loss_recon_node': 0.0, 'loss_recon_edge': 0.0, 'loss_recon_tuple': 0.0, 'loss_recon_nodepe': 0.0, 'loss_recon_edgepe': 0.0}
> Epoch 391: took 14.2s (avg 14.3s) | Best so far: epoch 387	train_loss: 0.1417 train_mae: 0.1417	val_loss: 0.2330 val_mae: 0.2329	test_loss: 0.2341 test_mae: 0.2341
train: {'epoch': 392, 'time_epoch': 13.18807, 'eta': 92.86847, 'eta_hours': 0.0258, 'loss': 0.14233728, 'lr': 1.04e-06, 'params': 553882, 'time_iter': 0.084, 'mae': 0.14234, 'r2': 0.8832, 'spearmanr': 0.98776, 'mse': 0.47228, 'rmse': 0.68723}
val: {'epoch': 392, 'time_epoch': 0.50241, 'loss': 0.23357514, 'lr': 0, 'params': 553882, 'time_iter': 0.0314, 'mae': 0.23358, 'r2': 0.79529, 'spearmanr': 0.98017, 'mse': 0.80629, 'rmse': 0.89794, 'loss_recon': 0.0, 'loss_recon_node': 0.0, 'loss_recon_edge': 0.0, 'loss_recon_tuple': 0.0, 'loss_recon_nodepe': 0.0, 'loss_recon_edgepe': 0.0}
test: {'epoch': 392, 'time_epoch': 0.49974, 'loss': 0.23441472, 'lr': 0, 'params': 553882, 'time_iter': 0.03123, 'mae': 0.23441, 'r2': 0.88559, 'spearmanr': 0.97132, 'mse': 0.46545, 'rmse': 0.68224, 'loss_recon': 0.0, 'loss_recon_node': 0.0, 'loss_recon_edge': 0.0, 'loss_recon_tuple': 0.0, 'loss_recon_nodepe': 0.0, 'loss_recon_edgepe': 0.0}
> Epoch 392: took 14.2s (avg 14.3s) | Best so far: epoch 387	train_loss: 0.1417 train_mae: 0.1417	val_loss: 0.2330 val_mae: 0.2329	test_loss: 0.2341 test_mae: 0.2341
train: {'epoch': 393, 'time_epoch': 13.18388, 'eta': 79.60028, 'eta_hours': 0.02211, 'loss': 0.13313745, 'lr': 7.9e-07, 'params': 553882, 'time_iter': 0.08397, 'mae': 0.13314, 'r2': 0.93359, 'spearmanr': 0.98905, 'mse': 0.26852, 'rmse': 0.51819}
val: {'epoch': 393, 'time_epoch': 0.50043, 'loss': 0.23674083, 'lr': 0, 'params': 553882, 'time_iter': 0.03128, 'mae': 0.23674, 'r2': 0.79576, 'spearmanr': 0.9804, 'mse': 0.80444, 'rmse': 0.89691, 'loss_recon': 0.0, 'loss_recon_node': 0.0, 'loss_recon_edge': 0.0, 'loss_recon_tuple': 0.0, 'loss_recon_nodepe': 0.0, 'loss_recon_edgepe': 0.0}
test: {'epoch': 393, 'time_epoch': 0.50098, 'loss': 0.23870413, 'lr': 0, 'params': 553882, 'time_iter': 0.03131, 'mae': 0.2387, 'r2': 0.88589, 'spearmanr': 0.97138, 'mse': 0.46424, 'rmse': 0.68135, 'loss_recon': 0.0, 'loss_recon_node': 0.0, 'loss_recon_edge': 0.0, 'loss_recon_tuple': 0.0, 'loss_recon_nodepe': 0.0, 'loss_recon_edgepe': 0.0}
> Epoch 393: took 14.2s (avg 14.3s) | Best so far: epoch 387	train_loss: 0.1417 train_mae: 0.1417	val_loss: 0.2330 val_mae: 0.2329	test_loss: 0.2341 test_mae: 0.2341
train: {'epoch': 394, 'time_epoch': 13.17896, 'eta': 66.33245, 'eta_hours': 0.01843, 'loss': 0.14289538, 'lr': 5.8e-07, 'params': 553882, 'time_iter': 0.08394, 'mae': 0.1429, 'r2': 0.8815, 'spearmanr': 0.9888, 'mse': 0.47915, 'rmse': 0.69221}
val: {'epoch': 394, 'time_epoch': 0.50097, 'loss': 0.23683283, 'lr': 0, 'params': 553882, 'time_iter': 0.03131, 'mae': 0.23683, 'r2': 0.79603, 'spearmanr': 0.98034, 'mse': 0.80338, 'rmse': 0.89632, 'loss_recon': 0.0, 'loss_recon_node': 0.0, 'loss_recon_edge': 0.0, 'loss_recon_tuple': 0.0, 'loss_recon_nodepe': 0.0, 'loss_recon_edgepe': 0.0}
test: {'epoch': 394, 'time_epoch': 0.50077, 'loss': 0.23808288, 'lr': 0, 'params': 553882, 'time_iter': 0.0313, 'mae': 0.23808, 'r2': 0.8859, 'spearmanr': 0.97132, 'mse': 0.46418, 'rmse': 0.68131, 'loss_recon': 0.0, 'loss_recon_node': 0.0, 'loss_recon_edge': 0.0, 'loss_recon_tuple': 0.0, 'loss_recon_nodepe': 0.0, 'loss_recon_edgepe': 0.0}
> Epoch 394: took 14.2s (avg 14.3s) | Best so far: epoch 387	train_loss: 0.1417 train_mae: 0.1417	val_loss: 0.2330 val_mae: 0.2329	test_loss: 0.2341 test_mae: 0.2341
train: {'epoch': 395, 'time_epoch': 13.19216, 'eta': 53.06521, 'eta_hours': 0.01474, 'loss': 0.14434595, 'lr': 4.1e-07, 'params': 553882, 'time_iter': 0.08403, 'mae': 0.14435, 'r2': 0.88675, 'spearmanr': 0.98865, 'mse': 0.45792, 'rmse': 0.6767}
val: {'epoch': 395, 'time_epoch': 0.50153, 'loss': 0.23405136, 'lr': 0, 'params': 553882, 'time_iter': 0.03135, 'mae': 0.23405, 'r2': 0.79512, 'spearmanr': 0.98027, 'mse': 0.80695, 'rmse': 0.89831, 'loss_recon': 0.0, 'loss_recon_node': 0.0, 'loss_recon_edge': 0.0, 'loss_recon_tuple': 0.0, 'loss_recon_nodepe': 0.0, 'loss_recon_edgepe': 0.0}
test: {'epoch': 395, 'time_epoch': 0.50019, 'loss': 0.23492783, 'lr': 0, 'params': 553882, 'time_iter': 0.03126, 'mae': 0.23493, 'r2': 0.8851, 'spearmanr': 0.97132, 'mse': 0.46743, 'rmse': 0.68369, 'loss_recon': 0.0, 'loss_recon_node': 0.0, 'loss_recon_edge': 0.0, 'loss_recon_tuple': 0.0, 'loss_recon_nodepe': 0.0, 'loss_recon_edgepe': 0.0}
> Epoch 395: took 14.2s (avg 14.3s) | Best so far: epoch 387	train_loss: 0.1417 train_mae: 0.1417	val_loss: 0.2330 val_mae: 0.2329	test_loss: 0.2341 test_mae: 0.2341
tensor([ 1,  1,  1,  1,  1,  3,  1,  2,  5,  1,  5,  1,  2,  8,  1,  1,  1, 22,
         1,  1], device='cuda:0')
tensor([[ -0.5342,   0.3743,   0.0759,  -0.2889],
        [ -0.3729,   0.2763,   0.0880,  -0.2236],
        [ -0.2658,   0.2319,   0.1117,  -0.1638],
        [ -0.2971,   0.2449,   0.1048,  -0.1813],
        [ -0.6702,   0.4623,   0.0696,  -0.3396],
        [ -0.1685,   0.1916,   0.1331,  -0.1095],
        [ -1.2610,   0.8453,   0.0431,  -0.5595],
        [ -1.5664,   1.0434,   0.0295,  -0.6730],
        [ -0.3948,   0.2854,   0.0832,  -0.2358],
        [ -0.5999,   0.4169,   0.0729,  -0.3133],
        [ -0.1654,   0.1903,   0.1338,  -0.1078],
        [ -0.3393,   0.2624,   0.0955,  -0.2049],
        [ -1.5632,   1.0413,   0.0296,  -0.6719],
        [ -0.2529,   0.2266,   0.1145,  -0.1566],
        [ -0.8442,   0.5751,   0.0619,  -0.4043],
        [ -0.3769,   0.2780,   0.0872,  -0.2258],
        [ -0.1676,   0.1912,   0.1333,  -0.1090],
        [ -1.8342,  16.2414,  12.1793, -10.4048],
        [ -1.0003,   0.6762,   0.0548,  -0.4625],
        [ -0.6449,   0.4460,   0.0708,  -0.3301]], device='cuda:0',
       grad_fn=<SliceBackward0>)
tensor([8, 1, 0, 0, 0, 0, 0, 0, 0, 0, 0, 0, 0, 0, 0, 0, 0, 5, 1, 8],
       device='cuda:0')
tensor([[-0.3412, -0.1846, -0.2015,  0.0131],
        [ 0.2266, -0.0285, -0.0349,  0.0773],
        [ 0.0776,  0.0609, -0.1067,  0.0096],
        [ 0.0655,  0.0422, -0.1075,  0.0137],
        [ 0.2100, -0.0205, -0.0433,  0.0697],
        [ 0.2266, -0.0285, -0.0349,  0.0773],
        [ 0.2227, -0.0333, -0.0249,  0.0683],
        [ 0.2266, -0.0285, -0.0349,  0.0773],
        [ 0.2266, -0.0285, -0.0349,  0.0773],
        [ 0.2266, -0.0285, -0.0349,  0.0773],
        [ 0.2266, -0.0285, -0.0349,  0.0773],
        [ 0.2266, -0.0285, -0.0349,  0.0773],
        [ 0.2266, -0.0285, -0.0349,  0.0773],
        [ 0.2197, -0.0343, -0.0364,  0.0777],
        [-0.0887,  0.0726, -0.1689, -0.0328],
        [ 0.1068,  0.0439, -0.0925,  0.0229],
        [ 0.1445,  0.0212, -0.0744,  0.0400],
        [-2.1320, -0.3175, -0.8159, -0.3418],
        [ 0.2265, -0.0288, -0.0351,  0.0773],
        [-0.4917, -0.2628, -0.2406,  0.0075]], device='cuda:0',
       grad_fn=<SliceBackward0>)
train: {'epoch': 396, 'time_epoch': 13.19895, 'eta': 39.7984, 'eta_hours': 0.01106, 'loss': 0.13768561, 'lr': 2.6e-07, 'params': 553882, 'time_iter': 0.08407, 'mae': 0.13769, 'r2': 0.93334, 'spearmanr': 0.98954, 'mse': 0.26952, 'rmse': 0.51916}
val: {'epoch': 396, 'time_epoch': 0.50213, 'loss': 0.25023085, 'lr': 0, 'params': 553882, 'time_iter': 0.03138, 'mae': 0.25023, 'r2': 0.79651, 'spearmanr': 0.98046, 'mse': 0.80148, 'rmse': 0.89525, 'loss_recon': 0.0, 'loss_recon_node': 0.0, 'loss_recon_edge': 0.0, 'loss_recon_tuple': 0.0, 'loss_recon_nodepe': 0.0, 'loss_recon_edgepe': 0.0}
test: {'epoch': 396, 'time_epoch': 0.50066, 'loss': 0.25343039, 'lr': 0, 'params': 553882, 'time_iter': 0.03129, 'mae': 0.25343, 'r2': 0.88806, 'spearmanr': 0.97157, 'mse': 0.45539, 'rmse': 0.67482, 'loss_recon': 0.0, 'loss_recon_node': 0.0, 'loss_recon_edge': 0.0, 'loss_recon_tuple': 0.0, 'loss_recon_nodepe': 0.0, 'loss_recon_edgepe': 0.0}
> Epoch 396: took 14.2s (avg 14.3s) | Best so far: epoch 387	train_loss: 0.1417 train_mae: 0.1417	val_loss: 0.2330 val_mae: 0.2329	test_loss: 0.2341 test_mae: 0.2341
train: {'epoch': 397, 'time_epoch': 13.1829, 'eta': 26.53185, 'eta_hours': 0.00737, 'loss': 0.13283789, 'lr': 1.5e-07, 'params': 553882, 'time_iter': 0.08397, 'mae': 0.13284, 'r2': 0.94567, 'spearmanr': 0.98972, 'mse': 0.21969, 'rmse': 0.46871}
val: {'epoch': 397, 'time_epoch': 0.50058, 'loss': 0.24124032, 'lr': 0, 'params': 553882, 'time_iter': 0.03129, 'mae': 0.24124, 'r2': 0.79521, 'spearmanr': 0.97994, 'mse': 0.80663, 'rmse': 0.89813, 'loss_recon': 0.0, 'loss_recon_node': 0.0, 'loss_recon_edge': 0.0, 'loss_recon_tuple': 0.0, 'loss_recon_nodepe': 0.0, 'loss_recon_edgepe': 0.0}
test: {'epoch': 397, 'time_epoch': 0.50062, 'loss': 0.24380915, 'lr': 0, 'params': 553882, 'time_iter': 0.03129, 'mae': 0.24381, 'r2': 0.88574, 'spearmanr': 0.97109, 'mse': 0.46484, 'rmse': 0.6818, 'loss_recon': 0.0, 'loss_recon_node': 0.0, 'loss_recon_edge': 0.0, 'loss_recon_tuple': 0.0, 'loss_recon_nodepe': 0.0, 'loss_recon_edgepe': 0.0}
> Epoch 397: took 14.2s (avg 14.3s) | Best so far: epoch 387	train_loss: 0.1417 train_mae: 0.1417	val_loss: 0.2330 val_mae: 0.2329	test_loss: 0.2341 test_mae: 0.2341
train: {'epoch': 398, 'time_epoch': 13.18484, 'eta': 13.26572, 'eta_hours': 0.00368, 'loss': 0.13157329, 'lr': 6e-08, 'params': 553882, 'time_iter': 0.08398, 'mae': 0.13157, 'r2': 0.95057, 'spearmanr': 0.99008, 'mse': 0.19985, 'rmse': 0.44705}
val: {'epoch': 398, 'time_epoch': 0.50024, 'loss': 0.23385703, 'lr': 0, 'params': 553882, 'time_iter': 0.03126, 'mae': 0.23386, 'r2': 0.79545, 'spearmanr': 0.98025, 'mse': 0.80567, 'rmse': 0.89759, 'loss_recon': 0.0, 'loss_recon_node': 0.0, 'loss_recon_edge': 0.0, 'loss_recon_tuple': 0.0, 'loss_recon_nodepe': 0.0, 'loss_recon_edgepe': 0.0}
test: {'epoch': 398, 'time_epoch': 0.50026, 'loss': 0.23469049, 'lr': 0, 'params': 553882, 'time_iter': 0.03127, 'mae': 0.23469, 'r2': 0.88636, 'spearmanr': 0.97138, 'mse': 0.46233, 'rmse': 0.67995, 'loss_recon': 0.0, 'loss_recon_node': 0.0, 'loss_recon_edge': 0.0, 'loss_recon_tuple': 0.0, 'loss_recon_nodepe': 0.0, 'loss_recon_edgepe': 0.0}
> Epoch 398: took 14.2s (avg 14.3s) | Best so far: epoch 387	train_loss: 0.1417 train_mae: 0.1417	val_loss: 0.2330 val_mae: 0.2329	test_loss: 0.2341 test_mae: 0.2341
train: {'epoch': 399, 'time_epoch': 13.18699, 'eta': 0.0, 'eta_hours': 0.0, 'loss': 0.14329161, 'lr': 2e-08, 'params': 553882, 'time_iter': 0.08399, 'mae': 0.14329, 'r2': 0.88306, 'spearmanr': 0.98884, 'mse': 0.47282, 'rmse': 0.68762}
val: {'epoch': 399, 'time_epoch': 0.50051, 'loss': 0.2327282, 'lr': 0, 'params': 553882, 'time_iter': 0.03128, 'mae': 0.23273, 'r2': 0.79439, 'spearmanr': 0.98017, 'mse': 0.80983, 'rmse': 0.89991, 'loss_recon': 0.0, 'loss_recon_node': 0.0, 'loss_recon_edge': 0.0, 'loss_recon_tuple': 0.0, 'loss_recon_nodepe': 0.0, 'loss_recon_edgepe': 0.0}
test: {'epoch': 399, 'time_epoch': 0.50148, 'loss': 0.23447471, 'lr': 0, 'params': 553882, 'time_iter': 0.03134, 'mae': 0.23447, 'r2': 0.88291, 'spearmanr': 0.97104, 'mse': 0.47636, 'rmse': 0.69019, 'loss_recon': 0.0, 'loss_recon_node': 0.0, 'loss_recon_edge': 0.0, 'loss_recon_tuple': 0.0, 'loss_recon_nodepe': 0.0, 'loss_recon_edgepe': 0.0}
> Epoch 399: took 14.2s (avg 14.3s) | Best so far: epoch 399	train_loss: 0.1433 train_mae: 0.1433	val_loss: 0.2327 val_mae: 0.2327	test_loss: 0.2345 test_mae: 0.2345
Avg time per epoch: 14.29s
Total train loop time: 1.59h
wandb: - 0.533 MB of 0.533 MB uploadedwandb: \ 0.554 MB of 0.554 MB uploadedwandb: | 0.554 MB of 0.554 MB uploadedwandb:                                                                                
wandb: 
wandb: Run history:
wandb:             best/epoch ▁▁▁▁▁▂▂▂▂▂▃▃▃▃▃▄▄▄▄▄▄▅▅▅▅▅▆▆▆▆▆▇▇▇▇▇▇▇██
wandb:         best/test_loss █▆▅▅▄▄▄▄▃▃▃▃▃▃▃▃▃▃▃▃▃▂▂▂▂▂▂▂▂▂▂▂▂▁▁▁▁▁▁▁
wandb:          best/test_mae ██▅▄▄▄▄▄▄▄▃▃▃▃▃▃▃▃▃▃▃▃▃▃▃▂▂▂▂▂▂▂▂▂▁▁▁▁▁▁
wandb:        best/train_loss █▅▅▃▂▂▂▂▂▂▂▂▂▂▂▁▁▂▂▁▁▁▁▁▁▁▁▁▁▁▁▁▁▁▁▁▁▁▁▁
wandb:         best/train_mae █▁▁▁▁▁▁▁▁▁▁▁▁▁▁▁▁▁▁▁▁▁▁▁▁▁▁▁▁▁▁▁▁▁▁▁▁▁▁▁
wandb:          best/val_loss █▇▇▆▆▆▆▆▆▅▅▅▅▄▄▄▃▃▃▃▃▃▃▂▂▂▂▂▂▂▂▁▁▁▁▁▁▁▁▁
wandb:           best/val_mae █▁▁▁▁▁▁▁▁▁▁▁▁▁▁▁▁▁▁▁▁▁▁▁▁▁▁▁▁▁▁▁▁▁▁▁▁▁▁▁
wandb:             test/epoch ▁▁▁▁▂▂▂▂▂▂▃▃▃▃▄▄▄▄▄▄▅▅▅▆▆▆▆▆▆▆▇▇▇▇▇▇▇▇██
wandb:              test/loss █▅▄▃▃▂▅▆▃▃▃▃▂▃▂▃▂▂▂▃▂▂▂▂▂▁▁▁▂▁▁▁▁▁▁▁▁▁▁▁
wandb:        test/loss_recon ▁▁▁▁▁▁▁▁▁▁▁▁▁▁▁▁▁▁▁▁▁▁▁▁▁▁▁▁▁▁▁▁▁▁▁▁▁▁▁▁
wandb:   test/loss_recon_edge ▁▁▁▁▁▁▁▁▁▁▁▁▁▁▁▁▁▁▁▁▁▁▁▁▁▁▁▁▁▁▁▁▁▁▁▁▁▁▁▁
wandb: test/loss_recon_edgepe ▁▁▁▁▁▁▁▁▁▁▁▁▁▁▁▁▁▁▁▁▁▁▁▁▁▁▁▁▁▁▁▁▁▁▁▁▁▁▁▁
wandb:   test/loss_recon_node ▁▁▁▁▁▁▁▁▁▁▁▁▁▁▁▁▁▁▁▁▁▁▁▁▁▁▁▁▁▁▁▁▁▁▁▁▁▁▁▁
wandb: test/loss_recon_nodepe ▁▁▁▁▁▁▁▁▁▁▁▁▁▁▁▁▁▁▁▁▁▁▁▁▁▁▁▁▁▁▁▁▁▁▁▁▁▁▁▁
wandb:  test/loss_recon_tuple ▁▁▁▁▁▁▁▁▁▁▁▁▁▁▁▁▁▁▁▁▁▁▁▁▁▁▁▁▁▁▁▁▁▁▁▁▁▁▁▁
wandb:                test/lr ▁▁▁▁▁▁▁▁▁▁▁▁▁▁▁▁▁▁▁▁▁▁▁▁▁▁▁▁▁▁▁▁▁▁▁▁▁▁▁▁
wandb:               test/mae ▆█▇▅▄▃▃▃▆▄▂▂▃▃▂▂▂▂▃▃▂▂▂▂▂▂▂▁▁▁▁▁▁▁▁▁▁▁▁▁
wandb:               test/mse █▁▁▁▁▁▁▁▁▁▁▁▁▁▁▁▁▁▁▁▁▁▁▁▁▁▁▁▁▁▁▁▁▁▁▁▁▁▁▁
wandb:            test/params ▁▁▁▁▁▁▁▁▁▁▁▁▁▁▁▁▁▁▁▁▁▁▁▁▁▁▁▁▁▁▁▁▁▁▁▁▁▁▁▁
wandb:                test/r2 ▁███████████████████████████████████████
wandb:              test/rmse █▅▆▆▅▅▆▅▅▅▆▅▇▅▅▅▅▅▄▅▄▅▄▅▅▅▄▅▄▃▂▂▂▂▁▁▁▁▁▁
wandb:         test/spearmanr ▄▁▅▅▅▆▆▆▆▆▆▆▆▇▆▇▇▇▇▇▇▇▇▇▇▇▇█████████████
wandb:        test/time_epoch ▇█▇▅▆▇▆▅▅▅▅▇▅▅▅▃▃▃▃▃▃▃▃▄▃▃▂▂▂▂▃▂▂▂▂▁▂▂▃▂
wandb:         test/time_iter █▇▇▆█▆▅▄▆▅▅▃▂▂▃▃▄▃▃▃▂▃▃▂▂▁▁▂▂▁▂▂▂▂▂▂▁▁▁▁
wandb:            train/epoch ▁▁▁▁▂▂▂▂▂▂▂▃▃▃▃▄▄▄▄▄▄▄▄▄▄▅▅▅▅▅▆▆▆▇▇▇▇▇██
wandb:              train/eta █▇▇▇▇▇▆▆▆▆▆▆▆▆▅▅▅▅▅▅▄▄▄▄▄▃▃▃▃▃▃▃▃▂▂▂▂▂▁▁
wandb:        train/eta_hours ███▇▇▇▇▇▇▇▆▆▆▆▆▆▆▅▅▅▅▄▄▄▄▄▃▃▃▃▂▂▂▂▂▂▂▁▁▁
wandb:             train/loss █▅▅▄▃▃▃▃▂▂▂▂▂▂▂▂▂▂▂▂▂▂▁▁▁▁▁▁▁▁▁▁▁▁▁▁▁▁▁▁
wandb:               train/lr ████████▇▇▆▆▆▆▅▅▄▄▄▃▃▃▃▃▃▃▃▃▂▂▁▁▁▁▁▁▁▁▁▁
wandb:              train/mae █▄▄▃▃▃▃▃▃▃▃▃▃▂▃▂▂▂▂▂▂▂▂▂▂▂▁▁▁▁▁▁▁▁▁▁▁▁▁▁
wandb:              train/mse █▅▄▄▄▃▄▃▄▃▂▃▃▃▄▂▃▂▃▂▃▂▃▂▂▂▁▂▂▂▂▁▁▁▂▁▁▂▂▁
wandb:           train/params ▁▁▁▁▁▁▁▁▁▁▁▁▁▁▁▁▁▁▁▁▁▁▁▁▁▁▁▁▁▁▁▁▁▁▁▁▁▁▁▁
wandb:               train/r2 ▁███████████████████████████████████████
wandb:             train/rmse █▅▃▃▂▃▃▂▂▂▂▂▂▂▂▂▂▂▂▂▂▂▂▂▁▂▂▂▁▂▂▁▁▁▂▁▂▂▂▁
wandb:        train/spearmanr ▁▅▆▇▆▆▇▆▆▇▇▇▇▇▇▇▇▇▇▇██▇█████████████████
wandb:       train/time_epoch █▇▇▇▇▆▆▆▅▅▆▆▄▂▂▃▃▃▃▃▂▂▁▁▁▁▁▁▂▂▁▁▁▁▁▁▁▁▁▁
wandb:        train/time_iter ███▇▆▆▆▆▆▆▆▆▂▂▂▂▃▃▂▂▂▂▁▁▂▂▁▂▂▁▁▁▁▁▁▁▁▁▁▁
wandb:              val/epoch ▁▁▁▁▂▂▂▂▂▂▂▃▃▃▃▃▄▄▄▅▅▅▅▅▅▆▆▇▇▇▇▇▇▇▇█████
wandb:               val/loss █▅▄▇▄▅▃▅▆▂▃▆▃▂▂▂▄▂▂▂▃▂▂▂▂▂▁▂▁▁▁▁▁▁▁▁▁▁▁▁
wandb:         val/loss_recon ▁▁▁▁▁▁▁▁▁▁▁▁▁▁▁▁▁▁▁▁▁▁▁▁▁▁▁▁▁▁▁▁▁▁▁▁▁▁▁▁
wandb:    val/loss_recon_edge ▁▁▁▁▁▁▁▁▁▁▁▁▁▁▁▁▁▁▁▁▁▁▁▁▁▁▁▁▁▁▁▁▁▁▁▁▁▁▁▁
wandb:  val/loss_recon_edgepe ▁▁▁▁▁▁▁▁▁▁▁▁▁▁▁▁▁▁▁▁▁▁▁▁▁▁▁▁▁▁▁▁▁▁▁▁▁▁▁▁
wandb:    val/loss_recon_node ▁▁▁▁▁▁▁▁▁▁▁▁▁▁▁▁▁▁▁▁▁▁▁▁▁▁▁▁▁▁▁▁▁▁▁▁▁▁▁▁
wandb:  val/loss_recon_nodepe ▁▁▁▁▁▁▁▁▁▁▁▁▁▁▁▁▁▁▁▁▁▁▁▁▁▁▁▁▁▁▁▁▁▁▁▁▁▁▁▁
wandb:   val/loss_recon_tuple ▁▁▁▁▁▁▁▁▁▁▁▁▁▁▁▁▁▁▁▁▁▁▁▁▁▁▁▁▁▁▁▁▁▁▁▁▁▁▁▁
wandb:                 val/lr ▁▁▁▁▁▁▁▁▁▁▁▁▁▁▁▁▁▁▁▁▁▁▁▁▁▁▁▁▁▁▁▁▁▁▁▁▁▁▁▁
wandb:                val/mae ▅▆█▄▄▄▅▃▃▃▃▅▃▂▃▃▂▂▂▄▄▂▃▂▂▂▂▁▁▁▁▁▁▁▁▁▁▁▁▁
wandb:                val/mse █▄▃▃▃▃▃▃▃▃▂▂▅▂▂▂▂▃▂▂▂▂▂▂▂▂▂▂▂▁▁▁▁▁▁▁▁▁▁▁
wandb:             val/params ▁▁▁▁▁▁▁▁▁▁▁▁▁▁▁▁▁▁▁▁▁▁▁▁▁▁▁▁▁▁▁▁▁▁▁▁▁▁▁▁
wandb:                 val/r2 ▁▆▆▅▅▆▅▅▅▆▁▆▅▆▅▆▆▆▆▆▆▇▇▇▇▇▇▇▇▇██████████
wandb:               val/rmse █▅▂▂▂▂▂▂▂▂▃▂▂▂▂▂▂▂▂▁▁▁▁▁▁▁▁▁▁▁▁▁▁▁▁▁▁▁▁▁
wandb:          val/spearmanr ▁█▇█████████████████████████████████████
wandb:         val/time_epoch ▂▂▁▂▁▂▁▁▁▁▁▁▁▁▁▁▁▁▁▁▁▁▁▁█▁▁▁▁▁▁▁▁▁▁▁▁▁▁▁
wandb:          val/time_iter ▆▆█▆▆▅▄▆▅▅▅▅▅▆▆▂▃▃▃▃▄▃▂▂▃▂▂▂▂▁▁▁▂▂▂▁▂▁▁▁
wandb: 
wandb: Run summary:
wandb:             best/epoch 399
wandb:         best/test_loss 0.23447
wandb:          best/test_mae 0.23447
wandb:        best/train_loss 0.14329
wandb:         best/train_mae 0.14329
wandb:          best/val_loss 0.23273
wandb:           best/val_mae 0.23273
wandb:         best_test_perf 0.23447
wandb:        best_train_perf 0.14329
wandb:          best_val_perf 0.23273
wandb:    full_epoch_time_avg 14.29357
wandb:    full_epoch_time_sum 5717.42619
wandb:             test/epoch 399
wandb:              test/loss 0.23447
wandb:        test/loss_recon 0
wandb:   test/loss_recon_edge 0
wandb: test/loss_recon_edgepe 0
wandb:   test/loss_recon_node 0
wandb: test/loss_recon_nodepe 0
wandb:  test/loss_recon_tuple 0
wandb:                test/lr 0
wandb:               test/mae 0.23447
wandb:               test/mse 0.47636
wandb:            test/params 553882
wandb:                test/r2 0.88291
wandb:              test/rmse 0.69019
wandb:         test/spearmanr 0.97104
wandb:        test/time_epoch 0.50148
wandb:         test/time_iter 0.03134
wandb:            train/epoch 399
wandb:              train/eta 0
wandb:        train/eta_hours 0
wandb:             train/loss 0.14329
wandb:               train/lr 0.0
wandb:              train/mae 0.14329
wandb:              train/mse 0.47282
wandb:           train/params 553882
wandb:               train/r2 0.88306
wandb:             train/rmse 0.68762
wandb:        train/spearmanr 0.98884
wandb:       train/time_epoch 13.18699
wandb:        train/time_iter 0.08399
wandb:              val/epoch 399
wandb:               val/loss 0.23273
wandb:         val/loss_recon 0
wandb:    val/loss_recon_edge 0
wandb:  val/loss_recon_edgepe 0
wandb:    val/loss_recon_node 0
wandb:  val/loss_recon_nodepe 0
wandb:   val/loss_recon_tuple 0
wandb:                 val/lr 0
wandb:                val/mae 0.23273
wandb:                val/mse 0.80983
wandb:             val/params 553882
wandb:                 val/r2 0.79439
wandb:               val/rmse 0.89991
wandb:          val/spearmanr 0.98017
wandb:         val/time_epoch 0.50051
wandb:          val/time_iter 0.03128
wandb: 
wandb: 🚀 View run ZINC-subset.GraphTransformerEncoder.r0 at: https://wandb.ai/shokuno-the-university-of-tokyo/LatentGraphDiffusion-ZINC/runs/zndpo3yg
wandb: ⭐️ View project at: https://wandb.ai/shokuno-the-university-of-tokyo/LatentGraphDiffusion-ZINC
wandb: Synced 4 W&B file(s), 0 media file(s), 3 artifact file(s) and 0 other file(s)
wandb: Find logs at: ./wandb/run-20250722_172248-zndpo3yg/logs
Task done, results saved in results/zinc-encoder-fast/0
399
{'epoch': 399, 'time_epoch': 0.50148, 'loss': 0.23447471, 'lr': 0, 'params': 553882, 'time_iter': 0.03134, 'mae': 0.23447, 'r2': 0.88291, 'spearmanr': 0.97104, 'mse': 0.47636, 'rmse': 0.69019, 'loss_recon': 0.0, 'loss_recon_node': 0.0, 'loss_recon_edge': 0.0, 'loss_recon_tuple': 0.0, 'loss_recon_nodepe': 0.0, 'loss_recon_edgepe': 0.0}
{'epoch': 399, 'time_epoch': 0.50051, 'loss': 0.2327282, 'lr': 0, 'params': 553882, 'time_iter': 0.03128, 'mae': 0.23273, 'r2': 0.79439, 'spearmanr': 0.98017, 'mse': 0.80983, 'rmse': 0.89991, 'loss_recon': 0.0, 'loss_recon_node': 0.0, 'loss_recon_edge': 0.0, 'loss_recon_tuple': 0.0, 'loss_recon_nodepe': 0.0, 'loss_recon_edgepe': 0.0}
{'epoch': 399, 'time_epoch': 13.18699, 'eta': 0.0, 'eta_hours': 0.0, 'loss': 0.14329161, 'lr': 2e-08, 'params': 553882, 'time_iter': 0.08399, 'mae': 0.14329, 'r2': 0.88306, 'spearmanr': 0.98884, 'mse': 0.47282, 'rmse': 0.68762}
Results aggregated across runs saved in results/zinc-encoder-fast/agg
[*] All done: 2025-07-22 18:58:19.021431
Fast encoder pretraining completed successfully!
Results saved in: /workspace/runs/20250722_172209_fast_training/
Job completed. Check logs and WandB dashboard for results.
Job completed. Results saved in: /work/jh210022o/q25030/LatentGraphDiffusion/runs/20250722_172209_fast_training
Check WandB dashboard: https://wandb.ai/shokuno-the-university-of-tokyo/LatentGraphDiffusion-ZINC
