{"epoch": 0, "time_epoch": 27.10185, "time_epoch_std": 0.0, "eta": 0.0, "eta_std": 0.0, "eta_hours": 0.0, "eta_hours_std": 0.0, "loss": 304.06041, "loss_std": 0.0, "lr": 0.0, "lr_std": 0.0, "params": 892314.0, "params_std": 0.0, "time_iter": 0.17262, "time_iter_std": 0.0, "mae": 304.06039, "mae_std": 0.0, "r2": -25244.27948, "r2_std": 0.0, "spearmanr": -0.24977, "spearmanr_std": 0.0, "mse": 102076.6875, "mse_std": 0.0, "rmse": 319.49442, "rmse_std": 0.0}
