{"epoch": 0, "time_epoch": 27.10185, "eta": 0.0, "eta_hours": 0.0, "loss": 304.06041201, "lr": 0.0, "params": 892314, "time_iter": 0.17262, "mae": 304.06039, "r2": -25244.27948, "spearmanr": -0.24977, "mse": 102076.6875, "rmse": 319.49442}
